model,resolved_model,reasoning,dialect,family,modality,difficulty,reasoning_subset,protocol,n,valid,correct,input_tokens,output_tokens,reasoning_tokens,cost_usd,latency_ms,accuracy,accuracy_ci_low,accuracy_ci_high,valid_rate
deepseek/deepseek-v4-flash-0731,deepseek/deepseek-v4-flash-20260731,off,biopolymer.rna-dotbracket-filler-v1,biopolymer,text,1. easy,False,reduce-infer-v1,4,4,4,632,32,0,0.000039936,2345.73,1.0,0.5101091635454027,1.0,1.0
deepseek/deepseek-v4-flash-0731,deepseek/deepseek-v4-flash-20260731,off,biopolymer.rna-dotbracket-filler-v1,biopolymer,text,1. easy,False,reduce-taught-v1,4,4,4,692,32,0,0.000044736,2377.047,1.0,0.5101091635454027,1.0,1.0
deepseek/deepseek-v4-flash-0731,deepseek/deepseek-v4-flash-20260731,off,biopolymer.rna-dotbracket-filler-v1,biopolymer,text,1. easy,True,reduce-infer-v1,4,4,1,628,31,0,0.000039436,21078.465,0.25,0.04558726080970055,0.6993581574175981,1.0
deepseek/deepseek-v4-flash-0731,deepseek/deepseek-v4-flash-20260731,off,biopolymer.rna-dotbracket-filler-v1,biopolymer,text,1. easy,True,reduce-taught-v1,4,4,1,688,31,0,0.000044236,11561.592999999999,0.25,0.04558726080970055,0.6993581574175981,1.0
deepseek/deepseek-v4-flash-0731,deepseek/deepseek-v4-flash-20260731,off,biopolymer.rna-dotbracket-filler-v1,biopolymer,text,2. medium,False,reduce-infer-v1,4,4,1,802,31,0,0.000053356,3700.991,0.25,0.04558726080970055,0.6993581574175981,1.0
deepseek/deepseek-v4-flash-0731,deepseek/deepseek-v4-flash-20260731,off,biopolymer.rna-dotbracket-filler-v1,biopolymer,text,2. medium,False,reduce-taught-v1,4,4,0,862,28,0,0.000057616,19467.069000000003,0.0,0.0,0.4898908364545973,1.0
deepseek/deepseek-v4-flash-0731,deepseek/deepseek-v4-flash-20260731,off,biopolymer.rna-dotbracket-filler-v1,biopolymer,text,2. medium,True,reduce-infer-v1,4,4,2,778,30,0,0.000051256,5550.2390000000005,0.5,0.15003898915214947,0.8499610108478506,1.0
deepseek/deepseek-v4-flash-0731,deepseek/deepseek-v4-flash-20260731,off,biopolymer.rna-dotbracket-filler-v1,biopolymer,text,2. medium,True,reduce-taught-v1,4,4,3,838,29,0,0.000055876,4106.454,0.75,0.30064184258240184,0.9544127391902995,1.0
deepseek/deepseek-v4-flash-0731,deepseek/deepseek-v4-flash-20260731,off,biopolymer.rna-dotbracket-filler-v1,biopolymer,text,3. hard,False,reduce-infer-v1,4,4,2,1002,27,0,0.000068636,10398.245,0.5,0.15003898915214947,0.8499610108478506,1.0
deepseek/deepseek-v4-flash-0731,deepseek/deepseek-v4-flash-20260731,off,biopolymer.rna-dotbracket-filler-v1,biopolymer,text,3. hard,False,reduce-taught-v1,4,4,2,1062,30,0,0.000073976,13973.984,0.5,0.15003898915214947,0.8499610108478506,1.0
deepseek/deepseek-v4-flash-0731,deepseek/deepseek-v4-flash-20260731,off,biopolymer.rna-dotbracket-filler-v1,biopolymer,text,3. hard,True,reduce-infer-v1,4,4,2,1012,27,0,0.000069436,10171.58,0.5,0.15003898915214947,0.8499610108478506,1.0
deepseek/deepseek-v4-flash-0731,deepseek/deepseek-v4-flash-20260731,off,biopolymer.rna-dotbracket-filler-v1,biopolymer,text,3. hard,True,reduce-taught-v1,4,4,0,1072,32,0,0.000075136,3992.901,0.0,0.0,0.4898908364545973,1.0
deepseek/deepseek-v4-flash-0731,deepseek/deepseek-v4-flash-20260731,off,biopolymer.rna-dotbracket-filler-v1,biopolymer,text,4. lunatic,False,reduce-infer-v1,4,4,3,1102,30,0,0.000077176,4634.7919999999995,0.75,0.30064184258240184,0.9544127391902995,1.0
deepseek/deepseek-v4-flash-0731,deepseek/deepseek-v4-flash-20260731,off,biopolymer.rna-dotbracket-filler-v1,biopolymer,text,4. lunatic,False,reduce-taught-v1,4,4,3,1162,31,0,0.000082156,9904.243999999999,0.75,0.30064184258240184,0.9544127391902995,1.0
deepseek/deepseek-v4-flash-0731,deepseek/deepseek-v4-flash-20260731,off,biopolymer.rna-dotbracket-filler-v1,biopolymer,text,4. lunatic,True,reduce-infer-v1,4,4,2,1108,27,0,0.000077116,11689.408,0.5,0.15003898915214947,0.8499610108478506,1.0
deepseek/deepseek-v4-flash-0731,deepseek/deepseek-v4-flash-20260731,off,biopolymer.rna-dotbracket-filler-v1,biopolymer,text,4. lunatic,True,reduce-taught-v1,4,4,1,1168,31,0,0.000082636,10643.099,0.25,0.04558726080970055,0.6993581574175981,1.0
deepseek/deepseek-v4-flash-0731,deepseek/deepseek-v4-flash-20260731,off,biopolymer.rna-dotbracket-filler-v1,biopolymer,text,5. extra,False,reduce-infer-v1,4,4,2,1158,29,0,0.000081476,23722.712000000003,0.5,0.15003898915214947,0.8499610108478506,1.0
deepseek/deepseek-v4-flash-0731,deepseek/deepseek-v4-flash-20260731,off,biopolymer.rna-dotbracket-filler-v1,biopolymer,text,5. extra,False,reduce-taught-v1,4,4,1,1218,29,0,0.000086276,7703.977,0.25,0.04558726080970055,0.6993581574175981,1.0
deepseek/deepseek-v4-flash-0731,deepseek/deepseek-v4-flash-20260731,off,biopolymer.rna-dotbracket-filler-v1,biopolymer,text,5. extra,True,reduce-infer-v1,4,4,1,1170,29,0,0.000082436,11108.391,0.25,0.04558726080970055,0.6993581574175981,1.0
deepseek/deepseek-v4-flash-0731,deepseek/deepseek-v4-flash-20260731,off,biopolymer.rna-dotbracket-filler-v1,biopolymer,text,5. extra,True,reduce-taught-v1,4,4,0,1230,32,0,0.000087776,9482.273,0.0,0.0,0.4898908364545973,1.0
deepseek/deepseek-v4-flash-0731,deepseek/deepseek-v4-flash-20260731,off,biopolymer.rna-dotbracket-plain-v1,biopolymer,text,1. easy,False,reduce-infer-v1,4,4,3,604,31,0,0.000037516,5042.973,0.75,0.30064184258240184,0.9544127391902995,1.0
deepseek/deepseek-v4-flash-0731,deepseek/deepseek-v4-flash-20260731,off,biopolymer.rna-dotbracket-plain-v1,biopolymer,text,1. easy,False,reduce-taught-v1,4,4,2,664,30,0,0.000042136,3777.313,0.5,0.15003898915214947,0.8499610108478506,1.0
deepseek/deepseek-v4-flash-0731,deepseek/deepseek-v4-flash-20260731,off,biopolymer.rna-dotbracket-plain-v1,biopolymer,text,1. easy,True,reduce-infer-v1,4,4,0,604,32,0,0.000037696,2190.007,0.0,0.0,0.4898908364545973,1.0
deepseek/deepseek-v4-flash-0731,deepseek/deepseek-v4-flash-20260731,off,biopolymer.rna-dotbracket-plain-v1,biopolymer,text,1. easy,True,reduce-taught-v1,4,4,0,664,32,0,0.000042496,2397.296,0.0,0.0,0.4898908364545973,1.0
deepseek/deepseek-v4-flash-0731,deepseek/deepseek-v4-flash-20260731,off,biopolymer.rna-dotbracket-plain-v1,biopolymer,text,2. medium,False,reduce-infer-v1,4,4,2,740,30,0,0.000048216,6634.83,0.5,0.15003898915214947,0.8499610108478506,1.0
deepseek/deepseek-v4-flash-0731,deepseek/deepseek-v4-flash-20260731,off,biopolymer.rna-dotbracket-plain-v1,biopolymer,text,2. medium,False,reduce-taught-v1,4,4,1,800,28,0,0.000052656,4606.009,0.25,0.04558726080970055,0.6993581574175981,1.0
deepseek/deepseek-v4-flash-0731,deepseek/deepseek-v4-flash-20260731,off,biopolymer.rna-dotbracket-plain-v1,biopolymer,text,2. medium,True,reduce-infer-v1,4,4,2,720,30,0,0.000046616,3499.837,0.5,0.15003898915214947,0.8499610108478506,1.0
deepseek/deepseek-v4-flash-0731,deepseek/deepseek-v4-flash-20260731,off,biopolymer.rna-dotbracket-plain-v1,biopolymer,text,2. medium,True,reduce-taught-v1,4,4,1,780,31,0,0.000051596,5744.671,0.25,0.04558726080970055,0.6993581574175981,1.0
deepseek/deepseek-v4-flash-0731,deepseek/deepseek-v4-flash-20260731,off,biopolymer.rna-dotbracket-plain-v1,biopolymer,text,3. hard,False,reduce-infer-v1,4,4,0,880,34,0,0.000060136,16145.824,0.0,0.0,0.4898908364545973,1.0
deepseek/deepseek-v4-flash-0731,deepseek/deepseek-v4-flash-20260731,off,biopolymer.rna-dotbracket-plain-v1,biopolymer,text,3. hard,False,reduce-taught-v1,4,4,0,940,28,0,0.000063856,5746.976,0.0,0.0,0.4898908364545973,1.0
deepseek/deepseek-v4-flash-0731,deepseek/deepseek-v4-flash-20260731,off,biopolymer.rna-dotbracket-plain-v1,biopolymer,text,3. hard,True,reduce-infer-v1,4,4,4,880,31,0,0.000059596,8794.101999999999,1.0,0.5101091635454027,1.0,1.0
deepseek/deepseek-v4-flash-0731,deepseek/deepseek-v4-flash-20260731,off,biopolymer.rna-dotbracket-plain-v1,biopolymer,text,3. hard,True,reduce-taught-v1,4,4,4,940,27,0,0.000063676,5671.99,1.0,0.5101091635454027,1.0,1.0
deepseek/deepseek-v4-flash-0731,deepseek/deepseek-v4-flash-20260731,off,biopolymer.rna-dotbracket-plain-v1,biopolymer,text,4. lunatic,False,reduce-infer-v1,4,4,2,960,28,0,0.000065456,9788.535,0.5,0.15003898915214947,0.8499610108478506,1.0
deepseek/deepseek-v4-flash-0731,deepseek/deepseek-v4-flash-20260731,off,biopolymer.rna-dotbracket-plain-v1,biopolymer,text,4. lunatic,False,reduce-taught-v1,4,4,2,1020,30,0,0.000070616,7665.406000000001,0.5,0.15003898915214947,0.8499610108478506,1.0
deepseek/deepseek-v4-flash-0731,deepseek/deepseek-v4-flash-20260731,off,biopolymer.rna-dotbracket-plain-v1,biopolymer,text,4. lunatic,True,reduce-infer-v1,4,4,2,960,29,0,0.000065636,13282.672,0.5,0.15003898915214947,0.8499610108478506,1.0
deepseek/deepseek-v4-flash-0731,deepseek/deepseek-v4-flash-20260731,off,biopolymer.rna-dotbracket-plain-v1,biopolymer,text,4. lunatic,True,reduce-taught-v1,4,4,1,1020,31,0,0.000070796,16024.28,0.25,0.04558726080970055,0.6993581574175981,1.0
deepseek/deepseek-v4-flash-0731,deepseek/deepseek-v4-flash-20260731,off,biopolymer.rna-dotbracket-plain-v1,biopolymer,text,5. extra,False,reduce-infer-v1,4,4,2,1040,29,0,0.000072036,11743.541,0.5,0.15003898915214947,0.8499610108478506,1.0
deepseek/deepseek-v4-flash-0731,deepseek/deepseek-v4-flash-20260731,off,biopolymer.rna-dotbracket-plain-v1,biopolymer,text,5. extra,False,reduce-taught-v1,4,4,3,1100,31,0,0.000077196,10061.973000000002,0.75,0.30064184258240184,0.9544127391902995,1.0
deepseek/deepseek-v4-flash-0731,deepseek/deepseek-v4-flash-20260731,off,biopolymer.rna-dotbracket-plain-v1,biopolymer,text,5. extra,True,reduce-infer-v1,4,4,3,1040,29,0,0.000072036,9924.65,0.75,0.30064184258240184,0.9544127391902995,1.0
deepseek/deepseek-v4-flash-0731,deepseek/deepseek-v4-flash-20260731,off,biopolymer.rna-dotbracket-plain-v1,biopolymer,text,5. extra,True,reduce-taught-v1,4,4,0,1100,32,0,0.000077376,8293.697,0.0,0.0,0.4898908364545973,1.0
deepseek/deepseek-v4-flash-0731,deepseek/deepseek-v4-flash-20260731,off,embedding.center-clause-jitter-v1,embedding,text,1. easy,False,reduce-infer-v1,4,4,3,614,31,0,0.000038316,3754.262,0.75,0.30064184258240184,0.9544127391902995,1.0
deepseek/deepseek-v4-flash-0731,deepseek/deepseek-v4-flash-20260731,off,embedding.center-clause-jitter-v1,embedding,text,1. easy,False,reduce-taught-v1,4,4,4,678,32,0,0.000043616,3882.197,1.0,0.5101091635454027,1.0,1.0
deepseek/deepseek-v4-flash-0731,deepseek/deepseek-v4-flash-20260731,off,embedding.center-clause-jitter-v1,embedding,text,1. easy,True,reduce-infer-v1,4,4,0,611,32,0,0.000040304,4833.109,0.0,0.0,0.4898908364545973,1.0
deepseek/deepseek-v4-flash-0731,deepseek/deepseek-v4-flash-20260731,off,embedding.center-clause-jitter-v1,embedding,text,1. easy,True,reduce-taught-v1,4,4,1,675,31,0,0.000043196,3247.4779999999996,0.25,0.04558726080970055,0.6993581574175981,1.0
deepseek/deepseek-v4-flash-0731,deepseek/deepseek-v4-flash-20260731,off,embedding.center-clause-jitter-v1,embedding,text,2. medium,False,reduce-infer-v1,4,4,4,792,32,0,0.000052736,6138.091,1.0,0.5101091635454027,1.0,1.0
deepseek/deepseek-v4-flash-0731,deepseek/deepseek-v4-flash-20260731,off,embedding.center-clause-jitter-v1,embedding,text,2. medium,False,reduce-taught-v1,4,4,1,856,28,0,0.000057136,5411.8330000000005,0.25,0.04558726080970055,0.6993581574175981,1.0
deepseek/deepseek-v4-flash-0731,deepseek/deepseek-v4-flash-20260731,off,embedding.center-clause-jitter-v1,embedding,text,2. medium,True,reduce-infer-v1,4,4,0,756,32,0,0.000049856,2404.971,0.0,0.0,0.4898908364545973,1.0
deepseek/deepseek-v4-flash-0731,deepseek/deepseek-v4-flash-20260731,off,embedding.center-clause-jitter-v1,embedding,text,2. medium,True,reduce-taught-v1,4,4,0,820,32,0,0.000054976,2569.668,0.0,0.0,0.4898908364545973,1.0
deepseek/deepseek-v4-flash-0731,deepseek/deepseek-v4-flash-20260731,off,embedding.center-clause-jitter-v1,embedding,text,3. hard,False,reduce-infer-v1,4,4,4,951,32,0,0.000065456,9146.227,1.0,0.5101091635454027,1.0,1.0
deepseek/deepseek-v4-flash-0731,deepseek/deepseek-v4-flash-20260731,off,embedding.center-clause-jitter-v1,embedding,text,3. hard,False,reduce-taught-v1,4,4,3,1015,30,0,0.000070216,8090.4490000000005,0.75,0.30064184258240184,0.9544127391902995,1.0
deepseek/deepseek-v4-flash-0731,deepseek/deepseek-v4-flash-20260731,off,embedding.center-clause-jitter-v1,embedding,text,3. hard,True,reduce-infer-v1,4,4,2,945,28,0,0.000064256,10335.305,0.5,0.15003898915214947,0.8499610108478506,1.0
deepseek/deepseek-v4-flash-0731,deepseek/deepseek-v4-flash-20260731,off,embedding.center-clause-jitter-v1,embedding,text,3. hard,True,reduce-taught-v1,4,4,3,1009,29,0,0.000069556,35384.740999999995,0.75,0.30064184258240184,0.9544127391902995,1.0
deepseek/deepseek-v4-flash-0731,deepseek/deepseek-v4-flash-20260731,off,embedding.center-clause-jitter-v1,embedding,text,4. lunatic,False,reduce-infer-v1,4,4,2,1032,27,0,0.000071036,13101.738000000001,0.5,0.15003898915214947,0.8499610108478506,1.0
deepseek/deepseek-v4-flash-0731,deepseek/deepseek-v4-flash-20260731,off,embedding.center-clause-jitter-v1,embedding,text,4. lunatic,False,reduce-taught-v1,4,4,3,1096,29,0,0.000076516,6479.9130000000005,0.75,0.30064184258240184,0.9544127391902995,1.0
deepseek/deepseek-v4-flash-0731,deepseek/deepseek-v4-flash-20260731,off,embedding.center-clause-jitter-v1,embedding,text,4. lunatic,True,reduce-infer-v1,4,4,3,1016,26,0,0.000069576,23095.398,0.75,0.30064184258240184,0.9544127391902995,1.0
deepseek/deepseek-v4-flash-0731,deepseek/deepseek-v4-flash-20260731,off,embedding.center-clause-jitter-v1,embedding,text,4. lunatic,True,reduce-taught-v1,4,4,1,1080,30,0,0.000075416,16168.401,0.25,0.04558726080970055,0.6993581574175981,1.0
deepseek/deepseek-v4-flash-0731,deepseek/deepseek-v4-flash-20260731,off,embedding.center-clause-jitter-v1,embedding,text,5. extra,False,reduce-infer-v1,4,4,0,1157,25,0,0.000080676,12207.861,0.0,0.0,0.4898908364545973,1.0
deepseek/deepseek-v4-flash-0731,deepseek/deepseek-v4-flash-20260731,off,embedding.center-clause-jitter-v1,embedding,text,5. extra,False,reduce-taught-v1,4,4,2,1221,28,0,0.000086336,7086.454,0.5,0.15003898915214947,0.8499610108478506,1.0
deepseek/deepseek-v4-flash-0731,deepseek/deepseek-v4-flash-20260731,off,embedding.center-clause-jitter-v1,embedding,text,5. extra,True,reduce-infer-v1,4,4,1,1166,29,0,0.000082116,9784.262,0.25,0.04558726080970055,0.6993581574175981,1.0
deepseek/deepseek-v4-flash-0731,deepseek/deepseek-v4-flash-20260731,off,embedding.center-clause-jitter-v1,embedding,text,5. extra,True,reduce-taught-v1,4,4,2,1230,28,0,0.000087056,9491.399,0.5,0.15003898915214947,0.8499610108478506,1.0
deepseek/deepseek-v4-flash-0731,deepseek/deepseek-v4-flash-20260731,off,embedding.center-clause-plain-v1,embedding,text,1. easy,False,reduce-infer-v1,4,4,4,614,32,0,0.000038496,3138.3230000000003,1.0,0.5101091635454027,1.0,1.0
deepseek/deepseek-v4-flash-0731,deepseek/deepseek-v4-flash-20260731,off,embedding.center-clause-plain-v1,embedding,text,1. easy,False,reduce-taught-v1,4,4,4,678,32,0,0.000043616,4019.9839999999995,1.0,0.5101091635454027,1.0,1.0
deepseek/deepseek-v4-flash-0731,deepseek/deepseek-v4-flash-20260731,off,embedding.center-clause-plain-v1,embedding,text,1. easy,True,reduce-infer-v1,4,4,1,611,31,0,0.000040124,3376.142,0.25,0.04558726080970055,0.6993581574175981,1.0
deepseek/deepseek-v4-flash-0731,deepseek/deepseek-v4-flash-20260731,off,embedding.center-clause-plain-v1,embedding,text,1. easy,True,reduce-taught-v1,4,4,2,675,30,0,0.000043016,3683.1710000000003,0.5,0.15003898915214947,0.8499610108478506,1.0
deepseek/deepseek-v4-flash-0731,deepseek/deepseek-v4-flash-20260731,off,embedding.center-clause-plain-v1,embedding,text,2. medium,False,reduce-infer-v1,4,4,2,792,29,0,0.000052196,7010.433999999999,0.5,0.15003898915214947,0.8499610108478506,1.0
deepseek/deepseek-v4-flash-0731,deepseek/deepseek-v4-flash-20260731,off,embedding.center-clause-plain-v1,embedding,text,2. medium,False,reduce-taught-v1,4,4,1,856,29,0,0.000057316,4597.634999999999,0.25,0.04558726080970055,0.6993581574175981,1.0
deepseek/deepseek-v4-flash-0731,deepseek/deepseek-v4-flash-20260731,off,embedding.center-clause-plain-v1,embedding,text,2. medium,True,reduce-infer-v1,4,4,2,756,30,0,0.000049496,2372.577,0.5,0.15003898915214947,0.8499610108478506,1.0
deepseek/deepseek-v4-flash-0731,deepseek/deepseek-v4-flash-20260731,off,embedding.center-clause-plain-v1,embedding,text,2. medium,True,reduce-taught-v1,4,4,4,820,28,0,0.000054256,2097.337,1.0,0.5101091635454027,1.0,1.0
deepseek/deepseek-v4-flash-0731,deepseek/deepseek-v4-flash-20260731,off,embedding.center-clause-plain-v1,embedding,text,3. hard,False,reduce-infer-v1,4,4,1,951,29,0,0.000064916,11879.219000000001,0.25,0.04558726080970055,0.6993581574175981,1.0
deepseek/deepseek-v4-flash-0731,deepseek/deepseek-v4-flash-20260731,off,embedding.center-clause-plain-v1,embedding,text,3. hard,False,reduce-taught-v1,4,4,1,1015,28,0,0.000069856,14723.757,0.25,0.04558726080970055,0.6993581574175981,1.0
deepseek/deepseek-v4-flash-0731,deepseek/deepseek-v4-flash-20260731,off,embedding.center-clause-plain-v1,embedding,text,3. hard,True,reduce-infer-v1,4,4,3,945,28,0,0.000064256,6301.1630000000005,0.75,0.30064184258240184,0.9544127391902995,1.0
deepseek/deepseek-v4-flash-0731,deepseek/deepseek-v4-flash-20260731,off,embedding.center-clause-plain-v1,embedding,text,3. hard,True,reduce-taught-v1,4,4,3,1009,27,0,0.000069196,5465.251,0.75,0.30064184258240184,0.9544127391902995,1.0
deepseek/deepseek-v4-flash-0731,deepseek/deepseek-v4-flash-20260731,off,embedding.center-clause-plain-v1,embedding,text,4. lunatic,False,reduce-infer-v1,4,4,1,1032,25,0,0.000070676,6305.004,0.25,0.04558726080970055,0.6993581574175981,1.0
deepseek/deepseek-v4-flash-0731,deepseek/deepseek-v4-flash-20260731,off,embedding.center-clause-plain-v1,embedding,text,4. lunatic,False,reduce-taught-v1,4,4,3,1096,29,0,0.000076516,7774.532,0.75,0.30064184258240184,0.9544127391902995,1.0
deepseek/deepseek-v4-flash-0731,deepseek/deepseek-v4-flash-20260731,off,embedding.center-clause-plain-v1,embedding,text,4. lunatic,True,reduce-infer-v1,4,4,2,1016,28,0,0.000069936,9004.836,0.5,0.15003898915214947,0.8499610108478506,1.0
deepseek/deepseek-v4-flash-0731,deepseek/deepseek-v4-flash-20260731,off,embedding.center-clause-plain-v1,embedding,text,4. lunatic,True,reduce-taught-v1,4,4,3,1080,26,0,0.000074696,7948.371999999999,0.75,0.30064184258240184,0.9544127391902995,1.0
deepseek/deepseek-v4-flash-0731,deepseek/deepseek-v4-flash-20260731,off,embedding.center-clause-plain-v1,embedding,text,5. extra,False,reduce-infer-v1,4,4,1,1157,26,0,0.000080856,14712.348000000002,0.25,0.04558726080970055,0.6993581574175981,1.0
deepseek/deepseek-v4-flash-0731,deepseek/deepseek-v4-flash-20260731,off,embedding.center-clause-plain-v1,embedding,text,5. extra,False,reduce-taught-v1,4,4,0,1221,25,0,0.000085796,10152.825,0.0,0.0,0.4898908364545973,1.0
deepseek/deepseek-v4-flash-0731,deepseek/deepseek-v4-flash-20260731,off,embedding.center-clause-plain-v1,embedding,text,5. extra,True,reduce-infer-v1,4,4,4,1166,24,0,0.000081216,8123.610000000001,1.0,0.5101091635454027,1.0,1.0
deepseek/deepseek-v4-flash-0731,deepseek/deepseek-v4-flash-20260731,off,embedding.center-clause-plain-v1,embedding,text,5. extra,True,reduce-taught-v1,4,4,4,1230,24,0,0.000086336,26256.664,1.0,0.5101091635454027,1.0,1.0
deepseek/deepseek-v4-flash-0731,deepseek/deepseek-v4-flash-20260731,off,parens.jitter-v1,parens,text,1. easy,False,reduce-infer-v1,4,4,3,496,31,0,0.000037068,3846.501,0.75,0.30064184258240184,0.9544127391902995,1.0
deepseek/deepseek-v4-flash-0731,deepseek/deepseek-v4-flash-20260731,off,parens.jitter-v1,parens,text,1. easy,False,reduce-taught-v1,4,4,3,556,31,0,0.000033676,2046.323,0.75,0.30064184258240184,0.9544127391902995,1.0
deepseek/deepseek-v4-flash-0731,deepseek/deepseek-v4-flash-20260731,off,parens.jitter-v1,parens,text,1. easy,True,reduce-infer-v1,4,4,0,493,31,0,0.000034780,5254.752999999999,0.0,0.0,0.4898908364545973,1.0
deepseek/deepseek-v4-flash-0731,deepseek/deepseek-v4-flash-20260731,off,parens.jitter-v1,parens,text,1. easy,True,reduce-taught-v1,4,4,1,553,31,0,0.000033436,60723.88100000001,0.25,0.04558726080970055,0.6993581574175981,1.0
deepseek/deepseek-v4-flash-0731,deepseek/deepseek-v4-flash-20260731,off,parens.jitter-v1,parens,text,2. medium,False,reduce-infer-v1,4,4,4,541,31,0,0.000032476,6414.503000000001,1.0,0.5101091635454027,1.0,1.0
deepseek/deepseek-v4-flash-0731,deepseek/deepseek-v4-flash-20260731,off,parens.jitter-v1,parens,text,2. medium,False,reduce-taught-v1,4,4,4,601,32,0,0.000037456,5369.357,1.0,0.5101091635454027,1.0,1.0
deepseek/deepseek-v4-flash-0731,deepseek/deepseek-v4-flash-20260731,off,parens.jitter-v1,parens,text,2. medium,True,reduce-infer-v1,4,4,3,529,29,0,0.000033204,5145.773,0.75,0.30064184258240184,0.9544127391902995,1.0
deepseek/deepseek-v4-flash-0731,deepseek/deepseek-v4-flash-20260731,off,parens.jitter-v1,parens,text,2. medium,True,reduce-taught-v1,4,4,1,589,31,0,0.000036316,3907.919,0.25,0.04558726080970055,0.6993581574175981,1.0
deepseek/deepseek-v4-flash-0731,deepseek/deepseek-v4-flash-20260731,off,parens.jitter-v1,parens,text,3. hard,False,reduce-infer-v1,4,4,2,570,30,0,0.000034616,12028.707,0.5,0.15003898915214947,0.8499610108478506,1.0
deepseek/deepseek-v4-flash-0731,deepseek/deepseek-v4-flash-20260731,off,parens.jitter-v1,parens,text,3. hard,False,reduce-taught-v1,4,4,2,630,29,0,0.000039236,9319.611,0.5,0.15003898915214947,0.8499610108478506,1.0
deepseek/deepseek-v4-flash-0731,deepseek/deepseek-v4-flash-20260731,off,parens.jitter-v1,parens,text,3. hard,True,reduce-infer-v1,4,4,1,569,30,0,0.000034536,8141.632,0.25,0.04558726080970055,0.6993581574175981,1.0
deepseek/deepseek-v4-flash-0731,deepseek/deepseek-v4-flash-20260731,off,parens.jitter-v1,parens,text,3. hard,True,reduce-taught-v1,4,4,2,629,30,0,0.000039336,6719.917000000001,0.5,0.15003898915214947,0.8499610108478506,1.0
deepseek/deepseek-v4-flash-0731,deepseek/deepseek-v4-flash-20260731,off,parens.jitter-v1,parens,text,4. lunatic,False,reduce-infer-v1,4,4,4,595,32,0,0.000036976,15895.259,1.0,0.5101091635454027,1.0,1.0
deepseek/deepseek-v4-flash-0731,deepseek/deepseek-v4-flash-20260731,off,parens.jitter-v1,parens,text,4. lunatic,False,reduce-taught-v1,4,4,4,655,31,0,0.000041596,19684.096000000005,1.0,0.5101091635454027,1.0,1.0
deepseek/deepseek-v4-flash-0731,deepseek/deepseek-v4-flash-20260731,off,parens.jitter-v1,parens,text,4. lunatic,True,reduce-infer-v1,4,4,0,597,31,0,0.000036956,14727.107,0.0,0.0,0.4898908364545973,1.0
deepseek/deepseek-v4-flash-0731,deepseek/deepseek-v4-flash-20260731,off,parens.jitter-v1,parens,text,4. lunatic,True,reduce-taught-v1,4,4,0,657,32,0,0.000041936,6395.505,0.0,0.0,0.4898908364545973,1.0
deepseek/deepseek-v4-flash-0731,deepseek/deepseek-v4-flash-20260731,off,parens.jitter-v1,parens,text,5. extra,False,reduce-infer-v1,4,4,3,619,30,0,0.000038536,9954.117,0.75,0.30064184258240184,0.9544127391902995,1.0
deepseek/deepseek-v4-flash-0731,deepseek/deepseek-v4-flash-20260731,off,parens.jitter-v1,parens,text,5. extra,False,reduce-taught-v1,4,4,4,679,31,0,0.000043516,8256.594,1.0,0.5101091635454027,1.0,1.0
deepseek/deepseek-v4-flash-0731,deepseek/deepseek-v4-flash-20260731,off,parens.jitter-v1,parens,text,5. extra,True,reduce-infer-v1,4,4,2,625,29,0,0.000038836,16915.295000000002,0.5,0.15003898915214947,0.8499610108478506,1.0
deepseek/deepseek-v4-flash-0731,deepseek/deepseek-v4-flash-20260731,off,parens.jitter-v1,parens,text,5. extra,True,reduce-taught-v1,4,4,1,685,29,0,0.000043636,7850.514999999999,0.25,0.04558726080970055,0.6993581574175981,1.0
deepseek/deepseek-v4-flash-0731,deepseek/deepseek-v4-flash-20260731,off,parens.noisy-mismatched-v1,parens,text,1. easy,False,reduce-infer-v1,4,4,2,521,29,0,0.000032564,3937.9300000000003,0.5,0.15003898915214947,0.8499610108478506,1.0
deepseek/deepseek-v4-flash-0731,deepseek/deepseek-v4-flash-20260731,off,parens.noisy-mismatched-v1,parens,text,1. easy,False,reduce-taught-v1,4,4,0,581,28,0,0.000035136,2387.843,0.0,0.0,0.4898908364545973,1.0
deepseek/deepseek-v4-flash-0731,deepseek/deepseek-v4-flash-20260731,off,parens.noisy-mismatched-v1,parens,text,1. easy,True,reduce-infer-v1,4,4,0,522,31,0,0.000033004,4959.2339999999995,0.0,0.0,0.4898908364545973,1.0
deepseek/deepseek-v4-flash-0731,deepseek/deepseek-v4-flash-20260731,off,parens.noisy-mismatched-v1,parens,text,1. easy,True,reduce-taught-v1,4,4,2,582,30,0,0.000035576,2576.181,0.5,0.15003898915214947,0.8499610108478506,1.0
deepseek/deepseek-v4-flash-0731,deepseek/deepseek-v4-flash-20260731,off,parens.noisy-mismatched-v1,parens,text,2. medium,False,reduce-infer-v1,4,4,2,585,30,0,0.000035816,5167.738,0.5,0.15003898915214947,0.8499610108478506,1.0
deepseek/deepseek-v4-flash-0731,deepseek/deepseek-v4-flash-20260731,off,parens.noisy-mismatched-v1,parens,text,2. medium,False,reduce-taught-v1,4,4,2,645,30,0,0.000040616,4089.553,0.5,0.15003898915214947,0.8499610108478506,1.0
deepseek/deepseek-v4-flash-0731,deepseek/deepseek-v4-flash-20260731,off,parens.noisy-mismatched-v1,parens,text,2. medium,True,reduce-infer-v1,4,4,2,575,30,0,0.000035016,5434.995,0.5,0.15003898915214947,0.8499610108478506,1.0
deepseek/deepseek-v4-flash-0731,deepseek/deepseek-v4-flash-20260731,off,parens.noisy-mismatched-v1,parens,text,2. medium,True,reduce-taught-v1,4,4,1,635,31,0,0.000039996,9295.001,0.25,0.04558726080970055,0.6993581574175981,1.0
deepseek/deepseek-v4-flash-0731,deepseek/deepseek-v4-flash-20260731,off,parens.noisy-mismatched-v1,parens,text,3. hard,False,reduce-infer-v1,4,4,3,645,31,0,0.000040796,9109.153,0.75,0.30064184258240184,0.9544127391902995,1.0
deepseek/deepseek-v4-flash-0731,deepseek/deepseek-v4-flash-20260731,off,parens.noisy-mismatched-v1,parens,text,3. hard,False,reduce-taught-v1,4,4,1,705,29,0,0.000045236,16635.061999999998,0.25,0.04558726080970055,0.6993581574175981,1.0
deepseek/deepseek-v4-flash-0731,deepseek/deepseek-v4-flash-20260731,off,parens.noisy-mismatched-v1,parens,text,3. hard,True,reduce-infer-v1,4,4,4,650,28,0,0.000040656,31729.068,1.0,0.5101091635454027,1.0,1.0
deepseek/deepseek-v4-flash-0731,deepseek/deepseek-v4-flash-20260731,off,parens.noisy-mismatched-v1,parens,text,3. hard,True,reduce-taught-v1,4,4,2,710,30,0,0.000045816,6666.642999999999,0.5,0.15003898915214947,0.8499610108478506,1.0
deepseek/deepseek-v4-flash-0731,deepseek/deepseek-v4-flash-20260731,off,parens.noisy-mismatched-v1,parens,text,4. lunatic,False,reduce-infer-v1,4,4,3,685,31,0,0.000043996,10009.171,0.75,0.30064184258240184,0.9544127391902995,1.0
deepseek/deepseek-v4-flash-0731,deepseek/deepseek-v4-flash-20260731,off,parens.noisy-mismatched-v1,parens,text,4. lunatic,False,reduce-taught-v1,4,4,1,745,29,0,0.000048436,7883.245999999999,0.25,0.04558726080970055,0.6993581574175981,1.0
deepseek/deepseek-v4-flash-0731,deepseek/deepseek-v4-flash-20260731,off,parens.noisy-mismatched-v1,parens,text,4. lunatic,True,reduce-infer-v1,4,4,3,685,29,0,0.000043636,5040.782999999999,0.75,0.30064184258240184,0.9544127391902995,1.0
deepseek/deepseek-v4-flash-0731,deepseek/deepseek-v4-flash-20260731,off,parens.noisy-mismatched-v1,parens,text,4. lunatic,True,reduce-taught-v1,4,4,4,745,28,0,0.000048256,8375.125000000002,1.0,0.5101091635454027,1.0,1.0
deepseek/deepseek-v4-flash-0731,deepseek/deepseek-v4-flash-20260731,off,parens.noisy-mismatched-v1,parens,text,5. extra,False,reduce-infer-v1,4,4,2,726,30,0,0.000047096,10455.137,0.5,0.15003898915214947,0.8499610108478506,1.0
deepseek/deepseek-v4-flash-0731,deepseek/deepseek-v4-flash-20260731,off,parens.noisy-mismatched-v1,parens,text,5. extra,False,reduce-taught-v1,4,4,0,786,27,0,0.000051356,7531.182000000001,0.0,0.0,0.4898908364545973,1.0
deepseek/deepseek-v4-flash-0731,deepseek/deepseek-v4-flash-20260731,off,parens.noisy-mismatched-v1,parens,text,5. extra,True,reduce-infer-v1,4,4,4,724,28,0,0.000046576,11025.002,1.0,0.5101091635454027,1.0,1.0
deepseek/deepseek-v4-flash-0731,deepseek/deepseek-v4-flash-20260731,off,parens.noisy-mismatched-v1,parens,text,5. extra,True,reduce-taught-v1,4,4,4,784,28,0,0.000051376,8111.258,1.0,0.5101091635454027,1.0,1.0
deepseek/deepseek-v4-flash-0731,deepseek/deepseek-v4-flash-20260731,off,parens.noisy-v1,parens,text,1. easy,False,reduce-infer-v1,4,4,2,508,28,0,0.000033392,2992.407,0.5,0.15003898915214947,0.8499610108478506,1.0
deepseek/deepseek-v4-flash-0731,deepseek/deepseek-v4-flash-20260731,off,parens.noisy-v1,parens,text,1. easy,False,reduce-taught-v1,4,4,2,568,30,0,0.000034456,2365.2449999999994,0.5,0.15003898915214947,0.8499610108478506,1.0
deepseek/deepseek-v4-flash-0731,deepseek/deepseek-v4-flash-20260731,off,parens.noisy-v1,parens,text,1. easy,True,reduce-infer-v1,4,4,1,509,31,0,0.000034012,2939.706,0.25,0.04558726080970055,0.6993581574175981,1.0
deepseek/deepseek-v4-flash-0731,deepseek/deepseek-v4-flash-20260731,off,parens.noisy-v1,parens,text,1. easy,True,reduce-taught-v1,4,4,1,569,31,0,0.000034716,2222.525,0.25,0.04558726080970055,0.6993581574175981,1.0
deepseek/deepseek-v4-flash-0731,deepseek/deepseek-v4-flash-20260731,off,parens.noisy-v1,parens,text,2. medium,False,reduce-infer-v1,4,4,3,565,29,0,0.000034036,4833.955,0.75,0.30064184258240184,0.9544127391902995,1.0
deepseek/deepseek-v4-flash-0731,deepseek/deepseek-v4-flash-20260731,off,parens.noisy-v1,parens,text,2. medium,False,reduce-taught-v1,4,4,2,625,30,0,0.000039016,5574.611,0.5,0.15003898915214947,0.8499610108478506,1.0
deepseek/deepseek-v4-flash-0731,deepseek/deepseek-v4-flash-20260731,off,parens.noisy-v1,parens,text,2. medium,True,reduce-infer-v1,4,4,0,576,31,0,0.000035276,4105.062,0.0,0.0,0.4898908364545973,1.0
deepseek/deepseek-v4-flash-0731,deepseek/deepseek-v4-flash-20260731,off,parens.noisy-v1,parens,text,2. medium,True,reduce-taught-v1,4,4,2,636,29,0,0.000039716,2259.467,0.5,0.15003898915214947,0.8499610108478506,1.0
deepseek/deepseek-v4-flash-0731,deepseek/deepseek-v4-flash-20260731,off,parens.noisy-v1,parens,text,3. hard,False,reduce-infer-v1,4,4,2,623,29,0,0.000038676,6917.662,0.5,0.15003898915214947,0.8499610108478506,1.0
deepseek/deepseek-v4-flash-0731,deepseek/deepseek-v4-flash-20260731,off,parens.noisy-v1,parens,text,3. hard,False,reduce-taught-v1,4,4,1,683,28,0,0.000043296,7659.218,0.25,0.04558726080970055,0.6993581574175981,1.0
deepseek/deepseek-v4-flash-0731,deepseek/deepseek-v4-flash-20260731,off,parens.noisy-v1,parens,text,3. hard,True,reduce-infer-v1,4,4,0,625,30,0,0.000039016,8524.781,0.0,0.0,0.4898908364545973,1.0
deepseek/deepseek-v4-flash-0731,deepseek/deepseek-v4-flash-20260731,off,parens.noisy-v1,parens,text,3. hard,True,reduce-taught-v1,4,4,0,685,32,0,0.000044176,9596.876,0.0,0.0,0.4898908364545973,1.0
deepseek/deepseek-v4-flash-0731,deepseek/deepseek-v4-flash-20260731,off,parens.noisy-v1,parens,text,4. lunatic,False,reduce-infer-v1,4,4,2,660,29,0,0.000041636,12937.208000000002,0.5,0.15003898915214947,0.8499610108478506,1.0
deepseek/deepseek-v4-flash-0731,deepseek/deepseek-v4-flash-20260731,off,parens.noisy-v1,parens,text,4. lunatic,False,reduce-taught-v1,4,4,2,720,30,0,0.000046616,12414.285000000002,0.5,0.15003898915214947,0.8499610108478506,1.0
deepseek/deepseek-v4-flash-0731,deepseek/deepseek-v4-flash-20260731,off,parens.noisy-v1,parens,text,4. lunatic,True,reduce-infer-v1,4,4,2,637,29,0,0.000039796,9386.058,0.5,0.15003898915214947,0.8499610108478506,1.0
deepseek/deepseek-v4-flash-0731,deepseek/deepseek-v4-flash-20260731,off,parens.noisy-v1,parens,text,4. lunatic,True,reduce-taught-v1,4,4,2,697,29,0,0.000044596,6247.689,0.5,0.15003898915214947,0.8499610108478506,1.0
deepseek/deepseek-v4-flash-0731,deepseek/deepseek-v4-flash-20260731,off,parens.noisy-v1,parens,text,5. extra,False,reduce-infer-v1,4,4,3,698,28,0,0.000044496,10919.942000000001,0.75,0.30064184258240184,0.9544127391902995,1.0
deepseek/deepseek-v4-flash-0731,deepseek/deepseek-v4-flash-20260731,off,parens.noisy-v1,parens,text,5. extra,False,reduce-taught-v1,4,4,1,758,29,0,0.000049476,9525.094000000001,0.25,0.04558726080970055,0.6993581574175981,1.0
deepseek/deepseek-v4-flash-0731,deepseek/deepseek-v4-flash-20260731,off,parens.noisy-v1,parens,text,5. extra,True,reduce-infer-v1,4,4,0,707,31,0,0.000045756,14298.576000000001,0.0,0.0,0.4898908364545973,1.0
deepseek/deepseek-v4-flash-0731,deepseek/deepseek-v4-flash-20260731,off,parens.noisy-v1,parens,text,5. extra,True,reduce-taught-v1,4,4,1,767,31,0,0.000050556,8268.379,0.25,0.04558726080970055,0.6993581574175981,1.0
deepseek/deepseek-v4-flash-0731,deepseek/deepseek-v4-flash-20260731,off,parens.reference-v1,parens,text,1. easy,False,reduce-infer-v1,4,4,3,485,30,0,0.000036008,10511.181999999999,0.75,0.30064184258240184,0.9544127391902995,1.0
deepseek/deepseek-v4-flash-0731,deepseek/deepseek-v4-flash-20260731,off,parens.reference-v1,parens,text,1. easy,False,reduce-taught-v1,4,4,2,545,30,0,0.000032616,5730.87,0.5,0.15003898915214947,0.8499610108478506,1.0
deepseek/deepseek-v4-flash-0731,deepseek/deepseek-v4-flash-20260731,off,parens.reference-v1,parens,text,1. easy,True,reduce-infer-v1,4,4,1,485,31,0,0.000036188,11999.266,0.25,0.04558726080970055,0.6993581574175981,1.0
deepseek/deepseek-v4-flash-0731,deepseek/deepseek-v4-flash-20260731,off,parens.reference-v1,parens,text,1. easy,True,reduce-taught-v1,4,4,0,545,32,0,0.000032976,3748.973,0.0,0.0,0.4898908364545973,1.0
deepseek/deepseek-v4-flash-0731,deepseek/deepseek-v4-flash-20260731,off,parens.reference-v1,parens,text,2. medium,False,reduce-infer-v1,4,4,4,514,32,0,0.000034592,5943.523999999999,1.0,0.5101091635454027,1.0,1.0
deepseek/deepseek-v4-flash-0731,deepseek/deepseek-v4-flash-20260731,off,parens.reference-v1,parens,text,2. medium,False,reduce-taught-v1,4,4,2,574,30,0,0.000034936,5635.033,0.5,0.15003898915214947,0.8499610108478506,1.0
deepseek/deepseek-v4-flash-0731,deepseek/deepseek-v4-flash-20260731,off,parens.reference-v1,parens,text,2. medium,True,reduce-infer-v1,4,4,1,510,31,0,0.000034092,4101.052,0.25,0.04558726080970055,0.6993581574175981,1.0
deepseek/deepseek-v4-flash-0731,deepseek/deepseek-v4-flash-20260731,off,parens.reference-v1,parens,text,2. medium,True,reduce-taught-v1,4,4,1,570,31,0,0.000034796,3278.3909999999996,0.25,0.04558726080970055,0.6993581574175981,1.0
deepseek/deepseek-v4-flash-0731,deepseek/deepseek-v4-flash-20260731,off,parens.reference-v1,parens,text,3. hard,False,reduce-infer-v1,4,4,3,550,29,0,0.000032836,7030.34,0.75,0.30064184258240184,0.9544127391902995,1.0
deepseek/deepseek-v4-flash-0731,deepseek/deepseek-v4-flash-20260731,off,parens.reference-v1,parens,text,3. hard,False,reduce-taught-v1,4,4,3,610,31,0,0.000037996,13014.962,0.75,0.30064184258240184,0.9544127391902995,1.0
deepseek/deepseek-v4-flash-0731,deepseek/deepseek-v4-flash-20260731,off,parens.reference-v1,parens,text,3. hard,True,reduce-infer-v1,4,4,0,554,30,0,0.000033336,6183.6990000000005,0.0,0.0,0.4898908364545973,1.0
deepseek/deepseek-v4-flash-0731,deepseek/deepseek-v4-flash-20260731,off,parens.reference-v1,parens,text,3. hard,True,reduce-taught-v1,4,4,1,614,31,0,0.000038316,6813.638999999999,0.25,0.04558726080970055,0.6993581574175981,1.0
deepseek/deepseek-v4-flash-0731,deepseek/deepseek-v4-flash-20260731,off,parens.reference-v1,parens,text,4. lunatic,False,reduce-infer-v1,4,4,3,570,29,0,0.000034436,9358.655,0.75,0.30064184258240184,0.9544127391902995,1.0
deepseek/deepseek-v4-flash-0731,deepseek/deepseek-v4-flash-20260731,off,parens.reference-v1,parens,text,4. lunatic,False,reduce-taught-v1,4,4,3,630,31,0,0.000039596,9643.741,0.75,0.30064184258240184,0.9544127391902995,1.0
deepseek/deepseek-v4-flash-0731,deepseek/deepseek-v4-flash-20260731,off,parens.reference-v1,parens,text,4. lunatic,True,reduce-infer-v1,4,4,0,570,30,0,0.000034616,6051.896999999999,0.0,0.0,0.4898908364545973,1.0
deepseek/deepseek-v4-flash-0731,deepseek/deepseek-v4-flash-20260731,off,parens.reference-v1,parens,text,4. lunatic,True,reduce-taught-v1,4,4,0,630,31,0,0.000039596,6306.918,0.0,0.0,0.4898908364545973,1.0
deepseek/deepseek-v4-flash-0731,deepseek/deepseek-v4-flash-20260731,off,parens.reference-v1,parens,text,5. extra,False,reduce-infer-v1,4,4,3,579,30,0,0.000035336,18908.306,0.75,0.30064184258240184,0.9544127391902995,1.0
deepseek/deepseek-v4-flash-0731,deepseek/deepseek-v4-flash-20260731,off,parens.reference-v1,parens,text,5. extra,False,reduce-taught-v1,4,4,3,639,31,0,0.000040316,12483.221999999998,0.75,0.30064184258240184,0.9544127391902995,1.0
deepseek/deepseek-v4-flash-0731,deepseek/deepseek-v4-flash-20260731,off,parens.reference-v1,parens,text,5. extra,True,reduce-infer-v1,4,4,1,576,30,0,0.000035096,7590.201999999999,0.25,0.04558726080970055,0.6993581574175981,1.0
deepseek/deepseek-v4-flash-0731,deepseek/deepseek-v4-flash-20260731,off,parens.reference-v1,parens,text,5. extra,True,reduce-taught-v1,4,4,0,636,31,0,0.000040076,8438.802,0.0,0.0,0.4898908364545973,1.0
deepseek/deepseek-v4-flash-0731,deepseek/deepseek-v4-flash-20260731,off,parens.word-brackets-mismatched-v1,parens,text,1. easy,False,reduce-infer-v1,4,4,4,532,32,0,0.000031936,2955.8169999999996,1.0,0.5101091635454027,1.0,1.0
deepseek/deepseek-v4-flash-0731,deepseek/deepseek-v4-flash-20260731,off,parens.word-brackets-mismatched-v1,parens,text,1. easy,False,reduce-taught-v1,4,4,4,600,32,0,0.000037376,3425.425,1.0,0.5101091635454027,1.0,1.0
deepseek/deepseek-v4-flash-0731,deepseek/deepseek-v4-flash-20260731,off,parens.word-brackets-mismatched-v1,parens,text,1. easy,True,reduce-infer-v1,4,4,1,536,30,0,0.000033944,2224.675,0.25,0.04558726080970055,0.6993581574175981,1.0
deepseek/deepseek-v4-flash-0731,deepseek/deepseek-v4-flash-20260731,off,parens.word-brackets-mismatched-v1,parens,text,1. easy,True,reduce-taught-v1,4,4,0,604,32,0,0.000037696,10480.285,0.0,0.0,0.4898908364545973,1.0
deepseek/deepseek-v4-flash-0731,deepseek/deepseek-v4-flash-20260731,off,parens.word-brackets-mismatched-v1,parens,text,2. medium,False,reduce-infer-v1,4,4,4,617,32,0,0.000038736,6835.665999999999,1.0,0.5101091635454027,1.0,1.0
deepseek/deepseek-v4-flash-0731,deepseek/deepseek-v4-flash-20260731,off,parens.word-brackets-mismatched-v1,parens,text,2. medium,False,reduce-taught-v1,4,4,4,685,32,0,0.000044176,5518.216,1.0,0.5101091635454027,1.0,1.0
deepseek/deepseek-v4-flash-0731,deepseek/deepseek-v4-flash-20260731,off,parens.word-brackets-mismatched-v1,parens,text,2. medium,True,reduce-infer-v1,4,4,0,604,32,0,0.000037696,2755.839,0.0,0.0,0.4898908364545973,1.0
deepseek/deepseek-v4-flash-0731,deepseek/deepseek-v4-flash-20260731,off,parens.word-brackets-mismatched-v1,parens,text,2. medium,True,reduce-taught-v1,4,4,0,672,32,0,0.000043136,4369.813999999999,0.0,0.0,0.4898908364545973,1.0
deepseek/deepseek-v4-flash-0731,deepseek/deepseek-v4-flash-20260731,off,parens.word-brackets-mismatched-v1,parens,text,3. hard,False,reduce-infer-v1,4,4,4,693,30,0,0.000044456,10784.839,1.0,0.5101091635454027,1.0,1.0
deepseek/deepseek-v4-flash-0731,deepseek/deepseek-v4-flash-20260731,off,parens.word-brackets-mismatched-v1,parens,text,3. hard,False,reduce-taught-v1,4,4,4,761,31,0,0.000050076,12192.438000000002,1.0,0.5101091635454027,1.0,1.0
deepseek/deepseek-v4-flash-0731,deepseek/deepseek-v4-flash-20260731,off,parens.word-brackets-mismatched-v1,parens,text,3. hard,True,reduce-infer-v1,4,4,0,699,28,0,0.000044576,4959.214,0.0,0.0,0.4898908364545973,1.0
deepseek/deepseek-v4-flash-0731,deepseek/deepseek-v4-flash-20260731,off,parens.word-brackets-mismatched-v1,parens,text,3. hard,True,reduce-taught-v1,4,4,0,767,30,0,0.000050376,8730.841,0.0,0.0,0.4898908364545973,1.0
deepseek/deepseek-v4-flash-0731,deepseek/deepseek-v4-flash-20260731,off,parens.word-brackets-mismatched-v1,parens,text,4. lunatic,False,reduce-infer-v1,4,4,4,740,29,0,0.000048036,9720.100000000002,1.0,0.5101091635454027,1.0,1.0
deepseek/deepseek-v4-flash-0731,deepseek/deepseek-v4-flash-20260731,off,parens.word-brackets-mismatched-v1,parens,text,4. lunatic,False,reduce-taught-v1,4,4,3,808,29,0,0.000053476,8804.097,0.75,0.30064184258240184,0.9544127391902995,1.0
deepseek/deepseek-v4-flash-0731,deepseek/deepseek-v4-flash-20260731,off,parens.word-brackets-mismatched-v1,parens,text,4. lunatic,True,reduce-infer-v1,4,4,0,733,29,0,0.000047476,6485.014,0.0,0.0,0.4898908364545973,1.0
deepseek/deepseek-v4-flash-0731,deepseek/deepseek-v4-flash-20260731,off,parens.word-brackets-mismatched-v1,parens,text,4. lunatic,True,reduce-taught-v1,4,4,0,801,32,0,0.000053456,8494.814,0.0,0.0,0.4898908364545973,1.0
deepseek/deepseek-v4-flash-0731,deepseek/deepseek-v4-flash-20260731,off,parens.word-brackets-mismatched-v1,parens,text,5. extra,False,reduce-infer-v1,4,4,3,785,29,0,0.000051636,9844.742,0.75,0.30064184258240184,0.9544127391902995,1.0
deepseek/deepseek-v4-flash-0731,deepseek/deepseek-v4-flash-20260731,off,parens.word-brackets-mismatched-v1,parens,text,5. extra,False,reduce-taught-v1,4,4,2,853,32,0,0.000057616,7492.8150000000005,0.5,0.15003898915214947,0.8499610108478506,1.0
deepseek/deepseek-v4-flash-0731,deepseek/deepseek-v4-flash-20260731,off,parens.word-brackets-mismatched-v1,parens,text,5. extra,True,reduce-infer-v1,4,4,2,788,29,0,0.000051876,17586.22,0.5,0.15003898915214947,0.8499610108478506,1.0
deepseek/deepseek-v4-flash-0731,deepseek/deepseek-v4-flash-20260731,off,parens.word-brackets-mismatched-v1,parens,text,5. extra,True,reduce-taught-v1,4,4,0,856,32,0,0.000057856,19622.621000000003,0.0,0.0,0.4898908364545973,1.0
deepseek/deepseek-v4-flash-0731,deepseek/deepseek-v4-flash-20260731,off,parens.word-brackets-plain-v1,parens,text,1. easy,False,reduce-infer-v1,4,4,1,522,28,0,0.000030416,2370.01,0.25,0.04558726080970055,0.6993581574175981,1.0
deepseek/deepseek-v4-flash-0731,deepseek/deepseek-v4-flash-20260731,off,parens.word-brackets-plain-v1,parens,text,1. easy,False,reduce-taught-v1,4,4,4,590,32,0,0.000036576,4305.821,1.0,0.5101091635454027,1.0,1.0
deepseek/deepseek-v4-flash-0731,deepseek/deepseek-v4-flash-20260731,off,parens.word-brackets-plain-v1,parens,text,1. easy,True,reduce-infer-v1,4,4,1,522,29,0,0.000032644,2588.348,0.25,0.04558726080970055,0.6993581574175981,1.0
deepseek/deepseek-v4-flash-0731,deepseek/deepseek-v4-flash-20260731,off,parens.word-brackets-plain-v1,parens,text,1. easy,True,reduce-taught-v1,4,4,0,590,31,0,0.000036396,7403.9130000000005,0.0,0.0,0.4898908364545973,1.0
deepseek/deepseek-v4-flash-0731,deepseek/deepseek-v4-flash-20260731,off,parens.word-brackets-plain-v1,parens,text,2. medium,False,reduce-infer-v1,4,4,3,590,30,0,0.000036216,4921.883,0.75,0.30064184258240184,0.9544127391902995,1.0
deepseek/deepseek-v4-flash-0731,deepseek/deepseek-v4-flash-20260731,off,parens.word-brackets-plain-v1,parens,text,2. medium,False,reduce-taught-v1,4,4,4,658,32,0,0.000042016,5057.735999999999,1.0,0.5101091635454027,1.0,1.0
deepseek/deepseek-v4-flash-0731,deepseek/deepseek-v4-flash-20260731,off,parens.word-brackets-plain-v1,parens,text,2. medium,True,reduce-infer-v1,4,4,2,580,30,0,0.000035416,7734.075,0.5,0.15003898915214947,0.8499610108478506,1.0
deepseek/deepseek-v4-flash-0731,deepseek/deepseek-v4-flash-20260731,off,parens.word-brackets-plain-v1,parens,text,2. medium,True,reduce-taught-v1,4,4,0,648,32,0,0.000041216,2996.1890000000003,0.0,0.0,0.4898908364545973,1.0
deepseek/deepseek-v4-flash-0731,deepseek/deepseek-v4-flash-20260731,off,parens.word-brackets-plain-v1,parens,text,3. hard,False,reduce-infer-v1,4,4,4,660,30,0,0.000041816,7294.529,1.0,0.5101091635454027,1.0,1.0
deepseek/deepseek-v4-flash-0731,deepseek/deepseek-v4-flash-20260731,off,parens.word-brackets-plain-v1,parens,text,3. hard,False,reduce-taught-v1,4,4,4,728,32,0,0.000047616,7686.158,1.0,0.5101091635454027,1.0,1.0
deepseek/deepseek-v4-flash-0731,deepseek/deepseek-v4-flash-20260731,off,parens.word-brackets-plain-v1,parens,text,3. hard,True,reduce-infer-v1,4,4,0,660,32,0,0.000042176,7366.595,0.0,0.0,0.4898908364545973,1.0
deepseek/deepseek-v4-flash-0731,deepseek/deepseek-v4-flash-20260731,off,parens.word-brackets-plain-v1,parens,text,3. hard,True,reduce-taught-v1,4,4,0,728,32,0,0.000047616,7503.213,0.0,0.0,0.4898908364545973,1.0
deepseek/deepseek-v4-flash-0731,deepseek/deepseek-v4-flash-20260731,off,parens.word-brackets-plain-v1,parens,text,4. lunatic,False,reduce-infer-v1,4,4,4,700,32,0,0.000045376,8312.128,1.0,0.5101091635454027,1.0,1.0
deepseek/deepseek-v4-flash-0731,deepseek/deepseek-v4-flash-20260731,off,parens.word-brackets-plain-v1,parens,text,4. lunatic,False,reduce-taught-v1,4,4,4,768,32,0,0.000050816,8494.237000000001,1.0,0.5101091635454027,1.0,1.0
deepseek/deepseek-v4-flash-0731,deepseek/deepseek-v4-flash-20260731,off,parens.word-brackets-plain-v1,parens,text,4. lunatic,True,reduce-infer-v1,4,4,0,700,32,0,0.000045376,7907.008,0.0,0.0,0.4898908364545973,1.0
deepseek/deepseek-v4-flash-0731,deepseek/deepseek-v4-flash-20260731,off,parens.word-brackets-plain-v1,parens,text,4. lunatic,True,reduce-taught-v1,4,4,0,768,32,0,0.000050816,41175.102,0.0,0.0,0.4898908364545973,1.0
deepseek/deepseek-v4-flash-0731,deepseek/deepseek-v4-flash-20260731,off,parens.word-brackets-plain-v1,parens,text,5. extra,False,reduce-infer-v1,4,4,4,740,31,0,0.000048396,29225.75,1.0,0.5101091635454027,1.0,1.0
deepseek/deepseek-v4-flash-0731,deepseek/deepseek-v4-flash-20260731,off,parens.word-brackets-plain-v1,parens,text,5. extra,False,reduce-taught-v1,4,4,4,808,32,0,0.000054016,8110.952000000001,1.0,0.5101091635454027,1.0,1.0
deepseek/deepseek-v4-flash-0731,deepseek/deepseek-v4-flash-20260731,off,parens.word-brackets-plain-v1,parens,text,5. extra,True,reduce-infer-v1,4,4,0,740,32,0,0.000048576,9758.147,0.0,0.0,0.4898908364545973,1.0
deepseek/deepseek-v4-flash-0731,deepseek/deepseek-v4-flash-20260731,off,parens.word-brackets-plain-v1,parens,text,5. extra,True,reduce-taught-v1,4,4,0,808,32,0,0.000054016,13848.725999999999,0.0,0.0,0.4898908364545973,1.0
deepseek/deepseek-v4-flash-0731,deepseek/deepseek-v4-flash-20260731,off,pattern.java-v1,pattern,text,1. easy,False,reduce-infer-v1,4,4,3,568,31,0,0.000034636,2693.152,0.75,0.30064184258240184,0.9544127391902995,1.0
deepseek/deepseek-v4-flash-0731,deepseek/deepseek-v4-flash-20260731,off,pattern.java-v1,pattern,text,1. easy,False,reduce-taught-v1,4,4,3,636,30,0,0.000039896,6326.812999999999,0.75,0.30064184258240184,0.9544127391902995,1.0
deepseek/deepseek-v4-flash-0731,deepseek/deepseek-v4-flash-20260731,off,pattern.java-v1,pattern,text,1. easy,True,reduce-infer-v1,4,4,0,568,31,0,0.000036684,3436.908,0.0,0.0,0.4898908364545973,1.0
deepseek/deepseek-v4-flash-0731,deepseek/deepseek-v4-flash-20260731,off,pattern.java-v1,pattern,text,1. easy,True,reduce-taught-v1,4,4,1,636,31,0,0.000040076,8807.779,0.25,0.04558726080970055,0.6993581574175981,1.0
deepseek/deepseek-v4-flash-0731,deepseek/deepseek-v4-flash-20260731,off,pattern.java-v1,pattern,text,2. medium,False,reduce-infer-v1,4,4,2,690,29,0,0.000044036,4338.3189999999995,0.5,0.15003898915214947,0.8499610108478506,1.0
deepseek/deepseek-v4-flash-0731,deepseek/deepseek-v4-flash-20260731,off,pattern.java-v1,pattern,text,2. medium,False,reduce-taught-v1,4,4,0,758,27,0,0.000049116,8930.234,0.0,0.0,0.4898908364545973,1.0
deepseek/deepseek-v4-flash-0731,deepseek/deepseek-v4-flash-20260731,off,pattern.java-v1,pattern,text,2. medium,True,reduce-infer-v1,4,4,1,674,31,0,0.000043116,3462.189,0.25,0.04558726080970055,0.6993581574175981,1.0
deepseek/deepseek-v4-flash-0731,deepseek/deepseek-v4-flash-20260731,off,pattern.java-v1,pattern,text,2. medium,True,reduce-taught-v1,4,4,2,742,30,0,0.000048376,3205.864,0.5,0.15003898915214947,0.8499610108478506,1.0
deepseek/deepseek-v4-flash-0731,deepseek/deepseek-v4-flash-20260731,off,pattern.java-v1,pattern,text,3. hard,False,reduce-infer-v1,4,4,0,826,24,0,0.000054016,6912.244000000001,0.0,0.0,0.4898908364545973,1.0
deepseek/deepseek-v4-flash-0731,deepseek/deepseek-v4-flash-20260731,off,pattern.java-v1,pattern,text,3. hard,False,reduce-taught-v1,4,4,1,894,27,0,0.000059996,15050.587,0.25,0.04558726080970055,0.6993581574175981,1.0
deepseek/deepseek-v4-flash-0731,deepseek/deepseek-v4-flash-20260731,off,pattern.java-v1,pattern,text,3. hard,True,reduce-infer-v1,4,4,3,830,27,0,0.000054876,4645.901,0.75,0.30064184258240184,0.9544127391902995,1.0
deepseek/deepseek-v4-flash-0731,deepseek/deepseek-v4-flash-20260731,off,pattern.java-v1,pattern,text,3. hard,True,reduce-taught-v1,4,4,1,898,31,0,0.000061036,7743.5419999999995,0.25,0.04558726080970055,0.6993581574175981,1.0
deepseek/deepseek-v4-flash-0731,deepseek/deepseek-v4-flash-20260731,off,pattern.java-v1,pattern,text,4. lunatic,False,reduce-infer-v1,4,4,0,897,27,0,0.000060236,10133.821,0.0,0.0,0.4898908364545973,1.0
deepseek/deepseek-v4-flash-0731,deepseek/deepseek-v4-flash-20260731,off,pattern.java-v1,pattern,text,4. lunatic,False,reduce-taught-v1,4,4,1,965,27,0,0.000065676,7106.522999999999,0.25,0.04558726080970055,0.6993581574175981,1.0
deepseek/deepseek-v4-flash-0731,deepseek/deepseek-v4-flash-20260731,off,pattern.java-v1,pattern,text,4. lunatic,True,reduce-infer-v1,4,4,3,898,26,0,0.000060136,20334.357999999997,0.75,0.30064184258240184,0.9544127391902995,1.0
deepseek/deepseek-v4-flash-0731,deepseek/deepseek-v4-flash-20260731,off,pattern.java-v1,pattern,text,4. lunatic,True,reduce-taught-v1,4,4,4,966,25,0,0.000065396,40838.846000000005,1.0,0.5101091635454027,1.0,1.0
deepseek/deepseek-v4-flash-0731,deepseek/deepseek-v4-flash-20260731,off,pattern.java-v1,pattern,text,5. extra,False,reduce-infer-v1,4,4,2,955,28,0,0.000065056,10400.081999999999,0.5,0.15003898915214947,0.8499610108478506,1.0
deepseek/deepseek-v4-flash-0731,deepseek/deepseek-v4-flash-20260731,off,pattern.java-v1,pattern,text,5. extra,False,reduce-taught-v1,4,4,0,1023,25,0,0.000069956,10980.437,0.0,0.0,0.4898908364545973,1.0
deepseek/deepseek-v4-flash-0731,deepseek/deepseek-v4-flash-20260731,off,pattern.java-v1,pattern,text,5. extra,True,reduce-infer-v1,4,4,3,963,27,0,0.000065516,9308.631,0.75,0.30064184258240184,0.9544127391902995,1.0
deepseek/deepseek-v4-flash-0731,deepseek/deepseek-v4-flash-20260731,off,pattern.java-v1,pattern,text,5. extra,True,reduce-taught-v1,4,4,4,1031,25,0,0.000070596,11553.106,1.0,0.5101091635454027,1.0,1.0
deepseek/deepseek-v4-flash-0731,deepseek/deepseek-v4-flash-20260731,off,pattern.lisp-v1,pattern,text,1. easy,False,reduce-infer-v1,4,4,1,540,29,0,0.000032036,2075.924,0.25,0.04558726080970055,0.6993581574175981,1.0
deepseek/deepseek-v4-flash-0731,deepseek/deepseek-v4-flash-20260731,off,pattern.lisp-v1,pattern,text,1. easy,False,reduce-taught-v1,4,4,3,608,31,0,0.000037836,3506.508,0.75,0.30064184258240184,0.9544127391902995,1.0
deepseek/deepseek-v4-flash-0731,deepseek/deepseek-v4-flash-20260731,off,pattern.lisp-v1,pattern,text,1. easy,True,reduce-infer-v1,4,4,1,538,31,0,0.000034284,4200.1269999999995,0.25,0.04558726080970055,0.6993581574175981,1.0
deepseek/deepseek-v4-flash-0731,deepseek/deepseek-v4-flash-20260731,off,pattern.lisp-v1,pattern,text,1. easy,True,reduce-taught-v1,4,4,3,606,29,0,0.000037316,2658.264,0.75,0.30064184258240184,0.9544127391902995,1.0
deepseek/deepseek-v4-flash-0731,deepseek/deepseek-v4-flash-20260731,off,pattern.lisp-v1,pattern,text,2. medium,False,reduce-infer-v1,4,4,2,625,29,0,0.000038836,5631.576999999999,0.5,0.15003898915214947,0.8499610108478506,1.0
deepseek/deepseek-v4-flash-0731,deepseek/deepseek-v4-flash-20260731,off,pattern.lisp-v1,pattern,text,2. medium,False,reduce-taught-v1,4,4,1,693,29,0,0.000044276,2944.0499999999997,0.25,0.04558726080970055,0.6993581574175981,1.0
deepseek/deepseek-v4-flash-0731,deepseek/deepseek-v4-flash-20260731,off,pattern.lisp-v1,pattern,text,2. medium,True,reduce-infer-v1,4,4,3,613,29,0,0.000037876,3012.96,0.75,0.30064184258240184,0.9544127391902995,1.0
deepseek/deepseek-v4-flash-0731,deepseek/deepseek-v4-flash-20260731,off,pattern.lisp-v1,pattern,text,2. medium,True,reduce-taught-v1,4,4,0,681,32,0,0.000043856,2927.8219999999997,0.0,0.0,0.4898908364545973,1.0
deepseek/deepseek-v4-flash-0731,deepseek/deepseek-v4-flash-20260731,off,pattern.lisp-v1,pattern,text,3. hard,False,reduce-infer-v1,4,4,2,727,26,0,0.000046456,36001.456999999995,0.5,0.15003898915214947,0.8499610108478506,1.0
deepseek/deepseek-v4-flash-0731,deepseek/deepseek-v4-flash-20260731,off,pattern.lisp-v1,pattern,text,3. hard,False,reduce-taught-v1,4,4,1,795,28,0,0.000052256,34278.296,0.25,0.04558726080970055,0.6993581574175981,1.0
deepseek/deepseek-v4-flash-0731,deepseek/deepseek-v4-flash-20260731,off,pattern.lisp-v1,pattern,text,3. hard,True,reduce-infer-v1,4,4,0,732,32,0,0.000047936,5659.705,0.0,0.0,0.4898908364545973,1.0
deepseek/deepseek-v4-flash-0731,deepseek/deepseek-v4-flash-20260731,off,pattern.lisp-v1,pattern,text,3. hard,True,reduce-taught-v1,4,4,3,800,29,0,0.000052836,5141.7480000000005,0.75,0.30064184258240184,0.9544127391902995,1.0
deepseek/deepseek-v4-flash-0731,deepseek/deepseek-v4-flash-20260731,off,pattern.lisp-v1,pattern,text,4. lunatic,False,reduce-infer-v1,4,4,3,779,31,0,0.000051516,15910.154999999999,0.75,0.30064184258240184,0.9544127391902995,1.0
deepseek/deepseek-v4-flash-0731,deepseek/deepseek-v4-flash-20260731,off,pattern.lisp-v1,pattern,text,4. lunatic,False,reduce-taught-v1,4,4,1,847,29,0,0.000056596,9892.284,0.25,0.04558726080970055,0.6993581574175981,1.0
deepseek/deepseek-v4-flash-0731,deepseek/deepseek-v4-flash-20260731,off,pattern.lisp-v1,pattern,text,4. lunatic,True,reduce-infer-v1,4,4,0,782,31,0,0.000051756,10480.438000000002,0.0,0.0,0.4898908364545973,1.0
deepseek/deepseek-v4-flash-0731,deepseek/deepseek-v4-flash-20260731,off,pattern.lisp-v1,pattern,text,4. lunatic,True,reduce-taught-v1,4,4,1,850,28,0,0.000056656,13780.912,0.25,0.04558726080970055,0.6993581574175981,1.0
deepseek/deepseek-v4-flash-0731,deepseek/deepseek-v4-flash-20260731,off,pattern.lisp-v1,pattern,text,5. extra,False,reduce-infer-v1,4,4,1,809,26,0,0.000053016,7754.142,0.25,0.04558726080970055,0.6993581574175981,1.0
deepseek/deepseek-v4-flash-0731,deepseek/deepseek-v4-flash-20260731,off,pattern.lisp-v1,pattern,text,5. extra,False,reduce-taught-v1,4,4,0,877,30,0,0.000059176,16073.067000000001,0.0,0.0,0.4898908364545973,1.0
deepseek/deepseek-v4-flash-0731,deepseek/deepseek-v4-flash-20260731,off,pattern.lisp-v1,pattern,text,5. extra,True,reduce-infer-v1,4,4,2,815,27,0,0.000053676,7782.588000000001,0.5,0.15003898915214947,0.8499610108478506,1.0
deepseek/deepseek-v4-flash-0731,deepseek/deepseek-v4-flash-20260731,off,pattern.lisp-v1,pattern,text,5. extra,True,reduce-taught-v1,4,4,3,883,27,0,0.000059116,10346.095000000001,0.75,0.30064184258240184,0.9544127391902995,1.0
deepseek/deepseek-v4-flash-0731,deepseek/deepseek-v4-flash-20260731,off,pattern.plain-v1,pattern,text,1. easy,False,reduce-infer-v1,4,4,3,536,31,0,0.000032076,2517.338,0.75,0.30064184258240184,0.9544127391902995,1.0
deepseek/deepseek-v4-flash-0731,deepseek/deepseek-v4-flash-20260731,off,pattern.plain-v1,pattern,text,1. easy,False,reduce-taught-v1,4,4,2,604,33,0,0.000037876,2677.2470000000003,0.5,0.15003898915214947,0.8499610108478506,1.0
deepseek/deepseek-v4-flash-0731,deepseek/deepseek-v4-flash-20260731,off,pattern.plain-v1,pattern,text,1. easy,True,reduce-infer-v1,4,4,1,534,31,0,0.000033964,4432.496999999999,0.25,0.04558726080970055,0.6993581574175981,1.0
deepseek/deepseek-v4-flash-0731,deepseek/deepseek-v4-flash-20260731,off,pattern.plain-v1,pattern,text,1. easy,True,reduce-taught-v1,4,4,0,602,32,0,0.000037536,2456.3540000000003,0.0,0.0,0.4898908364545973,1.0
deepseek/deepseek-v4-flash-0731,deepseek/deepseek-v4-flash-20260731,off,pattern.plain-v1,pattern,text,2. medium,False,reduce-infer-v1,4,4,2,621,30,0,0.000038696,7720.841,0.5,0.15003898915214947,0.8499610108478506,1.0
deepseek/deepseek-v4-flash-0731,deepseek/deepseek-v4-flash-20260731,off,pattern.plain-v1,pattern,text,2. medium,False,reduce-taught-v1,4,4,4,689,32,0,0.000044496,6376.162,1.0,0.5101091635454027,1.0,1.0
deepseek/deepseek-v4-flash-0731,deepseek/deepseek-v4-flash-20260731,off,pattern.plain-v1,pattern,text,2. medium,True,reduce-infer-v1,4,4,1,609,31,0,0.000037916,6614.598,0.25,0.04558726080970055,0.6993581574175981,1.0
deepseek/deepseek-v4-flash-0731,deepseek/deepseek-v4-flash-20260731,off,pattern.plain-v1,pattern,text,2. medium,True,reduce-taught-v1,4,4,0,677,32,0,0.000043536,4899.741,0.0,0.0,0.4898908364545973,1.0
deepseek/deepseek-v4-flash-0731,deepseek/deepseek-v4-flash-20260731,off,pattern.plain-v1,pattern,text,3. hard,False,reduce-infer-v1,4,4,1,723,29,0,0.000046676,34765.44,0.25,0.04558726080970055,0.6993581574175981,1.0
deepseek/deepseek-v4-flash-0731,deepseek/deepseek-v4-flash-20260731,off,pattern.plain-v1,pattern,text,3. hard,False,reduce-taught-v1,4,4,2,791,30,0,0.000052296,12636.634999999998,0.5,0.15003898915214947,0.8499610108478506,1.0
deepseek/deepseek-v4-flash-0731,deepseek/deepseek-v4-flash-20260731,off,pattern.plain-v1,pattern,text,3. hard,True,reduce-infer-v1,4,4,0,728,31,0,0.000047436,5553.205,0.0,0.0,0.4898908364545973,1.0
deepseek/deepseek-v4-flash-0731,deepseek/deepseek-v4-flash-20260731,off,pattern.plain-v1,pattern,text,3. hard,True,reduce-taught-v1,4,4,2,796,30,0,0.000052696,5643.889999999999,0.5,0.15003898915214947,0.8499610108478506,1.0
deepseek/deepseek-v4-flash-0731,deepseek/deepseek-v4-flash-20260731,off,pattern.plain-v1,pattern,text,4. lunatic,False,reduce-infer-v1,4,4,3,775,30,0,0.000051016,7666.920999999999,0.75,0.30064184258240184,0.9544127391902995,1.0
deepseek/deepseek-v4-flash-0731,deepseek/deepseek-v4-flash-20260731,off,pattern.plain-v1,pattern,text,4. lunatic,False,reduce-taught-v1,4,4,4,843,32,0,0.000056816,9389.89,1.0,0.5101091635454027,1.0,1.0
deepseek/deepseek-v4-flash-0731,deepseek/deepseek-v4-flash-20260731,off,pattern.plain-v1,pattern,text,4. lunatic,True,reduce-infer-v1,4,4,3,778,27,0,0.000050716,36136.769,0.75,0.30064184258240184,0.9544127391902995,1.0
deepseek/deepseek-v4-flash-0731,deepseek/deepseek-v4-flash-20260731,off,pattern.plain-v1,pattern,text,4. lunatic,True,reduce-taught-v1,4,4,0,846,32,0,0.000057056,8992.076,0.0,0.0,0.4898908364545973,1.0
deepseek/deepseek-v4-flash-0731,deepseek/deepseek-v4-flash-20260731,off,pattern.plain-v1,pattern,text,5. extra,False,reduce-infer-v1,4,4,3,805,31,0,0.000053596,11758.925,0.75,0.30064184258240184,0.9544127391902995,1.0
deepseek/deepseek-v4-flash-0731,deepseek/deepseek-v4-flash-20260731,off,pattern.plain-v1,pattern,text,5. extra,False,reduce-taught-v1,4,4,2,873,30,0,0.000058856,11133.988,0.5,0.15003898915214947,0.8499610108478506,1.0
deepseek/deepseek-v4-flash-0731,deepseek/deepseek-v4-flash-20260731,off,pattern.plain-v1,pattern,text,5. extra,True,reduce-infer-v1,4,4,3,811,28,0,0.000053536,9601.130000000001,0.75,0.30064184258240184,0.9544127391902995,1.0
deepseek/deepseek-v4-flash-0731,deepseek/deepseek-v4-flash-20260731,off,pattern.plain-v1,pattern,text,5. extra,True,reduce-taught-v1,4,4,2,879,36,0,0.000060416,8476.761999999999,0.5,0.15003898915214947,0.8499610108478506,1.0
deepseek/deepseek-v4-flash-0731,deepseek/deepseek-v4-flash-20260731,off,pattern.python-v1,pattern,text,1. easy,False,reduce-infer-v1,4,4,2,541,30,0,0.000032296,5341.053,0.5,0.15003898915214947,0.8499610108478506,1.0
deepseek/deepseek-v4-flash-0731,deepseek/deepseek-v4-flash-20260731,off,pattern.python-v1,pattern,text,1. easy,False,reduce-taught-v1,4,4,1,609,29,0,0.000037556,2266.513,0.25,0.04558726080970055,0.6993581574175981,1.0
deepseek/deepseek-v4-flash-0731,deepseek/deepseek-v4-flash-20260731,off,pattern.python-v1,pattern,text,1. easy,True,reduce-infer-v1,4,4,1,541,31,0,0.000034524,2593.2690000000002,0.25,0.04558726080970055,0.6993581574175981,1.0
deepseek/deepseek-v4-flash-0731,deepseek/deepseek-v4-flash-20260731,off,pattern.python-v1,pattern,text,1. easy,True,reduce-taught-v1,4,4,1,609,31,0,0.000037916,1861.694,0.25,0.04558726080970055,0.6993581574175981,1.0
deepseek/deepseek-v4-flash-0731,deepseek/deepseek-v4-flash-20260731,off,pattern.python-v1,pattern,text,2. medium,False,reduce-infer-v1,4,4,3,629,30,0,0.000039336,4593.195,0.75,0.30064184258240184,0.9544127391902995,1.0
deepseek/deepseek-v4-flash-0731,deepseek/deepseek-v4-flash-20260731,off,pattern.python-v1,pattern,text,2. medium,False,reduce-taught-v1,4,4,3,697,31,0,0.000044956,3509.1770000000006,0.75,0.30064184258240184,0.9544127391902995,1.0
deepseek/deepseek-v4-flash-0731,deepseek/deepseek-v4-flash-20260731,off,pattern.python-v1,pattern,text,2. medium,True,reduce-infer-v1,4,4,1,618,31,0,0.000038636,3257.732,0.25,0.04558726080970055,0.6993581574175981,1.0
deepseek/deepseek-v4-flash-0731,deepseek/deepseek-v4-flash-20260731,off,pattern.python-v1,pattern,text,2. medium,True,reduce-taught-v1,4,4,0,686,32,0,0.000044256,3832.796,0.0,0.0,0.4898908364545973,1.0
deepseek/deepseek-v4-flash-0731,deepseek/deepseek-v4-flash-20260731,off,pattern.python-v1,pattern,text,3. hard,False,reduce-infer-v1,4,4,3,730,30,0,0.000047416,8647.024000000001,0.75,0.30064184258240184,0.9544127391902995,1.0
deepseek/deepseek-v4-flash-0731,deepseek/deepseek-v4-flash-20260731,off,pattern.python-v1,pattern,text,3. hard,False,reduce-taught-v1,4,4,3,798,31,0,0.000053036,11806.878,0.75,0.30064184258240184,0.9544127391902995,1.0
deepseek/deepseek-v4-flash-0731,deepseek/deepseek-v4-flash-20260731,off,pattern.python-v1,pattern,text,3. hard,True,reduce-infer-v1,4,4,0,734,31,0,0.000047916,5978.158000000001,0.0,0.0,0.4898908364545973,1.0
deepseek/deepseek-v4-flash-0731,deepseek/deepseek-v4-flash-20260731,off,pattern.python-v1,pattern,text,3. hard,True,reduce-taught-v1,4,4,1,802,30,0,0.000053176,15605.742999999999,0.25,0.04558726080970055,0.6993581574175981,1.0
deepseek/deepseek-v4-flash-0731,deepseek/deepseek-v4-flash-20260731,off,pattern.python-v1,pattern,text,4. lunatic,False,reduce-infer-v1,4,4,4,781,32,0,0.000051856,15264.191,1.0,0.5101091635454027,1.0,1.0
deepseek/deepseek-v4-flash-0731,deepseek/deepseek-v4-flash-20260731,off,pattern.python-v1,pattern,text,4. lunatic,False,reduce-taught-v1,4,4,3,849,31,0,0.000057116,15142.485999999999,0.75,0.30064184258240184,0.9544127391902995,1.0
deepseek/deepseek-v4-flash-0731,deepseek/deepseek-v4-flash-20260731,off,pattern.python-v1,pattern,text,4. lunatic,True,reduce-infer-v1,4,4,1,782,31,0,0.000051756,5429.497,0.25,0.04558726080970055,0.6993581574175981,1.0
deepseek/deepseek-v4-flash-0731,deepseek/deepseek-v4-flash-20260731,off,pattern.python-v1,pattern,text,4. lunatic,True,reduce-taught-v1,4,4,1,850,30,0,0.000057016,8086.112999999999,0.25,0.04558726080970055,0.6993581574175981,1.0
deepseek/deepseek-v4-flash-0731,deepseek/deepseek-v4-flash-20260731,off,pattern.python-v1,pattern,text,5. extra,False,reduce-infer-v1,4,4,3,819,29,0,0.000054356,10914.951000000001,0.75,0.30064184258240184,0.9544127391902995,1.0
deepseek/deepseek-v4-flash-0731,deepseek/deepseek-v4-flash-20260731,off,pattern.python-v1,pattern,text,5. extra,False,reduce-taught-v1,4,4,0,887,31,0,0.000060156,12863.675,0.0,0.0,0.4898908364545973,1.0
deepseek/deepseek-v4-flash-0731,deepseek/deepseek-v4-flash-20260731,off,pattern.python-v1,pattern,text,5. extra,True,reduce-infer-v1,4,4,2,827,27,0,0.000054636,10930.136999999999,0.5,0.15003898915214947,0.8499610108478506,1.0
deepseek/deepseek-v4-flash-0731,deepseek/deepseek-v4-flash-20260731,off,pattern.python-v1,pattern,text,5. extra,True,reduce-taught-v1,4,4,2,895,30,0,0.000060616,9696.585,0.5,0.15003898915214947,0.8499610108478506,1.0
deepseek/deepseek-v4-flash-0731,deepseek/deepseek-v4-flash-20260731,off,pattern.rust-v1,pattern,text,1. easy,False,reduce-infer-v1,4,4,1,603,26,0,0.000036536,2436.917,0.25,0.04558726080970055,0.6993581574175981,1.0
deepseek/deepseek-v4-flash-0731,deepseek/deepseek-v4-flash-20260731,off,pattern.rust-v1,pattern,text,1. easy,False,reduce-taught-v1,4,4,4,671,32,0,0.000043056,2556.405,1.0,0.5101091635454027,1.0,1.0
deepseek/deepseek-v4-flash-0731,deepseek/deepseek-v4-flash-20260731,off,pattern.rust-v1,pattern,text,1. easy,True,reduce-infer-v1,4,4,2,603,26,0,0.000036536,4225.163,0.5,0.15003898915214947,0.8499610108478506,1.0
deepseek/deepseek-v4-flash-0731,deepseek/deepseek-v4-flash-20260731,off,pattern.rust-v1,pattern,text,1. easy,True,reduce-taught-v1,4,4,0,671,30,0,0.000042696,3065.5,0.0,0.0,0.4898908364545973,1.0
deepseek/deepseek-v4-flash-0731,deepseek/deepseek-v4-flash-20260731,off,pattern.rust-v1,pattern,text,2. medium,False,reduce-infer-v1,4,4,0,759,25,0,0.000048836,5836.0380000000005,0.0,0.0,0.4898908364545973,1.0
deepseek/deepseek-v4-flash-0731,deepseek/deepseek-v4-flash-20260731,off,pattern.rust-v1,pattern,text,2. medium,False,reduce-taught-v1,4,4,1,827,31,0,0.000055356,3851.5750000000003,0.25,0.04558726080970055,0.6993581574175981,1.0
deepseek/deepseek-v4-flash-0731,deepseek/deepseek-v4-flash-20260731,off,pattern.rust-v1,pattern,text,2. medium,True,reduce-infer-v1,4,4,3,738,26,0,0.000047336,3065.853,0.75,0.30064184258240184,0.9544127391902995,1.0
deepseek/deepseek-v4-flash-0731,deepseek/deepseek-v4-flash-20260731,off,pattern.rust-v1,pattern,text,2. medium,True,reduce-taught-v1,4,4,3,806,25,0,0.000052596,18990.224000000002,0.75,0.30064184258240184,0.9544127391902995,1.0
deepseek/deepseek-v4-flash-0731,deepseek/deepseek-v4-flash-20260731,off,pattern.rust-v1,pattern,text,3. hard,False,reduce-infer-v1,4,4,0,930,25,0,0.000062516,11259.976999999999,0.0,0.0,0.4898908364545973,1.0
deepseek/deepseek-v4-flash-0731,deepseek/deepseek-v4-flash-20260731,off,pattern.rust-v1,pattern,text,3. hard,False,reduce-taught-v1,4,4,1,998,27,0,0.000068316,13818.076000000001,0.25,0.04558726080970055,0.6993581574175981,1.0
deepseek/deepseek-v4-flash-0731,deepseek/deepseek-v4-flash-20260731,off,pattern.rust-v1,pattern,text,3. hard,True,reduce-infer-v1,4,4,4,934,24,0,0.000062656,5526.407999999999,1.0,0.5101091635454027,1.0,1.0
deepseek/deepseek-v4-flash-0731,deepseek/deepseek-v4-flash-20260731,off,pattern.rust-v1,pattern,text,3. hard,True,reduce-taught-v1,4,4,4,1002,26,0,0.000068456,9932.307999999999,1.0,0.5101091635454027,1.0,1.0
deepseek/deepseek-v4-flash-0731,deepseek/deepseek-v4-flash-20260731,off,pattern.rust-v1,pattern,text,4. lunatic,False,reduce-infer-v1,4,4,0,1021,24,0,0.000069616,9915.447,0.0,0.0,0.4898908364545973,1.0
deepseek/deepseek-v4-flash-0731,deepseek/deepseek-v4-flash-20260731,off,pattern.rust-v1,pattern,text,4. lunatic,False,reduce-taught-v1,4,4,2,1089,27,0,0.000075596,16349.521999999997,0.5,0.15003898915214947,0.8499610108478506,1.0
deepseek/deepseek-v4-flash-0731,deepseek/deepseek-v4-flash-20260731,off,pattern.rust-v1,pattern,text,4. lunatic,True,reduce-infer-v1,4,4,4,1022,24,0,0.000069696,6770.441999999999,1.0,0.5101091635454027,1.0,1.0
deepseek/deepseek-v4-flash-0731,deepseek/deepseek-v4-flash-20260731,off,pattern.rust-v1,pattern,text,4. lunatic,True,reduce-taught-v1,4,4,3,1090,26,0,0.000075496,5779.433,0.75,0.30064184258240184,0.9544127391902995,1.0
deepseek/deepseek-v4-flash-0731,deepseek/deepseek-v4-flash-20260731,off,pattern.rust-v1,pattern,text,5. extra,False,reduce-infer-v1,4,4,0,1099,24,0,0.000075856,42392.118,0.0,0.0,0.4898908364545973,1.0
deepseek/deepseek-v4-flash-0731,deepseek/deepseek-v4-flash-20260731,off,pattern.rust-v1,pattern,text,5. extra,False,reduce-taught-v1,4,4,1,1167,26,0,0.000081656,5511.677,0.25,0.04558726080970055,0.6993581574175981,1.0
deepseek/deepseek-v4-flash-0731,deepseek/deepseek-v4-flash-20260731,off,pattern.rust-v1,pattern,text,5. extra,True,reduce-infer-v1,4,4,4,1107,24,0,0.000076496,12040.67,1.0,0.5101091635454027,1.0,1.0
deepseek/deepseek-v4-flash-0731,deepseek/deepseek-v4-flash-20260731,off,pattern.rust-v1,pattern,text,5. extra,True,reduce-taught-v1,4,4,4,1175,25,0,0.000082116,8959.762,1.0,0.5101091635454027,1.0,1.0
deepseek/deepseek-v4-flash-0731,deepseek/deepseek-v4-flash-20260731,off,pattern.scheme-v1,pattern,text,1. easy,False,reduce-infer-v1,4,4,1,540,29,0,0.000032036,2745.8639999999996,0.25,0.04558726080970055,0.6993581574175981,1.0
deepseek/deepseek-v4-flash-0731,deepseek/deepseek-v4-flash-20260731,off,pattern.scheme-v1,pattern,text,1. easy,False,reduce-taught-v1,4,4,1,608,29,0,0.000037476,4600.942999999999,0.25,0.04558726080970055,0.6993581574175981,1.0
deepseek/deepseek-v4-flash-0731,deepseek/deepseek-v4-flash-20260731,off,pattern.scheme-v1,pattern,text,1. easy,True,reduce-infer-v1,4,4,2,538,30,0,0.000034104,6191.691,0.5,0.15003898915214947,0.8499610108478506,1.0
deepseek/deepseek-v4-flash-0731,deepseek/deepseek-v4-flash-20260731,off,pattern.scheme-v1,pattern,text,1. easy,True,reduce-taught-v1,4,4,1,606,31,0,0.000037676,5419.5380000000005,0.25,0.04558726080970055,0.6993581574175981,1.0
deepseek/deepseek-v4-flash-0731,deepseek/deepseek-v4-flash-20260731,off,pattern.scheme-v1,pattern,text,2. medium,False,reduce-infer-v1,4,4,2,625,30,0,0.000039016,4042.043,0.5,0.15003898915214947,0.8499610108478506,1.0
deepseek/deepseek-v4-flash-0731,deepseek/deepseek-v4-flash-20260731,off,pattern.scheme-v1,pattern,text,2. medium,False,reduce-taught-v1,4,4,4,693,32,0,0.000044816,3960.299,1.0,0.5101091635454027,1.0,1.0
deepseek/deepseek-v4-flash-0731,deepseek/deepseek-v4-flash-20260731,off,pattern.scheme-v1,pattern,text,2. medium,True,reduce-infer-v1,4,4,2,613,30,0,0.000038056,9443.679,0.5,0.15003898915214947,0.8499610108478506,1.0
deepseek/deepseek-v4-flash-0731,deepseek/deepseek-v4-flash-20260731,off,pattern.scheme-v1,pattern,text,2. medium,True,reduce-taught-v1,4,4,0,681,32,0,0.000043856,8876.046,0.0,0.0,0.4898908364545973,1.0
deepseek/deepseek-v4-flash-0731,deepseek/deepseek-v4-flash-20260731,off,pattern.scheme-v1,pattern,text,3. hard,False,reduce-infer-v1,4,4,2,727,29,0,0.000046996,11683.701,0.5,0.15003898915214947,0.8499610108478506,1.0
deepseek/deepseek-v4-flash-0731,deepseek/deepseek-v4-flash-20260731,off,pattern.scheme-v1,pattern,text,3. hard,False,reduce-taught-v1,4,4,0,795,28,0,0.000052256,9579.422999999999,0.0,0.0,0.4898908364545973,1.0
deepseek/deepseek-v4-flash-0731,deepseek/deepseek-v4-flash-20260731,off,pattern.scheme-v1,pattern,text,3. hard,True,reduce-infer-v1,4,4,0,732,32,0,0.000047936,7753.625,0.0,0.0,0.4898908364545973,1.0
deepseek/deepseek-v4-flash-0731,deepseek/deepseek-v4-flash-20260731,off,pattern.scheme-v1,pattern,text,3. hard,True,reduce-taught-v1,4,4,2,800,28,0,0.000052656,10988.885,0.5,0.15003898915214947,0.8499610108478506,1.0
deepseek/deepseek-v4-flash-0731,deepseek/deepseek-v4-flash-20260731,off,pattern.scheme-v1,pattern,text,4. lunatic,False,reduce-infer-v1,4,4,3,779,27,0,0.000050796,7692.186,0.75,0.30064184258240184,0.9544127391902995,1.0
deepseek/deepseek-v4-flash-0731,deepseek/deepseek-v4-flash-20260731,off,pattern.scheme-v1,pattern,text,4. lunatic,False,reduce-taught-v1,4,4,2,847,32,0,0.000057136,15025.583999999999,0.5,0.15003898915214947,0.8499610108478506,1.0
deepseek/deepseek-v4-flash-0731,deepseek/deepseek-v4-flash-20260731,off,pattern.scheme-v1,pattern,text,4. lunatic,True,reduce-infer-v1,4,4,2,782,29,0,0.000051396,9242.079,0.5,0.15003898915214947,0.8499610108478506,1.0
deepseek/deepseek-v4-flash-0731,deepseek/deepseek-v4-flash-20260731,off,pattern.scheme-v1,pattern,text,4. lunatic,True,reduce-taught-v1,4,4,1,850,30,0,0.000057016,15310.439,0.25,0.04558726080970055,0.6993581574175981,1.0
deepseek/deepseek-v4-flash-0731,deepseek/deepseek-v4-flash-20260731,off,pattern.scheme-v1,pattern,text,5. extra,False,reduce-infer-v1,4,4,1,809,25,0,0.000052836,17364.754,0.25,0.04558726080970055,0.6993581574175981,1.0
deepseek/deepseek-v4-flash-0731,deepseek/deepseek-v4-flash-20260731,off,pattern.scheme-v1,pattern,text,5. extra,False,reduce-taught-v1,4,4,0,877,33,0,0.000059716,7712.7970000000005,0.0,0.0,0.4898908364545973,1.0
deepseek/deepseek-v4-flash-0731,deepseek/deepseek-v4-flash-20260731,off,pattern.scheme-v1,pattern,text,5. extra,True,reduce-infer-v1,4,4,3,815,26,0,0.000053496,12166.646,0.75,0.30064184258240184,0.9544127391902995,1.0
deepseek/deepseek-v4-flash-0731,deepseek/deepseek-v4-flash-20260731,off,pattern.scheme-v1,pattern,text,5. extra,True,reduce-taught-v1,4,4,3,883,35,0,0.000060556,10267.132,0.75,0.30064184258240184,0.9544127391902995,1.0
deepseek/deepseek-v4-flash-0731,deepseek/deepseek-v4-flash-20260731,off,prose.containment-jitter-v1,prose,text,1. easy,False,reduce-infer-v1,4,4,2,580,29,0,0.000035236,3796.09,0.5,0.15003898915214947,0.8499610108478506,1.0
deepseek/deepseek-v4-flash-0731,deepseek/deepseek-v4-flash-20260731,off,prose.containment-jitter-v1,prose,text,1. easy,False,reduce-taught-v1,4,4,4,648,32,0,0.000041216,4826.346,1.0,0.5101091635454027,1.0,1.0
deepseek/deepseek-v4-flash-0731,deepseek/deepseek-v4-flash-20260731,off,prose.containment-jitter-v1,prose,text,1. easy,True,reduce-infer-v1,4,4,2,564,30,0,0.000036184,2221.069,0.5,0.15003898915214947,0.8499610108478506,1.0
deepseek/deepseek-v4-flash-0731,deepseek/deepseek-v4-flash-20260731,off,prose.containment-jitter-v1,prose,text,1. easy,True,reduce-taught-v1,4,4,0,632,32,0,0.000039936,3929.9410000000003,0.0,0.0,0.4898908364545973,1.0
deepseek/deepseek-v4-flash-0731,deepseek/deepseek-v4-flash-20260731,off,prose.containment-jitter-v1,prose,text,2. medium,False,reduce-infer-v1,4,4,2,669,30,0,0.000042536,6160.8060000000005,0.5,0.15003898915214947,0.8499610108478506,1.0
deepseek/deepseek-v4-flash-0731,deepseek/deepseek-v4-flash-20260731,off,prose.containment-jitter-v1,prose,text,2. medium,False,reduce-taught-v1,4,4,3,737,31,0,0.000048156,4803.925,0.75,0.30064184258240184,0.9544127391902995,1.0
deepseek/deepseek-v4-flash-0731,deepseek/deepseek-v4-flash-20260731,off,prose.containment-jitter-v1,prose,text,2. medium,True,reduce-infer-v1,4,4,0,656,32,0,0.000041856,8946.261,0.0,0.0,0.4898908364545973,1.0
deepseek/deepseek-v4-flash-0731,deepseek/deepseek-v4-flash-20260731,off,prose.containment-jitter-v1,prose,text,2. medium,True,reduce-taught-v1,4,4,0,724,32,0,0.000047296,6538.2080000000005,0.0,0.0,0.4898908364545973,1.0
deepseek/deepseek-v4-flash-0731,deepseek/deepseek-v4-flash-20260731,off,prose.containment-jitter-v1,prose,text,3. hard,False,reduce-infer-v1,4,4,4,704,32,0,0.000045696,9875.141,1.0,0.5101091635454027,1.0,1.0
deepseek/deepseek-v4-flash-0731,deepseek/deepseek-v4-flash-20260731,off,prose.containment-jitter-v1,prose,text,3. hard,False,reduce-taught-v1,4,4,3,772,31,0,0.000050956,14617.604,0.75,0.30064184258240184,0.9544127391902995,1.0
deepseek/deepseek-v4-flash-0731,deepseek/deepseek-v4-flash-20260731,off,prose.containment-jitter-v1,prose,text,3. hard,True,reduce-infer-v1,4,4,0,652,32,0,0.000041536,8664.161,0.0,0.0,0.4898908364545973,1.0
deepseek/deepseek-v4-flash-0731,deepseek/deepseek-v4-flash-20260731,off,prose.containment-jitter-v1,prose,text,3. hard,True,reduce-taught-v1,4,4,0,720,32,0,0.000046976,7039.798000000001,0.0,0.0,0.4898908364545973,1.0
deepseek/deepseek-v4-flash-0731,deepseek/deepseek-v4-flash-20260731,off,prose.containment-jitter-v1,prose,text,4. lunatic,False,reduce-infer-v1,4,4,4,716,32,0,0.000046656,13491.925,1.0,0.5101091635454027,1.0,1.0
deepseek/deepseek-v4-flash-0731,deepseek/deepseek-v4-flash-20260731,off,prose.containment-jitter-v1,prose,text,4. lunatic,False,reduce-taught-v1,4,4,4,784,32,0,0.000052096,3555.8630000000003,1.0,0.5101091635454027,1.0,1.0
deepseek/deepseek-v4-flash-0731,deepseek/deepseek-v4-flash-20260731,off,prose.containment-jitter-v1,prose,text,4. lunatic,True,reduce-infer-v1,4,4,0,701,32,0,0.000045456,12179.639,0.0,0.0,0.4898908364545973,1.0
deepseek/deepseek-v4-flash-0731,deepseek/deepseek-v4-flash-20260731,off,prose.containment-jitter-v1,prose,text,4. lunatic,True,reduce-taught-v1,4,4,0,769,32,0,0.000050896,11320.181,0.0,0.0,0.4898908364545973,1.0
deepseek/deepseek-v4-flash-0731,deepseek/deepseek-v4-flash-20260731,off,prose.containment-jitter-v1,prose,text,5. extra,False,reduce-infer-v1,4,4,1,946,35,0,0.000065596,12715.414,0.25,0.04558726080970055,0.6993581574175981,1.0
deepseek/deepseek-v4-flash-0731,deepseek/deepseek-v4-flash-20260731,off,prose.containment-jitter-v1,prose,text,5. extra,False,reduce-taught-v1,4,4,4,1014,32,0,0.000070496,17098.529000000002,1.0,0.5101091635454027,1.0,1.0
deepseek/deepseek-v4-flash-0731,deepseek/deepseek-v4-flash-20260731,off,prose.containment-jitter-v1,prose,text,5. extra,True,reduce-infer-v1,4,4,1,929,34,0,0.000064056,11860.04,0.25,0.04558726080970055,0.6993581574175981,1.0
deepseek/deepseek-v4-flash-0731,deepseek/deepseek-v4-flash-20260731,off,prose.containment-jitter-v1,prose,text,5. extra,True,reduce-taught-v1,4,4,1,997,31,0,0.000068956,8115.259999999999,0.25,0.04558726080970055,0.6993581574175981,1.0
deepseek/deepseek-v4-flash-0731,deepseek/deepseek-v4-flash-20260731,off,prose.containment-plain-v1,prose,text,1. easy,False,reduce-infer-v1,4,4,4,578,32,0,0.000035616,5727.564,1.0,0.5101091635454027,1.0,1.0
deepseek/deepseek-v4-flash-0731,deepseek/deepseek-v4-flash-20260731,off,prose.containment-plain-v1,prose,text,1. easy,False,reduce-taught-v1,4,4,4,646,32,0,0.000041056,24839.606999999996,1.0,0.5101091635454027,1.0,1.0
deepseek/deepseek-v4-flash-0731,deepseek/deepseek-v4-flash-20260731,off,prose.containment-plain-v1,prose,text,1. easy,True,reduce-infer-v1,4,4,2,563,29,0,0.000035924,4566.824,0.5,0.15003898915214947,0.8499610108478506,1.0
deepseek/deepseek-v4-flash-0731,deepseek/deepseek-v4-flash-20260731,off,prose.containment-plain-v1,prose,text,1. easy,True,reduce-taught-v1,4,4,0,631,32,0,0.000039856,2664.352,0.0,0.0,0.4898908364545973,1.0
deepseek/deepseek-v4-flash-0731,deepseek/deepseek-v4-flash-20260731,off,prose.containment-plain-v1,prose,text,2. medium,False,reduce-infer-v1,4,4,2,668,30,0,0.000042456,4547.575,0.5,0.15003898915214947,0.8499610108478506,1.0
deepseek/deepseek-v4-flash-0731,deepseek/deepseek-v4-flash-20260731,off,prose.containment-plain-v1,prose,text,2. medium,False,reduce-taught-v1,4,4,3,736,31,0,0.000048076,5101.699999999999,0.75,0.30064184258240184,0.9544127391902995,1.0
deepseek/deepseek-v4-flash-0731,deepseek/deepseek-v4-flash-20260731,off,prose.containment-plain-v1,prose,text,2. medium,True,reduce-infer-v1,4,4,0,652,32,0,0.000041536,7784.803999999999,0.0,0.0,0.4898908364545973,1.0
deepseek/deepseek-v4-flash-0731,deepseek/deepseek-v4-flash-20260731,off,prose.containment-plain-v1,prose,text,2. medium,True,reduce-taught-v1,4,4,1,720,31,0,0.000046796,6303.9,0.25,0.04558726080970055,0.6993581574175981,1.0
deepseek/deepseek-v4-flash-0731,deepseek/deepseek-v4-flash-20260731,off,prose.containment-plain-v1,prose,text,3. hard,False,reduce-infer-v1,4,4,4,703,32,0,0.000045616,11427.431,1.0,0.5101091635454027,1.0,1.0
deepseek/deepseek-v4-flash-0731,deepseek/deepseek-v4-flash-20260731,off,prose.containment-plain-v1,prose,text,3. hard,False,reduce-taught-v1,4,4,4,771,32,0,0.000051056,11611.381,1.0,0.5101091635454027,1.0,1.0
deepseek/deepseek-v4-flash-0731,deepseek/deepseek-v4-flash-20260731,off,prose.containment-plain-v1,prose,text,3. hard,True,reduce-infer-v1,4,4,0,647,31,0,0.000040956,5783.937999999999,0.0,0.0,0.4898908364545973,1.0
deepseek/deepseek-v4-flash-0731,deepseek/deepseek-v4-flash-20260731,off,prose.containment-plain-v1,prose,text,3. hard,True,reduce-taught-v1,4,4,0,715,32,0,0.000046576,7869.002,0.0,0.0,0.4898908364545973,1.0
deepseek/deepseek-v4-flash-0731,deepseek/deepseek-v4-flash-20260731,off,prose.containment-plain-v1,prose,text,4. lunatic,False,reduce-infer-v1,4,4,4,712,32,0,0.000046336,8730.214,1.0,0.5101091635454027,1.0,1.0
deepseek/deepseek-v4-flash-0731,deepseek/deepseek-v4-flash-20260731,off,prose.containment-plain-v1,prose,text,4. lunatic,False,reduce-taught-v1,4,4,4,780,32,0,0.000051776,5488.1230000000005,1.0,0.5101091635454027,1.0,1.0
deepseek/deepseek-v4-flash-0731,deepseek/deepseek-v4-flash-20260731,off,prose.containment-plain-v1,prose,text,4. lunatic,True,reduce-infer-v1,4,4,0,698,32,0,0.000045216,7076.575000000001,0.0,0.0,0.4898908364545973,1.0
deepseek/deepseek-v4-flash-0731,deepseek/deepseek-v4-flash-20260731,off,prose.containment-plain-v1,prose,text,4. lunatic,True,reduce-taught-v1,4,4,0,766,32,0,0.000050656,28660.25,0.0,0.0,0.4898908364545973,1.0
deepseek/deepseek-v4-flash-0731,deepseek/deepseek-v4-flash-20260731,off,prose.containment-plain-v1,prose,text,5. extra,False,reduce-infer-v1,4,4,3,942,31,0,0.000064556,16268.795,0.75,0.30064184258240184,0.9544127391902995,1.0
deepseek/deepseek-v4-flash-0731,deepseek/deepseek-v4-flash-20260731,off,prose.containment-plain-v1,prose,text,5. extra,False,reduce-taught-v1,4,4,4,1010,32,0,0.000070176,9466.307999999999,1.0,0.5101091635454027,1.0,1.0
deepseek/deepseek-v4-flash-0731,deepseek/deepseek-v4-flash-20260731,off,prose.containment-plain-v1,prose,text,5. extra,True,reduce-infer-v1,4,4,2,924,33,0,0.000063476,7720.87,0.5,0.15003898915214947,0.8499610108478506,1.0
deepseek/deepseek-v4-flash-0731,deepseek/deepseek-v4-flash-20260731,off,prose.containment-plain-v1,prose,text,5. extra,True,reduce-taught-v1,4,4,0,992,32,0,0.000068736,6386.091,0.0,0.0,0.4898908364545973,1.0
deepseek/deepseek-v4-flash-0731,deepseek/deepseek-v4-flash-20260731,off,trees.indent-jitter-v1,trees,text,1. easy,False,reduce-infer-v1,4,4,2,544,28,0,0.000032176,3024.989,0.5,0.15003898915214947,0.8499610108478506,1.0
deepseek/deepseek-v4-flash-0731,deepseek/deepseek-v4-flash-20260731,off,trees.indent-jitter-v1,trees,text,1. easy,False,reduce-taught-v1,4,4,4,612,31,0,0.000038156,2524.73,1.0,0.5101091635454027,1.0,1.0
deepseek/deepseek-v4-flash-0731,deepseek/deepseek-v4-flash-20260731,off,trees.indent-jitter-v1,trees,text,1. easy,True,reduce-infer-v1,4,4,2,553,29,0,0.000035124,3638.621,0.5,0.15003898915214947,0.8499610108478506,1.0
deepseek/deepseek-v4-flash-0731,deepseek/deepseek-v4-flash-20260731,off,trees.indent-jitter-v1,trees,text,1. easy,True,reduce-taught-v1,4,4,2,621,29,0,0.000038516,2217.147,0.5,0.15003898915214947,0.8499610108478506,1.0
deepseek/deepseek-v4-flash-0731,deepseek/deepseek-v4-flash-20260731,off,trees.indent-jitter-v1,trees,text,2. medium,False,reduce-infer-v1,4,4,4,682,32,0,0.000043936,4240.594,1.0,0.5101091635454027,1.0,1.0
deepseek/deepseek-v4-flash-0731,deepseek/deepseek-v4-flash-20260731,off,trees.indent-jitter-v1,trees,text,2. medium,False,reduce-taught-v1,4,4,2,750,29,0,0.000048836,5831.232,0.5,0.15003898915214947,0.8499610108478506,1.0
deepseek/deepseek-v4-flash-0731,deepseek/deepseek-v4-flash-20260731,off,trees.indent-jitter-v1,trees,text,2. medium,True,reduce-infer-v1,4,4,1,628,31,0,0.000039436,6674.824,0.25,0.04558726080970055,0.6993581574175981,1.0
deepseek/deepseek-v4-flash-0731,deepseek/deepseek-v4-flash-20260731,off,trees.indent-jitter-v1,trees,text,2. medium,True,reduce-taught-v1,4,4,0,696,32,0,0.000045056,5467.493,0.0,0.0,0.4898908364545973,1.0
deepseek/deepseek-v4-flash-0731,deepseek/deepseek-v4-flash-20260731,off,trees.indent-jitter-v1,trees,text,3. hard,False,reduce-infer-v1,4,4,0,795,26,0,0.000051896,11554.594999999998,0.0,0.0,0.4898908364545973,1.0
deepseek/deepseek-v4-flash-0731,deepseek/deepseek-v4-flash-20260731,off,trees.indent-jitter-v1,trees,text,3. hard,False,reduce-taught-v1,4,4,0,863,26,0,0.000057336,10202.816999999997,0.0,0.0,0.4898908364545973,1.0
deepseek/deepseek-v4-flash-0731,deepseek/deepseek-v4-flash-20260731,off,trees.indent-jitter-v1,trees,text,3. hard,True,reduce-infer-v1,4,4,4,797,26,0,0.000052056,10282.054,1.0,0.5101091635454027,1.0,1.0
deepseek/deepseek-v4-flash-0731,deepseek/deepseek-v4-flash-20260731,off,trees.indent-jitter-v1,trees,text,3. hard,True,reduce-taught-v1,4,4,3,865,32,0,0.000058576,11846.858,0.75,0.30064184258240184,0.9544127391902995,1.0
deepseek/deepseek-v4-flash-0731,deepseek/deepseek-v4-flash-20260731,off,trees.indent-jitter-v1,trees,text,4. lunatic,False,reduce-infer-v1,4,4,0,904,29,0,0.000061156,8285.893,0.0,0.0,0.4898908364545973,1.0
deepseek/deepseek-v4-flash-0731,deepseek/deepseek-v4-flash-20260731,off,trees.indent-jitter-v1,trees,text,4. lunatic,False,reduce-taught-v1,4,4,2,972,29,0,0.000066596,8822.883000000002,0.5,0.15003898915214947,0.8499610108478506,1.0
deepseek/deepseek-v4-flash-0731,deepseek/deepseek-v4-flash-20260731,off,trees.indent-jitter-v1,trees,text,4. lunatic,True,reduce-infer-v1,4,4,2,927,30,0,0.000063176,10597.665000000003,0.5,0.15003898915214947,0.8499610108478506,1.0
deepseek/deepseek-v4-flash-0731,deepseek/deepseek-v4-flash-20260731,off,trees.indent-jitter-v1,trees,text,4. lunatic,True,reduce-taught-v1,4,4,4,995,34,0,0.000069336,17551.910999999996,1.0,0.5101091635454027,1.0,1.0
deepseek/deepseek-v4-flash-0731,deepseek/deepseek-v4-flash-20260731,off,trees.indent-jitter-v1,trees,text,5. extra,False,reduce-infer-v1,4,4,1,911,27,0,0.000061356,9672.736,0.25,0.04558726080970055,0.6993581574175981,1.0
deepseek/deepseek-v4-flash-0731,deepseek/deepseek-v4-flash-20260731,off,trees.indent-jitter-v1,trees,text,5. extra,False,reduce-taught-v1,4,4,3,979,31,0,0.000067516,7552.117,0.75,0.30064184258240184,0.9544127391902995,1.0
deepseek/deepseek-v4-flash-0731,deepseek/deepseek-v4-flash-20260731,off,trees.indent-jitter-v1,trees,text,5. extra,True,reduce-infer-v1,4,4,2,929,28,0,0.000062976,12450.77,0.5,0.15003898915214947,0.8499610108478506,1.0
deepseek/deepseek-v4-flash-0731,deepseek/deepseek-v4-flash-20260731,off,trees.indent-jitter-v1,trees,text,5. extra,True,reduce-taught-v1,4,4,2,997,32,0,0.000069136,7114.965,0.5,0.15003898915214947,0.8499610108478506,1.0
deepseek/deepseek-v4-flash-0731,deepseek/deepseek-v4-flash-20260731,off,trees.indent-plain-v1,trees,text,1. easy,False,reduce-infer-v1,4,4,3,541,30,0,0.000032296,3024.821,0.75,0.30064184258240184,0.9544127391902995,1.0
deepseek/deepseek-v4-flash-0731,deepseek/deepseek-v4-flash-20260731,off,trees.indent-plain-v1,trees,text,1. easy,False,reduce-taught-v1,4,4,2,609,30,0,0.000037736,2786.3920000000003,0.5,0.15003898915214947,0.8499610108478506,1.0
deepseek/deepseek-v4-flash-0731,deepseek/deepseek-v4-flash-20260731,off,trees.indent-plain-v1,trees,text,1. easy,True,reduce-infer-v1,4,4,0,542,31,0,0.000034604,2237.45,0.0,0.0,0.4898908364545973,1.0
deepseek/deepseek-v4-flash-0731,deepseek/deepseek-v4-flash-20260731,off,trees.indent-plain-v1,trees,text,1. easy,True,reduce-taught-v1,4,4,1,610,31,0,0.000037996,4861.905000000001,0.25,0.04558726080970055,0.6993581574175981,1.0
deepseek/deepseek-v4-flash-0731,deepseek/deepseek-v4-flash-20260731,off,trees.indent-plain-v1,trees,text,2. medium,False,reduce-infer-v1,4,4,3,646,30,0,0.000040696,15737.052000000001,0.75,0.30064184258240184,0.9544127391902995,1.0
deepseek/deepseek-v4-flash-0731,deepseek/deepseek-v4-flash-20260731,off,trees.indent-plain-v1,trees,text,2. medium,False,reduce-taught-v1,4,4,3,714,31,0,0.000046316,5658.586,0.75,0.30064184258240184,0.9544127391902995,1.0
deepseek/deepseek-v4-flash-0731,deepseek/deepseek-v4-flash-20260731,off,trees.indent-plain-v1,trees,text,2. medium,True,reduce-infer-v1,4,4,0,627,31,0,0.000039356,8918.116,0.0,0.0,0.4898908364545973,1.0
deepseek/deepseek-v4-flash-0731,deepseek/deepseek-v4-flash-20260731,off,trees.indent-plain-v1,trees,text,2. medium,True,reduce-taught-v1,4,4,0,695,31,0,0.000044796,2992.886,0.0,0.0,0.4898908364545973,1.0
deepseek/deepseek-v4-flash-0731,deepseek/deepseek-v4-flash-20260731,off,trees.indent-plain-v1,trees,text,3. hard,False,reduce-infer-v1,4,4,3,752,28,0,0.000048816,6878.379000000001,0.75,0.30064184258240184,0.9544127391902995,1.0
deepseek/deepseek-v4-flash-0731,deepseek/deepseek-v4-flash-20260731,off,trees.indent-plain-v1,trees,text,3. hard,False,reduce-taught-v1,4,4,0,820,40,0,0.000056416,5954.869000000001,0.0,0.0,0.4898908364545973,1.0
deepseek/deepseek-v4-flash-0731,deepseek/deepseek-v4-flash-20260731,off,trees.indent-plain-v1,trees,text,3. hard,True,reduce-infer-v1,4,4,0,752,28,0,0.000048816,5941.675000000001,0.0,0.0,0.4898908364545973,1.0
deepseek/deepseek-v4-flash-0731,deepseek/deepseek-v4-flash-20260731,off,trees.indent-plain-v1,trees,text,3. hard,True,reduce-taught-v1,4,4,3,820,28,0,0.000054256,6440.851,0.75,0.30064184258240184,0.9544127391902995,1.0
deepseek/deepseek-v4-flash-0731,deepseek/deepseek-v4-flash-20260731,off,trees.indent-plain-v1,trees,text,4. lunatic,False,reduce-infer-v1,4,4,0,812,24,0,0.000052896,41181.096000000005,0.0,0.0,0.4898908364545973,1.0
deepseek/deepseek-v4-flash-0731,deepseek/deepseek-v4-flash-20260731,off,trees.indent-plain-v1,trees,text,4. lunatic,False,reduce-taught-v1,4,4,0,880,30,0,0.000059416,6360.935,0.0,0.0,0.4898908364545973,1.0
deepseek/deepseek-v4-flash-0731,deepseek/deepseek-v4-flash-20260731,off,trees.indent-plain-v1,trees,text,4. lunatic,True,reduce-infer-v1,4,4,4,812,32,0,0.000054336,29614.977,1.0,0.5101091635454027,1.0,1.0
deepseek/deepseek-v4-flash-0731,deepseek/deepseek-v4-flash-20260731,off,trees.indent-plain-v1,trees,text,4. lunatic,True,reduce-taught-v1,4,4,1,880,34,0,0.000060136,40218.42599999999,0.25,0.04558726080970055,0.6993581574175981,1.0
deepseek/deepseek-v4-flash-0731,deepseek/deepseek-v4-flash-20260731,off,trees.indent-plain-v1,trees,text,5. extra,False,reduce-infer-v1,4,4,1,872,25,0,0.000057876,47675.397000000004,0.25,0.04558726080970055,0.6993581574175981,1.0
deepseek/deepseek-v4-flash-0731,deepseek/deepseek-v4-flash-20260731,off,trees.indent-plain-v1,trees,text,5. extra,False,reduce-taught-v1,4,4,0,940,32,0,0.000064576,9197.727,0.0,0.0,0.4898908364545973,1.0
deepseek/deepseek-v4-flash-0731,deepseek/deepseek-v4-flash-20260731,off,trees.indent-plain-v1,trees,text,5. extra,True,reduce-infer-v1,4,4,4,869,24,0,0.000057456,5512.897999999999,1.0,0.5101091635454027,1.0,1.0
deepseek/deepseek-v4-flash-0731,deepseek/deepseek-v4-flash-20260731,off,trees.indent-plain-v1,trees,text,5. extra,True,reduce-taught-v1,4,4,1,937,31,0,0.000064156,10830.086,0.25,0.04558726080970055,0.6993581574175981,1.0
google/gemini-3.1-flash-lite,google/gemini-3.1-flash-lite-20260507,high,biopolymer.rna-arc-plain-v1,biopolymer,image,1. easy,True,reduce-infer-v1,4,4,0,5020,15776,15728,0.012459500,160792.577,0.0,0.0,0.4898908364545973,1.0
google/gemini-3.1-flash-lite,google/gemini-3.1-flash-lite-20260507,high,biopolymer.rna-arc-plain-v1,biopolymer,image,1. easy,True,reduce-taught-v1,4,4,0,5088,15768,15720,0.0124620,102906.592,0.0,0.0,0.4898908364545973,1.0
google/gemini-3.1-flash-lite,google/gemini-3.1-flash-lite-20260507,high,biopolymer.rna-arc-plain-v1,biopolymer,image,2. medium,True,reduce-infer-v1,4,4,0,5020,15776,15728,0.012459500,114364.887,0.0,0.0,0.4898908364545973,1.0
google/gemini-3.1-flash-lite,google/gemini-3.1-flash-lite-20260507,high,biopolymer.rna-arc-plain-v1,biopolymer,image,2. medium,True,reduce-taught-v1,4,4,0,5088,15768,15720,0.0124620,113872.679,0.0,0.0,0.4898908364545973,1.0
google/gemini-3.1-flash-lite,google/gemini-3.1-flash-lite-20260507,high,biopolymer.rna-arc-plain-v1,biopolymer,image,3. hard,True,reduce-infer-v1,4,4,0,5020,15776,15728,0.012459500,118032.79400000001,0.0,0.0,0.4898908364545973,1.0
google/gemini-3.1-flash-lite,google/gemini-3.1-flash-lite-20260507,high,biopolymer.rna-arc-plain-v1,biopolymer,image,3. hard,True,reduce-taught-v1,4,4,0,5088,15768,15720,0.0124620,103536.216,0.0,0.0,0.4898908364545973,1.0
google/gemini-3.1-flash-lite,google/gemini-3.1-flash-lite-20260507,high,biopolymer.rna-arc-plain-v1,biopolymer,image,4. lunatic,True,reduce-infer-v1,4,4,0,5020,15776,15728,0.012459500,117163.661,0.0,0.0,0.4898908364545973,1.0
google/gemini-3.1-flash-lite,google/gemini-3.1-flash-lite-20260507,high,biopolymer.rna-arc-plain-v1,biopolymer,image,4. lunatic,True,reduce-taught-v1,4,4,0,5088,15768,15720,0.0124620,106963.01500000001,0.0,0.0,0.4898908364545973,1.0
google/gemini-3.1-flash-lite,google/gemini-3.1-flash-lite-20260507,high,biopolymer.rna-arc-plain-v1,biopolymer,image,5. extra,True,reduce-infer-v1,4,4,0,5020,15776,15728,0.012459500,114517.062,0.0,0.0,0.4898908364545973,1.0
google/gemini-3.1-flash-lite,google/gemini-3.1-flash-lite-20260507,high,biopolymer.rna-arc-plain-v1,biopolymer,image,5. extra,True,reduce-taught-v1,4,4,0,5088,15768,15720,0.0124620,111552.57900000001,0.0,0.0,0.4898908364545973,1.0
google/gemini-3.1-flash-lite,google/gemini-3.1-flash-lite-20260507,high,biopolymer.rna-dotbracket-filler-v1,biopolymer,text,1. easy,True,reduce-infer-v1,4,4,4,888,15760,15721,0.011931000,105764.24,1.0,0.5101091635454027,1.0,1.0
google/gemini-3.1-flash-lite,google/gemini-3.1-flash-lite-20260507,high,biopolymer.rna-dotbracket-filler-v1,biopolymer,text,1. easy,True,reduce-taught-v1,4,4,3,952,15767,15722,0.011944250,103884.073,0.75,0.30064184258240184,0.9544127391902995,1.0
google/gemini-3.1-flash-lite,google/gemini-3.1-flash-lite-20260507,high,biopolymer.rna-dotbracket-filler-v1,biopolymer,text,2. medium,True,reduce-infer-v1,4,4,2,1038,15770,15724,0.011957250,105028.936,0.5,0.15003898915214947,0.8499610108478506,1.0
google/gemini-3.1-flash-lite,google/gemini-3.1-flash-lite-20260507,high,biopolymer.rna-dotbracket-filler-v1,biopolymer,text,2. medium,True,reduce-taught-v1,4,4,3,1102,15768,15723,0.011963750,105018.363,0.75,0.30064184258240184,0.9544127391902995,1.0
google/gemini-3.1-flash-lite,google/gemini-3.1-flash-lite-20260507,high,biopolymer.rna-dotbracket-filler-v1,biopolymer,text,3. hard,True,reduce-infer-v1,4,4,2,1272,15760,15714,0.011979000,103543.921,0.5,0.15003898915214947,0.8499610108478506,1.0
google/gemini-3.1-flash-lite,google/gemini-3.1-flash-lite-20260507,high,biopolymer.rna-dotbracket-filler-v1,biopolymer,text,3. hard,True,reduce-taught-v1,4,4,1,1336,15765,15718,0.011990750,104927.425,0.25,0.04558726080970055,0.6993581574175981,1.0
google/gemini-3.1-flash-lite,google/gemini-3.1-flash-lite-20260507,high,biopolymer.rna-dotbracket-filler-v1,biopolymer,text,4. lunatic,True,reduce-infer-v1,4,4,1,1368,15770,15723,0.011998500,107930.97499999999,0.25,0.04558726080970055,0.6993581574175981,1.0
google/gemini-3.1-flash-lite,google/gemini-3.1-flash-lite-20260507,high,biopolymer.rna-dotbracket-filler-v1,biopolymer,text,4. lunatic,True,reduce-taught-v1,4,4,0,1432,15771,15723,0.012007250,105340.83,0.0,0.0,0.4898908364545973,1.0
google/gemini-3.1-flash-lite,google/gemini-3.1-flash-lite-20260507,high,biopolymer.rna-dotbracket-filler-v1,biopolymer,text,5. extra,True,reduce-infer-v1,4,4,2,1430,15767,15721,0.012004000,107543.85499999998,0.5,0.15003898915214947,0.8499610108478506,1.0
google/gemini-3.1-flash-lite,google/gemini-3.1-flash-lite-20260507,high,biopolymer.rna-dotbracket-filler-v1,biopolymer,text,5. extra,True,reduce-taught-v1,4,4,2,1494,15766,15720,0.012011250,107490.96900000001,0.5,0.15003898915214947,0.8499610108478506,1.0
google/gemini-3.1-flash-lite,google/gemini-3.1-flash-lite-20260507,high,biopolymer.rna-dotbracket-plain-v1,biopolymer,text,1. easy,True,reduce-infer-v1,4,4,3,864,15765,15720,0.011931750,107330.702,0.75,0.30064184258240184,0.9544127391902995,1.0
google/gemini-3.1-flash-lite,google/gemini-3.1-flash-lite-20260507,high,biopolymer.rna-dotbracket-plain-v1,biopolymer,text,1. easy,True,reduce-taught-v1,4,4,3,928,15766,15726,0.011940500,101692.454,0.75,0.30064184258240184,0.9544127391902995,1.0
google/gemini-3.1-flash-lite,google/gemini-3.1-flash-lite-20260507,high,biopolymer.rna-dotbracket-plain-v1,biopolymer,text,2. medium,True,reduce-infer-v1,4,4,2,980,15766,15720,0.011947000,105660.568,0.5,0.15003898915214947,0.8499610108478506,1.0
google/gemini-3.1-flash-lite,google/gemini-3.1-flash-lite-20260507,high,biopolymer.rna-dotbracket-plain-v1,biopolymer,text,2. medium,True,reduce-taught-v1,4,4,1,1044,15766,15719,0.011955000,102295.783,0.25,0.04558726080970055,0.6993581574175981,1.0
google/gemini-3.1-flash-lite,google/gemini-3.1-flash-lite-20260507,high,biopolymer.rna-dotbracket-plain-v1,biopolymer,text,3. hard,True,reduce-infer-v1,4,4,1,1140,15770,15723,0.011970000,105377.928,0.25,0.04558726080970055,0.6993581574175981,1.0
google/gemini-3.1-flash-lite,google/gemini-3.1-flash-lite-20260507,high,biopolymer.rna-dotbracket-plain-v1,biopolymer,text,3. hard,True,reduce-taught-v1,4,4,3,1204,15765,15720,0.011974250,105255.401,0.75,0.30064184258240184,0.9544127391902995,1.0
google/gemini-3.1-flash-lite,google/gemini-3.1-flash-lite-20260507,high,biopolymer.rna-dotbracket-plain-v1,biopolymer,text,4. lunatic,True,reduce-infer-v1,4,4,0,1220,15768,15720,0.011978500,104266.494,0.0,0.0,0.4898908364545973,1.0
google/gemini-3.1-flash-lite,google/gemini-3.1-flash-lite-20260507,high,biopolymer.rna-dotbracket-plain-v1,biopolymer,text,4. lunatic,True,reduce-taught-v1,4,4,1,1284,15765,15718,0.011984250,107146.288,0.25,0.04558726080970055,0.6993581574175981,1.0
google/gemini-3.1-flash-lite,google/gemini-3.1-flash-lite-20260507,high,biopolymer.rna-dotbracket-plain-v1,biopolymer,text,5. extra,True,reduce-infer-v1,4,4,1,1300,15765,15718,0.011986250,108595.47700000001,0.25,0.04558726080970055,0.6993581574175981,1.0
google/gemini-3.1-flash-lite,google/gemini-3.1-flash-lite-20260507,high,biopolymer.rna-dotbracket-plain-v1,biopolymer,text,5. extra,True,reduce-taught-v1,4,4,0,1364,15772,15725,0.011999500,110908.114,0.0,0.0,0.4898908364545973,1.0
google/gemini-3.1-flash-lite,google/gemini-3.1-flash-lite-20260507,high,blocks.plain-v1,blocks,image,1. easy,True,reduce-infer-v1,4,4,4,4956,15771,15727,0.012447750,109486.742,1.0,0.5101091635454027,1.0,1.0
google/gemini-3.1-flash-lite,google/gemini-3.1-flash-lite-20260507,high,blocks.plain-v1,blocks,image,1. easy,True,reduce-taught-v1,4,4,3,5036,15770,15725,0.012457000,169463.084,0.75,0.30064184258240184,0.9544127391902995,1.0
google/gemini-3.1-flash-lite,google/gemini-3.1-flash-lite-20260507,high,blocks.plain-v1,blocks,image,2. medium,True,reduce-infer-v1,4,4,0,4956,15771,15723,0.012447750,109357.98000000001,0.0,0.0,0.4898908364545973,1.0
google/gemini-3.1-flash-lite,google/gemini-3.1-flash-lite-20260507,high,blocks.plain-v1,blocks,image,2. medium,True,reduce-taught-v1,4,4,2,5036,15772,15726,0.012458500,111263.199,0.5,0.15003898915214947,0.8499610108478506,1.0
google/gemini-3.1-flash-lite,google/gemini-3.1-flash-lite-20260507,high,blocks.plain-v1,blocks,image,3. hard,True,reduce-infer-v1,4,4,4,4956,15767,15723,0.012444750,104843.60200000001,1.0,0.5101091635454027,1.0,1.0
google/gemini-3.1-flash-lite,google/gemini-3.1-flash-lite-20260507,high,blocks.plain-v1,blocks,image,3. hard,True,reduce-taught-v1,4,4,2,5036,15763,15717,0.012451750,114930.011,0.5,0.15003898915214947,0.8499610108478506,1.0
google/gemini-3.1-flash-lite,google/gemini-3.1-flash-lite-20260507,high,blocks.plain-v1,blocks,image,4. lunatic,True,reduce-infer-v1,4,4,1,4956,15767,15720,0.012444750,113051.69200000001,0.25,0.04558726080970055,0.6993581574175981,1.0
google/gemini-3.1-flash-lite,google/gemini-3.1-flash-lite-20260507,high,blocks.plain-v1,blocks,image,4. lunatic,True,reduce-taught-v1,4,4,1,5036,15771,15724,0.012457750,118290.57800000001,0.25,0.04558726080970055,0.6993581574175981,1.0
google/gemini-3.1-flash-lite,google/gemini-3.1-flash-lite-20260507,high,blocks.plain-v1,blocks,image,5. extra,True,reduce-infer-v1,4,4,3,4956,13859,13819,0.011013750,125638.186,0.75,0.30064184258240184,0.9544127391902995,1.0
google/gemini-3.1-flash-lite,google/gemini-3.1-flash-lite-20260507,high,blocks.plain-v1,blocks,image,5. extra,True,reduce-taught-v1,4,4,3,5036,15773,15728,0.012459250,115435.526,0.75,0.30064184258240184,0.9544127391902995,1.0
google/gemini-3.1-flash-lite,google/gemini-3.1-flash-lite-20260507,high,embedding.center-clause-jitter-v1,embedding,text,1. easy,True,reduce-infer-v1,4,4,2,871,15773,15727,0.011938625,107816.861,0.5,0.15003898915214947,0.8499610108478506,1.0
google/gemini-3.1-flash-lite,google/gemini-3.1-flash-lite-20260507,high,embedding.center-clause-jitter-v1,embedding,text,1. easy,True,reduce-taught-v1,4,4,2,939,15772,15726,0.011946375,107244.947,0.5,0.15003898915214947,0.8499610108478506,1.0
google/gemini-3.1-flash-lite,google/gemini-3.1-flash-lite-20260507,high,embedding.center-clause-jitter-v1,embedding,text,2. medium,True,reduce-infer-v1,4,4,1,1016,15770,15723,0.011954500,107105.989,0.25,0.04558726080970055,0.6993581574175981,1.0
google/gemini-3.1-flash-lite,google/gemini-3.1-flash-lite-20260507,high,embedding.center-clause-jitter-v1,embedding,text,2. medium,True,reduce-taught-v1,4,4,0,1084,15767,15719,0.011960750,103083.859,0.0,0.0,0.4898908364545973,1.0
google/gemini-3.1-flash-lite,google/gemini-3.1-flash-lite-20260507,high,embedding.center-clause-jitter-v1,embedding,text,3. hard,True,reduce-infer-v1,4,4,1,1205,15760,15713,0.011970625,106461.926,0.25,0.04558726080970055,0.6993581574175981,1.0
google/gemini-3.1-flash-lite,google/gemini-3.1-flash-lite-20260507,high,embedding.center-clause-jitter-v1,embedding,text,3. hard,True,reduce-taught-v1,4,4,0,1273,15770,15722,0.011986625,105320.85500000001,0.0,0.0,0.4898908364545973,1.0
google/gemini-3.1-flash-lite,google/gemini-3.1-flash-lite-20260507,high,embedding.center-clause-jitter-v1,embedding,text,4. lunatic,True,reduce-infer-v1,4,4,0,1276,15763,15715,0.011981750,108931.70000000001,0.0,0.0,0.4898908364545973,1.0
google/gemini-3.1-flash-lite,google/gemini-3.1-flash-lite-20260507,high,embedding.center-clause-jitter-v1,embedding,text,4. lunatic,True,reduce-taught-v1,4,4,1,1344,15765,15718,0.011991750,109460.148,0.25,0.04558726080970055,0.6993581574175981,1.0
google/gemini-3.1-flash-lite,google/gemini-3.1-flash-lite-20260507,high,embedding.center-clause-jitter-v1,embedding,text,5. extra,True,reduce-infer-v1,4,4,0,1426,15770,15722,0.012005750,115839.09399999998,0.0,0.0,0.4898908364545973,1.0
google/gemini-3.1-flash-lite,google/gemini-3.1-flash-lite-20260507,high,embedding.center-clause-jitter-v1,embedding,text,5. extra,True,reduce-taught-v1,4,4,3,1494,15767,15722,0.012012000,109740.624,0.75,0.30064184258240184,0.9544127391902995,1.0
google/gemini-3.1-flash-lite,google/gemini-3.1-flash-lite-20260507,high,embedding.center-clause-plain-v1,embedding,text,1. easy,True,reduce-infer-v1,4,4,1,871,15767,15720,0.011934125,100990.90299999999,0.25,0.04558726080970055,0.6993581574175981,1.0
google/gemini-3.1-flash-lite,google/gemini-3.1-flash-lite-20260507,high,embedding.center-clause-plain-v1,embedding,text,1. easy,True,reduce-taught-v1,4,4,2,939,15767,15721,0.011942625,104116.38399999999,0.5,0.15003898915214947,0.8499610108478506,1.0
google/gemini-3.1-flash-lite,google/gemini-3.1-flash-lite-20260507,high,embedding.center-clause-plain-v1,embedding,text,2. medium,True,reduce-infer-v1,4,4,0,1016,15775,15727,0.011958250,100328.715,0.0,0.0,0.4898908364545973,1.0
google/gemini-3.1-flash-lite,google/gemini-3.1-flash-lite-20260507,high,embedding.center-clause-plain-v1,embedding,text,2. medium,True,reduce-taught-v1,4,4,2,1084,15767,15721,0.011960750,109569.977,0.5,0.15003898915214947,0.8499610108478506,1.0
google/gemini-3.1-flash-lite,google/gemini-3.1-flash-lite-20260507,high,embedding.center-clause-plain-v1,embedding,text,3. hard,True,reduce-infer-v1,4,4,2,1205,15765,15719,0.011974375,107915.48899999999,0.5,0.15003898915214947,0.8499610108478506,1.0
google/gemini-3.1-flash-lite,google/gemini-3.1-flash-lite-20260507,high,embedding.center-clause-plain-v1,embedding,text,3. hard,True,reduce-taught-v1,4,4,2,1273,15768,15722,0.011985125,106354.094,0.5,0.15003898915214947,0.8499610108478506,1.0
google/gemini-3.1-flash-lite,google/gemini-3.1-flash-lite-20260507,high,embedding.center-clause-plain-v1,embedding,text,4. lunatic,True,reduce-infer-v1,4,4,1,1276,15765,15718,0.011983250,107138.319,0.25,0.04558726080970055,0.6993581574175981,1.0
google/gemini-3.1-flash-lite,google/gemini-3.1-flash-lite-20260507,high,embedding.center-clause-plain-v1,embedding,text,4. lunatic,True,reduce-taught-v1,4,4,2,1344,15766,15720,0.011992500,111275.138,0.5,0.15003898915214947,0.8499610108478506,1.0
google/gemini-3.1-flash-lite,google/gemini-3.1-flash-lite-20260507,high,embedding.center-clause-plain-v1,embedding,text,5. extra,True,reduce-infer-v1,4,4,1,1426,15772,15725,0.012007250,112122.49,0.25,0.04558726080970055,0.6993581574175981,1.0
google/gemini-3.1-flash-lite,google/gemini-3.1-flash-lite-20260507,high,embedding.center-clause-plain-v1,embedding,text,5. extra,True,reduce-taught-v1,4,4,1,1494,15771,15724,0.012015000,110859.159,0.25,0.04558726080970055,0.6993581574175981,1.0
google/gemini-3.1-flash-lite,google/gemini-3.1-flash-lite-20260507,high,enclosure.plain-v1,enclosure,image,1. easy,True,reduce-infer-v1,4,4,4,5056,15760,15716,0.012452,102813.188,1.0,0.5101091635454027,1.0,1.0
google/gemini-3.1-flash-lite,google/gemini-3.1-flash-lite-20260507,high,enclosure.plain-v1,enclosure,image,1. easy,True,reduce-taught-v1,4,4,0,5128,6808,6760,0.00574700,88713.16500000001,0.0,0.0,0.4898908364545973,1.0
google/gemini-3.1-flash-lite,google/gemini-3.1-flash-lite-20260507,high,enclosure.plain-v1,enclosure,image,2. medium,True,reduce-infer-v1,4,4,4,5056,15760,15716,0.012452,104901.478,1.0,0.5101091635454027,1.0,1.0
google/gemini-3.1-flash-lite,google/gemini-3.1-flash-lite-20260507,high,enclosure.plain-v1,enclosure,image,2. medium,True,reduce-taught-v1,4,4,0,5128,6808,6760,0.00574700,88175.45,0.0,0.0,0.4898908364545973,1.0
google/gemini-3.1-flash-lite,google/gemini-3.1-flash-lite-20260507,high,enclosure.plain-v1,enclosure,image,3. hard,True,reduce-infer-v1,4,4,4,5056,15760,15716,0.012452,122689.22899999999,1.0,0.5101091635454027,1.0,1.0
google/gemini-3.1-flash-lite,google/gemini-3.1-flash-lite-20260507,high,enclosure.plain-v1,enclosure,image,3. hard,True,reduce-taught-v1,4,4,0,5128,6808,6760,0.00574700,88394.823,0.0,0.0,0.4898908364545973,1.0
google/gemini-3.1-flash-lite,google/gemini-3.1-flash-lite-20260507,high,enclosure.plain-v1,enclosure,image,4. lunatic,True,reduce-infer-v1,4,4,4,5056,15760,15716,0.012452,109500.42499999999,1.0,0.5101091635454027,1.0,1.0
google/gemini-3.1-flash-lite,google/gemini-3.1-flash-lite-20260507,high,enclosure.plain-v1,enclosure,image,4. lunatic,True,reduce-taught-v1,4,4,0,5128,6808,6760,0.00574700,88025.554,0.0,0.0,0.4898908364545973,1.0
google/gemini-3.1-flash-lite,google/gemini-3.1-flash-lite-20260507,high,enclosure.plain-v1,enclosure,image,5. extra,True,reduce-infer-v1,4,4,4,5056,15760,15716,0.012452,107354.21800000001,1.0,0.5101091635454027,1.0,1.0
google/gemini-3.1-flash-lite,google/gemini-3.1-flash-lite-20260507,high,enclosure.plain-v1,enclosure,image,5. extra,True,reduce-taught-v1,4,4,0,5128,6808,6760,0.00574700,99470.442,0.0,0.0,0.4898908364545973,1.0
google/gemini-3.1-flash-lite,google/gemini-3.1-flash-lite-20260507,high,graph.plain-v1,graph,image,1. easy,True,reduce-infer-v1,4,4,3,5056,15762,15717,0.01245350,111320.50499999999,0.75,0.30064184258240184,0.9544127391902995,1.0
google/gemini-3.1-flash-lite,google/gemini-3.1-flash-lite-20260507,high,graph.plain-v1,graph,image,1. easy,True,reduce-taught-v1,4,4,2,5132,15770,15724,0.012469000,111238.87700000001,0.5,0.15003898915214947,0.8499610108478506,1.0
google/gemini-3.1-flash-lite,google/gemini-3.1-flash-lite-20260507,high,graph.plain-v1,graph,image,2. medium,True,reduce-infer-v1,4,4,2,5056,15767,15721,0.01245725,117567.117,0.5,0.15003898915214947,0.8499610108478506,1.0
google/gemini-3.1-flash-lite,google/gemini-3.1-flash-lite-20260507,high,graph.plain-v1,graph,image,2. medium,True,reduce-taught-v1,4,4,4,5132,13439,13395,0.010720750,102947.33599999998,1.0,0.5101091635454027,1.0,1.0
google/gemini-3.1-flash-lite,google/gemini-3.1-flash-lite-20260507,high,graph.plain-v1,graph,image,3. hard,True,reduce-infer-v1,4,4,4,5056,12578,12539,0.01006550,104644.859,1.0,0.5101091635454027,1.0,1.0
google/gemini-3.1-flash-lite,google/gemini-3.1-flash-lite-20260507,high,graph.plain-v1,graph,image,3. hard,True,reduce-taught-v1,4,4,4,5132,15765,15721,0.012465250,112038.76299999999,1.0,0.5101091635454027,1.0,1.0
google/gemini-3.1-flash-lite,google/gemini-3.1-flash-lite-20260507,high,graph.plain-v1,graph,image,4. lunatic,True,reduce-infer-v1,4,4,4,5056,6285,6251,0.00534575,91099.968,1.0,0.5101091635454027,1.0,1.0
google/gemini-3.1-flash-lite,google/gemini-3.1-flash-lite-20260507,high,graph.plain-v1,graph,image,4. lunatic,True,reduce-taught-v1,4,4,4,5132,15768,15724,0.012467500,114920.18800000001,1.0,0.5101091635454027,1.0,1.0
google/gemini-3.1-flash-lite,google/gemini-3.1-flash-lite-20260507,high,graph.plain-v1,graph,image,5. extra,True,reduce-infer-v1,4,4,4,5056,5749,5715,0.00494375,86879.54,1.0,0.5101091635454027,1.0,1.0
google/gemini-3.1-flash-lite,google/gemini-3.1-flash-lite-20260507,high,graph.plain-v1,graph,image,5. extra,True,reduce-taught-v1,4,4,4,5132,15771,15727,0.012469750,117537.72499999999,1.0,0.5101091635454027,1.0,1.0
google/gemini-3.1-flash-lite,google/gemini-3.1-flash-lite-20260507,high,map-centred.plain-v1,map_centred,image,1. easy,True,reduce-infer-v1,4,4,1,5056,15767,15720,0.01245725,114269.639,0.25,0.04558726080970055,0.6993581574175981,1.0
google/gemini-3.1-flash-lite,google/gemini-3.1-flash-lite-20260507,high,map-centred.plain-v1,map_centred,image,1. easy,True,reduce-taught-v1,4,4,1,5120,15767,15720,0.01246525,113052.277,0.25,0.04558726080970055,0.6993581574175981,1.0
google/gemini-3.1-flash-lite,google/gemini-3.1-flash-lite-20260507,high,map-centred.plain-v1,map_centred,image,2. medium,True,reduce-infer-v1,4,4,4,5056,15770,15726,0.0124595,114401.207,1.0,0.5101091635454027,1.0,1.0
google/gemini-3.1-flash-lite,google/gemini-3.1-flash-lite-20260507,high,map-centred.plain-v1,map_centred,image,2. medium,True,reduce-taught-v1,4,4,2,5120,15122,15076,0.01198150,112761.661,0.5,0.15003898915214947,0.8499610108478506,1.0
google/gemini-3.1-flash-lite,google/gemini-3.1-flash-lite-20260507,high,map-centred.plain-v1,map_centred,image,3. hard,True,reduce-infer-v1,4,4,3,5056,15765,15720,0.01245575,109227.491,0.75,0.30064184258240184,0.9544127391902995,1.0
google/gemini-3.1-flash-lite,google/gemini-3.1-flash-lite-20260507,high,map-centred.plain-v1,map_centred,image,3. hard,True,reduce-taught-v1,4,4,2,5120,15762,15716,0.01246150,109652.783,0.5,0.15003898915214947,0.8499610108478506,1.0
google/gemini-3.1-flash-lite,google/gemini-3.1-flash-lite-20260507,high,map-centred.plain-v1,map_centred,image,4. lunatic,True,reduce-infer-v1,4,4,1,5056,15771,15724,0.01246025,111081.242,0.25,0.04558726080970055,0.6993581574175981,1.0
google/gemini-3.1-flash-lite,google/gemini-3.1-flash-lite-20260507,high,map-centred.plain-v1,map_centred,image,4. lunatic,True,reduce-taught-v1,4,4,2,5120,15772,15726,0.01246900,107490.099,0.5,0.15003898915214947,0.8499610108478506,1.0
google/gemini-3.1-flash-lite,google/gemini-3.1-flash-lite-20260507,high,map-centred.plain-v1,map_centred,image,5. extra,True,reduce-infer-v1,4,4,2,5056,12925,12879,0.01032575,102113.886,0.5,0.15003898915214947,0.8499610108478506,1.0
google/gemini-3.1-flash-lite,google/gemini-3.1-flash-lite-20260507,high,map-centred.plain-v1,map_centred,image,5. extra,True,reduce-taught-v1,4,4,2,5120,15769,15723,0.01246675,113897.39999999998,0.5,0.15003898915214947,0.8499610108478506,1.0
google/gemini-3.1-flash-lite,google/gemini-3.1-flash-lite-20260507,high,map.plain-v1,map,image,1. easy,True,reduce-infer-v1,4,4,1,5056,12497,12455,0.01000475,106771.91900000001,0.25,0.04558726080970055,0.6993581574175981,1.0
google/gemini-3.1-flash-lite,google/gemini-3.1-flash-lite-20260507,high,map.plain-v1,map,image,1. easy,True,reduce-taught-v1,4,4,1,5124,10965,10924,0.008864250,137475.703,0.25,0.04558726080970055,0.6993581574175981,1.0
google/gemini-3.1-flash-lite,google/gemini-3.1-flash-lite-20260507,high,map.plain-v1,map,image,2. medium,True,reduce-infer-v1,4,4,2,5056,15767,15721,0.01245725,115431.21100000001,0.5,0.15003898915214947,0.8499610108478506,1.0
google/gemini-3.1-flash-lite,google/gemini-3.1-flash-lite-20260507,high,map.plain-v1,map,image,2. medium,True,reduce-taught-v1,4,4,2,5124,14956,14910,0.011857500,113176.40699999999,0.5,0.15003898915214947,0.8499610108478506,1.0
google/gemini-3.1-flash-lite,google/gemini-3.1-flash-lite-20260507,high,map.plain-v1,map,image,3. hard,True,reduce-infer-v1,4,4,1,5056,15772,15725,0.01246100,117332.048,0.25,0.04558726080970055,0.6993581574175981,1.0
google/gemini-3.1-flash-lite,google/gemini-3.1-flash-lite-20260507,high,map.plain-v1,map,image,3. hard,True,reduce-taught-v1,4,4,2,5124,15766,15720,0.012465000,116059.81,0.5,0.15003898915214947,0.8499610108478506,1.0
google/gemini-3.1-flash-lite,google/gemini-3.1-flash-lite-20260507,high,map.plain-v1,map,image,4. lunatic,True,reduce-infer-v1,4,4,4,5056,15760,15716,0.01245200,120294.705,1.0,0.5101091635454027,1.0,1.0
google/gemini-3.1-flash-lite,google/gemini-3.1-flash-lite-20260507,high,map.plain-v1,map,image,4. lunatic,True,reduce-taught-v1,4,4,1,5124,15771,15724,0.012468750,113144.745,0.25,0.04558726080970055,0.6993581574175981,1.0
google/gemini-3.1-flash-lite,google/gemini-3.1-flash-lite-20260507,high,map.plain-v1,map,image,5. extra,True,reduce-infer-v1,4,4,1,5056,15765,15718,0.01245575,120899.286,0.25,0.04558726080970055,0.6993581574175981,1.0
google/gemini-3.1-flash-lite,google/gemini-3.1-flash-lite-20260507,high,map.plain-v1,map,image,5. extra,True,reduce-taught-v1,4,4,1,5124,15770,15723,0.012468000,118472.343,0.25,0.04558726080970055,0.6993581574175981,1.0
google/gemini-3.1-flash-lite,google/gemini-3.1-flash-lite-20260507,high,parens.jitter-v1,parens,text,1. easy,True,reduce-infer-v1,4,4,3,751,15770,15725,0.011921375,103010.72799999999,0.75,0.30064184258240184,0.9544127391902995,1.0
google/gemini-3.1-flash-lite,google/gemini-3.1-flash-lite-20260507,high,parens.jitter-v1,parens,text,1. easy,True,reduce-taught-v1,4,4,2,815,15764,15718,0.011924875,103790.95599999999,0.5,0.15003898915214947,0.8499610108478506,1.0
google/gemini-3.1-flash-lite,google/gemini-3.1-flash-lite-20260507,high,parens.jitter-v1,parens,text,2. medium,True,reduce-infer-v1,4,4,0,785,15769,15721,0.011924875,104237.827,0.0,0.0,0.4898908364545973,1.0
google/gemini-3.1-flash-lite,google/gemini-3.1-flash-lite-20260507,high,parens.jitter-v1,parens,text,2. medium,True,reduce-taught-v1,4,4,1,849,15775,15728,0.011937375,101098.419,0.25,0.04558726080970055,0.6993581574175981,1.0
google/gemini-3.1-flash-lite,google/gemini-3.1-flash-lite-20260507,high,parens.jitter-v1,parens,text,3. hard,True,reduce-infer-v1,4,4,0,824,15774,15726,0.011933500,104596.91699999999,0.0,0.0,0.4898908364545973,1.0
google/gemini-3.1-flash-lite,google/gemini-3.1-flash-lite-20260507,high,parens.jitter-v1,parens,text,3. hard,True,reduce-taught-v1,4,4,1,888,15766,15719,0.011935500,107984.795,0.25,0.04558726080970055,0.6993581574175981,1.0
google/gemini-3.1-flash-lite,google/gemini-3.1-flash-lite-20260507,high,parens.jitter-v1,parens,text,4. lunatic,True,reduce-infer-v1,4,4,1,847,15769,15722,0.011932625,105076.46599999999,0.25,0.04558726080970055,0.6993581574175981,1.0
google/gemini-3.1-flash-lite,google/gemini-3.1-flash-lite-20260507,high,parens.jitter-v1,parens,text,4. lunatic,True,reduce-taught-v1,4,4,1,911,15765,15718,0.011937625,103934.356,0.25,0.04558726080970055,0.6993581574175981,1.0
google/gemini-3.1-flash-lite,google/gemini-3.1-flash-lite-20260507,high,parens.jitter-v1,parens,text,5. extra,True,reduce-infer-v1,4,4,0,870,15772,15724,0.011937750,106279.692,0.0,0.0,0.4898908364545973,1.0
google/gemini-3.1-flash-lite,google/gemini-3.1-flash-lite-20260507,high,parens.jitter-v1,parens,text,5. extra,True,reduce-taught-v1,4,4,1,934,15772,15726,0.011945750,315357.418,0.25,0.04558726080970055,0.6993581574175981,1.0
google/gemini-3.1-flash-lite,google/gemini-3.1-flash-lite-20260507,high,parens.noisy-mismatched-v1,parens,text,1. easy,True,reduce-infer-v1,4,4,2,777,15770,15724,0.011924625,103597.557,0.5,0.15003898915214947,0.8499610108478506,1.0
google/gemini-3.1-flash-lite,google/gemini-3.1-flash-lite-20260507,high,parens.noisy-mismatched-v1,parens,text,1. easy,True,reduce-taught-v1,4,4,3,841,15771,15726,0.011933375,102478.10699999999,0.75,0.30064184258240184,0.9544127391902995,1.0
google/gemini-3.1-flash-lite,google/gemini-3.1-flash-lite-20260507,high,parens.noisy-mismatched-v1,parens,text,2. medium,True,reduce-infer-v1,4,4,0,829,15777,15729,0.011936375,108027.531,0.0,0.0,0.4898908364545973,1.0
google/gemini-3.1-flash-lite,google/gemini-3.1-flash-lite-20260507,high,parens.noisy-mismatched-v1,parens,text,2. medium,True,reduce-taught-v1,4,4,0,893,15771,15723,0.011939875,104454.218,0.0,0.0,0.4898908364545973,1.0
google/gemini-3.1-flash-lite,google/gemini-3.1-flash-lite-20260507,high,parens.noisy-mismatched-v1,parens,text,3. hard,True,reduce-infer-v1,4,4,1,900,15770,15723,0.011940000,106336.51400000001,0.25,0.04558726080970055,0.6993581574175981,1.0
google/gemini-3.1-flash-lite,google/gemini-3.1-flash-lite-20260507,high,parens.noisy-mismatched-v1,parens,text,3. hard,True,reduce-taught-v1,4,4,0,964,15768,15720,0.011946500,102993.965,0.0,0.0,0.4898908364545973,1.0
google/gemini-3.1-flash-lite,google/gemini-3.1-flash-lite-20260507,high,parens.noisy-mismatched-v1,parens,text,4. lunatic,True,reduce-infer-v1,4,4,0,929,15769,15721,0.011942875,110763.136,0.0,0.0,0.4898908364545973,1.0
google/gemini-3.1-flash-lite,google/gemini-3.1-flash-lite-20260507,high,parens.noisy-mismatched-v1,parens,text,4. lunatic,True,reduce-taught-v1,4,4,1,993,15772,15725,0.011953125,103535.511,0.25,0.04558726080970055,0.6993581574175981,1.0
google/gemini-3.1-flash-lite,google/gemini-3.1-flash-lite-20260507,high,parens.noisy-mismatched-v1,parens,text,5. extra,True,reduce-infer-v1,4,4,0,966,15760,15712,0.011940750,111155.322,0.0,0.0,0.4898908364545973,1.0
google/gemini-3.1-flash-lite,google/gemini-3.1-flash-lite-20260507,high,parens.noisy-mismatched-v1,parens,text,5. extra,True,reduce-taught-v1,4,4,0,1030,15769,15721,0.011955500,109297.185,0.0,0.0,0.4898908364545973,1.0
google/gemini-3.1-flash-lite,google/gemini-3.1-flash-lite-20260507,high,parens.noisy-v1,parens,text,1. easy,True,reduce-infer-v1,4,4,4,765,15766,15722,0.011920125,103262.61600000001,1.0,0.5101091635454027,1.0,1.0
google/gemini-3.1-flash-lite,google/gemini-3.1-flash-lite-20260507,high,parens.noisy-v1,parens,text,1. easy,True,reduce-taught-v1,4,4,4,829,15771,15727,0.011931875,104233.243,1.0,0.5101091635454027,1.0,1.0
google/gemini-3.1-flash-lite,google/gemini-3.1-flash-lite-20260507,high,parens.noisy-v1,parens,text,2. medium,True,reduce-infer-v1,4,4,1,820,15768,15721,0.011928500,105908.74300000002,0.25,0.04558726080970055,0.6993581574175981,1.0
google/gemini-3.1-flash-lite,google/gemini-3.1-flash-lite-20260507,high,parens.noisy-v1,parens,text,2. medium,True,reduce-taught-v1,4,4,3,884,15773,15728,0.011940250,107771.476,0.75,0.30064184258240184,0.9544127391902995,1.0
google/gemini-3.1-flash-lite,google/gemini-3.1-flash-lite-20260507,high,parens.noisy-v1,parens,text,3. hard,True,reduce-infer-v1,4,4,2,874,15766,15720,0.011933750,108049.454,0.5,0.15003898915214947,0.8499610108478506,1.0
google/gemini-3.1-flash-lite,google/gemini-3.1-flash-lite-20260507,high,parens.noisy-v1,parens,text,3. hard,True,reduce-taught-v1,4,4,2,938,15770,15724,0.011944750,112135.00899999999,0.5,0.15003898915214947,0.8499610108478506,1.0
google/gemini-3.1-flash-lite,google/gemini-3.1-flash-lite-20260507,high,parens.noisy-v1,parens,text,4. lunatic,True,reduce-infer-v1,4,4,1,880,15765,15718,0.011933750,105113.53400000001,0.25,0.04558726080970055,0.6993581574175981,1.0
google/gemini-3.1-flash-lite,google/gemini-3.1-flash-lite-20260507,high,parens.noisy-v1,parens,text,4. lunatic,True,reduce-taught-v1,4,4,1,944,15759,15717,0.011937250,108570.894,0.25,0.04558726080970055,0.6993581574175981,1.0
google/gemini-3.1-flash-lite,google/gemini-3.1-flash-lite-20260507,high,parens.noisy-v1,parens,text,5. extra,True,reduce-infer-v1,4,4,0,948,15765,15717,0.011942250,105585.15299999999,0.0,0.0,0.4898908364545973,1.0
google/gemini-3.1-flash-lite,google/gemini-3.1-flash-lite-20260507,high,parens.noisy-v1,parens,text,5. extra,True,reduce-taught-v1,4,4,0,1012,15770,15722,0.011954000,106453.20300000001,0.0,0.0,0.4898908364545973,1.0
google/gemini-3.1-flash-lite,google/gemini-3.1-flash-lite-20260507,high,parens.reference-v1,parens,text,1. easy,True,reduce-infer-v1,4,4,3,745,15762,15717,0.011914625,101551.15999999999,0.75,0.30064184258240184,0.9544127391902995,1.0
google/gemini-3.1-flash-lite,google/gemini-3.1-flash-lite-20260507,high,parens.reference-v1,parens,text,1. easy,True,reduce-taught-v1,4,4,3,809,12520,12480,0.009491125,93308.556,0.75,0.30064184258240184,0.9544127391902995,1.0
google/gemini-3.1-flash-lite,google/gemini-3.1-flash-lite-20260507,high,parens.reference-v1,parens,text,2. medium,True,reduce-infer-v1,4,4,1,763,15770,15723,0.011922875,105939.56099999999,0.25,0.04558726080970055,0.6993581574175981,1.0
google/gemini-3.1-flash-lite,google/gemini-3.1-flash-lite-20260507,high,parens.reference-v1,parens,text,2. medium,True,reduce-taught-v1,4,4,2,827,15772,15726,0.011932375,102515.67000000001,0.5,0.15003898915214947,0.8499610108478506,1.0
google/gemini-3.1-flash-lite,google/gemini-3.1-flash-lite-20260507,high,parens.reference-v1,parens,text,3. hard,True,reduce-infer-v1,4,4,1,812,15768,15721,0.01192750,105559.34199999999,0.25,0.04558726080970055,0.6993581574175981,1.0
google/gemini-3.1-flash-lite,google/gemini-3.1-flash-lite-20260507,high,parens.reference-v1,parens,text,3. hard,True,reduce-taught-v1,4,4,0,876,15763,15715,0.01193175,105505.413,0.0,0.0,0.4898908364545973,1.0
google/gemini-3.1-flash-lite,google/gemini-3.1-flash-lite-20260507,high,parens.reference-v1,parens,text,4. lunatic,True,reduce-infer-v1,4,4,0,826,15769,15721,0.011930000,107757.59,0.0,0.0,0.4898908364545973,1.0
google/gemini-3.1-flash-lite,google/gemini-3.1-flash-lite-20260507,high,parens.reference-v1,parens,text,4. lunatic,True,reduce-taught-v1,4,4,1,890,15772,15725,0.011940250,105841.22099999999,0.25,0.04558726080970055,0.6993581574175981,1.0
google/gemini-3.1-flash-lite,google/gemini-3.1-flash-lite-20260507,high,parens.reference-v1,parens,text,5. extra,True,reduce-infer-v1,4,4,1,833,15770,15723,0.011931625,107051.82800000001,0.25,0.04558726080970055,0.6993581574175981,1.0
google/gemini-3.1-flash-lite,google/gemini-3.1-flash-lite-20260507,high,parens.reference-v1,parens,text,5. extra,True,reduce-taught-v1,4,4,1,897,15769,15722,0.011938875,108325.335,0.25,0.04558726080970055,0.6993581574175981,1.0
google/gemini-3.1-flash-lite,google/gemini-3.1-flash-lite-20260507,high,parens.word-brackets-mismatched-v1,parens,text,1. easy,True,reduce-infer-v1,4,4,2,782,15766,15720,0.01192225,101881.261,0.5,0.15003898915214947,0.8499610108478506,1.0
google/gemini-3.1-flash-lite,google/gemini-3.1-flash-lite-20260507,high,parens.word-brackets-mismatched-v1,parens,text,1. easy,True,reduce-taught-v1,4,4,1,854,13058,13016,0.00990025,97334.663,0.25,0.04558726080970055,0.6993581574175981,1.0
google/gemini-3.1-flash-lite,google/gemini-3.1-flash-lite-20260507,high,parens.word-brackets-mismatched-v1,parens,text,2. medium,True,reduce-infer-v1,4,4,0,840,15763,15715,0.01192725,106403.538,0.0,0.0,0.4898908364545973,1.0
google/gemini-3.1-flash-lite,google/gemini-3.1-flash-lite-20260507,high,parens.word-brackets-mismatched-v1,parens,text,2. medium,True,reduce-taught-v1,4,4,1,912,15770,15723,0.01194150,102540.56899999999,0.25,0.04558726080970055,0.6993581574175981,1.0
google/gemini-3.1-flash-lite,google/gemini-3.1-flash-lite-20260507,high,parens.word-brackets-mismatched-v1,parens,text,3. hard,True,reduce-infer-v1,4,4,1,920,15766,15719,0.01193950,102959.758,0.25,0.04558726080970055,0.6993581574175981,1.0
google/gemini-3.1-flash-lite,google/gemini-3.1-flash-lite-20260507,high,parens.word-brackets-mismatched-v1,parens,text,3. hard,True,reduce-taught-v1,4,4,1,992,15768,15721,0.01195000,103737.943,0.25,0.04558726080970055,0.6993581574175981,1.0
google/gemini-3.1-flash-lite,google/gemini-3.1-flash-lite-20260507,high,parens.word-brackets-mismatched-v1,parens,text,4. lunatic,True,reduce-infer-v1,4,4,0,960,15767,15719,0.01194525,105998.716,0.0,0.0,0.4898908364545973,1.0
google/gemini-3.1-flash-lite,google/gemini-3.1-flash-lite-20260507,high,parens.word-brackets-mismatched-v1,parens,text,4. lunatic,True,reduce-taught-v1,3,3,0,774,11829,11793,0.00896850,77203.881,0.0,5.551115123125783e-17,0.5614970317550454,1.0
google/gemini-3.1-flash-lite,google/gemini-3.1-flash-lite-20260507,high,parens.word-brackets-mismatched-v1,parens,text,5. extra,True,reduce-infer-v1,4,4,0,1000,15764,15716,0.01194800,109240.30500000001,0.0,0.0,0.4898908364545973,1.0
google/gemini-3.1-flash-lite,google/gemini-3.1-flash-lite-20260507,high,parens.word-brackets-mismatched-v1,parens,text,5. extra,True,reduce-taught-v1,4,4,0,1072,15762,15719,0.01195550,111067.751,0.0,0.0,0.4898908364545973,1.0
google/gemini-3.1-flash-lite,google/gemini-3.1-flash-lite-20260507,high,parens.word-brackets-plain-v1,parens,text,1. easy,True,reduce-infer-v1,4,4,1,782,15771,15724,0.0119260,105674.23899999999,0.25,0.04558726080970055,0.6993581574175981,1.0
google/gemini-3.1-flash-lite,google/gemini-3.1-flash-lite-20260507,high,parens.word-brackets-plain-v1,parens,text,1. easy,True,reduce-taught-v1,4,4,3,854,15763,15718,0.01192900,102635.65,0.75,0.30064184258240184,0.9544127391902995,1.0
google/gemini-3.1-flash-lite,google/gemini-3.1-flash-lite-20260507,high,parens.word-brackets-plain-v1,parens,text,2. medium,True,reduce-infer-v1,4,4,1,840,15774,15727,0.01193550,101813.1,0.25,0.04558726080970055,0.6993581574175981,1.0
google/gemini-3.1-flash-lite,google/gemini-3.1-flash-lite-20260507,high,parens.word-brackets-plain-v1,parens,text,2. medium,True,reduce-taught-v1,4,4,1,912,15771,15724,0.01194225,103069.059,0.25,0.04558726080970055,0.6993581574175981,1.0
google/gemini-3.1-flash-lite,google/gemini-3.1-flash-lite-20260507,high,parens.word-brackets-plain-v1,parens,text,3. hard,True,reduce-infer-v1,4,4,0,920,15768,15720,0.01194100,102771.41100000001,0.0,0.0,0.4898908364545973,1.0
google/gemini-3.1-flash-lite,google/gemini-3.1-flash-lite-20260507,high,parens.word-brackets-plain-v1,parens,text,3. hard,True,reduce-taught-v1,4,4,0,992,15765,15717,0.01194775,101476.41399999999,0.0,0.0,0.4898908364545973,1.0
google/gemini-3.1-flash-lite,google/gemini-3.1-flash-lite-20260507,high,parens.word-brackets-plain-v1,parens,text,4. lunatic,True,reduce-infer-v1,3,3,0,720,11829,11793,0.00896175,78590.381,0.0,5.551115123125783e-17,0.5614970317550454,1.0
google/gemini-3.1-flash-lite,google/gemini-3.1-flash-lite-20260507,high,parens.word-brackets-plain-v1,parens,text,4. lunatic,True,reduce-taught-v1,4,4,0,1032,15769,15721,0.01195575,103231.209,0.0,0.0,0.4898908364545973,1.0
google/gemini-3.1-flash-lite,google/gemini-3.1-flash-lite-20260507,high,parens.word-brackets-plain-v1,parens,text,5. extra,True,reduce-infer-v1,4,4,0,1000,15764,15716,0.01194800,105438.291,0.0,0.0,0.4898908364545973,1.0
google/gemini-3.1-flash-lite,google/gemini-3.1-flash-lite-20260507,high,parens.word-brackets-plain-v1,parens,text,5. extra,True,reduce-taught-v1,4,4,0,1072,15767,15719,0.01195925,106621.483,0.0,0.0,0.4898908364545973,1.0
google/gemini-3.1-flash-lite,google/gemini-3.1-flash-lite-20260507,high,paths.arc-nest-plain-v1,paths,image,1. easy,True,reduce-infer-v1,4,4,0,5020,15776,15728,0.012459500,111714.84599999999,0.0,0.0,0.4898908364545973,1.0
google/gemini-3.1-flash-lite,google/gemini-3.1-flash-lite-20260507,high,paths.arc-nest-plain-v1,paths,image,1. easy,True,reduce-taught-v1,4,4,0,5088,15776,15728,0.012468,108365.401,0.0,0.0,0.4898908364545973,1.0
google/gemini-3.1-flash-lite,google/gemini-3.1-flash-lite-20260507,high,paths.arc-nest-plain-v1,paths,image,2. medium,True,reduce-infer-v1,4,4,0,5020,15776,15728,0.012459500,113263.652,0.0,0.0,0.4898908364545973,1.0
google/gemini-3.1-flash-lite,google/gemini-3.1-flash-lite-20260507,high,paths.arc-nest-plain-v1,paths,image,2. medium,True,reduce-taught-v1,4,4,0,5088,15776,15728,0.012468,107712.541,0.0,0.0,0.4898908364545973,1.0
google/gemini-3.1-flash-lite,google/gemini-3.1-flash-lite-20260507,high,paths.arc-nest-plain-v1,paths,image,3. hard,True,reduce-infer-v1,4,4,0,5020,15776,15728,0.012459500,113879.712,0.0,0.0,0.4898908364545973,1.0
google/gemini-3.1-flash-lite,google/gemini-3.1-flash-lite-20260507,high,paths.arc-nest-plain-v1,paths,image,3. hard,True,reduce-taught-v1,4,4,0,5088,15776,15728,0.012468,108840.85699999999,0.0,0.0,0.4898908364545973,1.0
google/gemini-3.1-flash-lite,google/gemini-3.1-flash-lite-20260507,high,paths.arc-nest-plain-v1,paths,image,4. lunatic,True,reduce-infer-v1,4,4,0,5020,15776,15728,0.012459500,128048.603,0.0,0.0,0.4898908364545973,1.0
google/gemini-3.1-flash-lite,google/gemini-3.1-flash-lite-20260507,high,paths.arc-nest-plain-v1,paths,image,4. lunatic,True,reduce-taught-v1,4,4,0,5088,15776,15728,0.012468,109608.866,0.0,0.0,0.4898908364545973,1.0
google/gemini-3.1-flash-lite,google/gemini-3.1-flash-lite-20260507,high,paths.arc-nest-plain-v1,paths,image,5. extra,True,reduce-infer-v1,4,4,0,5020,15776,15728,0.012459500,116012.69,0.0,0.0,0.4898908364545973,1.0
google/gemini-3.1-flash-lite,google/gemini-3.1-flash-lite-20260507,high,paths.arc-nest-plain-v1,paths,image,5. extra,True,reduce-taught-v1,4,4,0,5088,15776,15728,0.012468,114360.864,0.0,0.0,0.4898908364545973,1.0
google/gemini-3.1-flash-lite,google/gemini-3.1-flash-lite-20260507,high,pattern.java-v1,pattern,text,1. easy,True,reduce-infer-v1,4,4,3,829,15763,15718,0.011925875,105023.66100000001,0.75,0.30064184258240184,0.9544127391902995,1.0
google/gemini-3.1-flash-lite,google/gemini-3.1-flash-lite-20260507,high,pattern.java-v1,pattern,text,1. easy,True,reduce-taught-v1,4,4,1,905,15770,15723,0.011940625,102448.5,0.25,0.04558726080970055,0.6993581574175981,1.0
google/gemini-3.1-flash-lite,google/gemini-3.1-flash-lite-20260507,high,pattern.java-v1,pattern,text,2. medium,True,reduce-infer-v1,4,4,1,933,15770,15723,0.011944125,104300.603,0.25,0.04558726080970055,0.6993581574175981,1.0
google/gemini-3.1-flash-lite,google/gemini-3.1-flash-lite-20260507,high,pattern.java-v1,pattern,text,2. medium,True,reduce-taught-v1,4,4,3,1009,15768,15723,0.011952125,103311.78899999999,0.75,0.30064184258240184,0.9544127391902995,1.0
google/gemini-3.1-flash-lite,google/gemini-3.1-flash-lite-20260507,high,pattern.java-v1,pattern,text,3. hard,True,reduce-infer-v1,4,4,1,1090,15766,15719,0.011960750,106671.463,0.25,0.04558726080970055,0.6993581574175981,1.0
google/gemini-3.1-flash-lite,google/gemini-3.1-flash-lite-20260507,high,pattern.java-v1,pattern,text,3. hard,True,reduce-taught-v1,4,4,2,1166,15772,15727,0.011974750,107175.22799999999,0.5,0.15003898915214947,0.8499610108478506,1.0
google/gemini-3.1-flash-lite,google/gemini-3.1-flash-lite-20260507,high,pattern.java-v1,pattern,text,4. lunatic,True,reduce-infer-v1,4,4,3,1162,15767,15722,0.011970500,105966.36499999999,0.75,0.30064184258240184,0.9544127391902995,1.0
google/gemini-3.1-flash-lite,google/gemini-3.1-flash-lite-20260507,high,pattern.java-v1,pattern,text,4. lunatic,True,reduce-taught-v1,4,4,1,1238,15767,15720,0.01198000,105639.66,0.25,0.04558726080970055,0.6993581574175981,1.0
google/gemini-3.1-flash-lite,google/gemini-3.1-flash-lite-20260507,high,pattern.java-v1,pattern,text,5. extra,True,reduce-infer-v1,4,4,1,1213,15766,15719,0.011976125,112115.736,0.25,0.04558726080970055,0.6993581574175981,1.0
google/gemini-3.1-flash-lite,google/gemini-3.1-flash-lite-20260507,high,pattern.java-v1,pattern,text,5. extra,True,reduce-taught-v1,4,4,1,1289,15775,15728,0.011992375,108015.29999999999,0.25,0.04558726080970055,0.6993581574175981,1.0
google/gemini-3.1-flash-lite,google/gemini-3.1-flash-lite-20260507,high,pattern.lisp-v1,pattern,text,1. easy,True,reduce-infer-v1,4,4,4,798,15762,15718,0.011921250,103221.304,1.0,0.5101091635454027,1.0,1.0
google/gemini-3.1-flash-lite,google/gemini-3.1-flash-lite-20260507,high,pattern.lisp-v1,pattern,text,1. easy,True,reduce-taught-v1,4,4,2,874,15770,15724,0.011936750,102007.65,0.5,0.15003898915214947,0.8499610108478506,1.0
google/gemini-3.1-flash-lite,google/gemini-3.1-flash-lite-20260507,high,pattern.lisp-v1,pattern,text,2. medium,True,reduce-infer-v1,4,4,1,873,15762,15715,0.011930625,106383.712,0.25,0.04558726080970055,0.6993581574175981,1.0
google/gemini-3.1-flash-lite,google/gemini-3.1-flash-lite-20260507,high,pattern.lisp-v1,pattern,text,2. medium,True,reduce-taught-v1,4,4,1,949,15765,15718,0.011942375,101973.29400000001,0.25,0.04558726080970055,0.6993581574175981,1.0
google/gemini-3.1-flash-lite,google/gemini-3.1-flash-lite-20260507,high,pattern.lisp-v1,pattern,text,3. hard,True,reduce-infer-v1,4,4,2,990,15771,15725,0.011952000,105322.361,0.5,0.15003898915214947,0.8499610108478506,1.0
google/gemini-3.1-flash-lite,google/gemini-3.1-flash-lite-20260507,high,pattern.lisp-v1,pattern,text,3. hard,True,reduce-taught-v1,4,4,3,1066,15770,15725,0.011960750,106065.57,0.75,0.30064184258240184,0.9544127391902995,1.0
google/gemini-3.1-flash-lite,google/gemini-3.1-flash-lite-20260507,high,pattern.lisp-v1,pattern,text,4. lunatic,True,reduce-infer-v1,4,4,1,1042,15764,15717,0.011953250,115395.46599999999,0.25,0.04558726080970055,0.6993581574175981,1.0
google/gemini-3.1-flash-lite,google/gemini-3.1-flash-lite-20260507,high,pattern.lisp-v1,pattern,text,4. lunatic,True,reduce-taught-v1,4,4,1,1118,15768,15721,0.01196575,107005.489,0.25,0.04558726080970055,0.6993581574175981,1.0
google/gemini-3.1-flash-lite,google/gemini-3.1-flash-lite-20260507,high,pattern.lisp-v1,pattern,text,5. extra,True,reduce-infer-v1,4,4,0,1073,15773,15726,0.011963875,109694.06099999999,0.0,0.0,0.4898908364545973,1.0
google/gemini-3.1-flash-lite,google/gemini-3.1-flash-lite-20260507,high,pattern.lisp-v1,pattern,text,5. extra,True,reduce-taught-v1,4,4,1,1149,15770,15723,0.011971125,110663.96399999999,0.25,0.04558726080970055,0.6993581574175981,1.0
google/gemini-3.1-flash-lite,google/gemini-3.1-flash-lite-20260507,high,pattern.plain-v1,pattern,text,1. easy,True,reduce-infer-v1,4,4,1,798,15770,15723,0.011927250,110053.59599999999,0.25,0.04558726080970055,0.6993581574175981,1.0
google/gemini-3.1-flash-lite,google/gemini-3.1-flash-lite-20260507,high,pattern.plain-v1,pattern,text,1. easy,True,reduce-taught-v1,4,4,1,874,15771,15724,0.011937500,101754.674,0.25,0.04558726080970055,0.6993581574175981,1.0
google/gemini-3.1-flash-lite,google/gemini-3.1-flash-lite-20260507,high,pattern.plain-v1,pattern,text,2. medium,True,reduce-infer-v1,4,4,0,873,15765,15717,0.011932875,104208.015,0.0,0.0,0.4898908364545973,1.0
google/gemini-3.1-flash-lite,google/gemini-3.1-flash-lite-20260507,high,pattern.plain-v1,pattern,text,2. medium,True,reduce-taught-v1,4,4,1,949,15768,15721,0.011944625,103158.68999999999,0.25,0.04558726080970055,0.6993581574175981,1.0
google/gemini-3.1-flash-lite,google/gemini-3.1-flash-lite-20260507,high,pattern.plain-v1,pattern,text,3. hard,True,reduce-infer-v1,4,4,1,990,15762,15716,0.011945250,104629.883,0.25,0.04558726080970055,0.6993581574175981,1.0
google/gemini-3.1-flash-lite,google/gemini-3.1-flash-lite-20260507,high,pattern.plain-v1,pattern,text,3. hard,True,reduce-taught-v1,4,4,1,1066,15772,15725,0.011962250,104770.763,0.25,0.04558726080970055,0.6993581574175981,1.0
google/gemini-3.1-flash-lite,google/gemini-3.1-flash-lite-20260507,high,pattern.plain-v1,pattern,text,4. lunatic,True,reduce-infer-v1,4,4,2,1042,15764,15718,0.011953250,104631.88600000001,0.5,0.15003898915214947,0.8499610108478506,1.0
google/gemini-3.1-flash-lite,google/gemini-3.1-flash-lite-20260507,high,pattern.plain-v1,pattern,text,4. lunatic,True,reduce-taught-v1,4,4,1,1118,15765,15718,0.01196350,105068.581,0.25,0.04558726080970055,0.6993581574175981,1.0
google/gemini-3.1-flash-lite,google/gemini-3.1-flash-lite-20260507,high,pattern.plain-v1,pattern,text,5. extra,True,reduce-infer-v1,4,4,0,1073,15763,15715,0.011956375,108997.793,0.0,0.0,0.4898908364545973,1.0
google/gemini-3.1-flash-lite,google/gemini-3.1-flash-lite-20260507,high,pattern.plain-v1,pattern,text,5. extra,True,reduce-taught-v1,4,4,1,1149,15769,15722,0.011970375,106881.30600000001,0.25,0.04558726080970055,0.6993581574175981,1.0
google/gemini-3.1-flash-lite,google/gemini-3.1-flash-lite-20260507,high,pattern.python-v1,pattern,text,1. easy,True,reduce-infer-v1,4,4,1,798,15761,15714,0.011920500,99654.24,0.25,0.04558726080970055,0.6993581574175981,1.0
google/gemini-3.1-flash-lite,google/gemini-3.1-flash-lite-20260507,high,pattern.python-v1,pattern,text,1. easy,True,reduce-taught-v1,4,4,2,874,15772,15726,0.011938250,99873.215,0.5,0.15003898915214947,0.8499610108478506,1.0
google/gemini-3.1-flash-lite,google/gemini-3.1-flash-lite-20260507,high,pattern.python-v1,pattern,text,2. medium,True,reduce-infer-v1,4,4,2,873,15775,15729,0.011940375,103979.038,0.5,0.15003898915214947,0.8499610108478506,1.0
google/gemini-3.1-flash-lite,google/gemini-3.1-flash-lite-20260507,high,pattern.python-v1,pattern,text,2. medium,True,reduce-taught-v1,4,4,2,949,15764,15718,0.011941625,117753.219,0.5,0.15003898915214947,0.8499610108478506,1.0
google/gemini-3.1-flash-lite,google/gemini-3.1-flash-lite-20260507,high,pattern.python-v1,pattern,text,3. hard,True,reduce-infer-v1,4,4,3,990,15771,15726,0.011952000,106114.02600000001,0.75,0.30064184258240184,0.9544127391902995,1.0
google/gemini-3.1-flash-lite,google/gemini-3.1-flash-lite-20260507,high,pattern.python-v1,pattern,text,3. hard,True,reduce-taught-v1,4,4,2,1066,15762,15716,0.011954750,106332.66500000001,0.5,0.15003898915214947,0.8499610108478506,1.0
google/gemini-3.1-flash-lite,google/gemini-3.1-flash-lite-20260507,high,pattern.python-v1,pattern,text,4. lunatic,True,reduce-infer-v1,4,4,0,1042,15768,15720,0.011956250,103236.204,0.0,0.0,0.4898908364545973,1.0
google/gemini-3.1-flash-lite,google/gemini-3.1-flash-lite-20260507,high,pattern.python-v1,pattern,text,4. lunatic,True,reduce-taught-v1,3,3,1,838,11824,11789,0.00897275,82860.76800000001,0.3333333333333333,0.06149194472039621,0.7923403991979522,1.0
google/gemini-3.1-flash-lite,google/gemini-3.1-flash-lite-20260507,high,pattern.python-v1,pattern,text,5. extra,True,reduce-infer-v1,4,4,1,1073,15771,15724,0.011962375,108841.858,0.25,0.04558726080970055,0.6993581574175981,1.0
google/gemini-3.1-flash-lite,google/gemini-3.1-flash-lite-20260507,high,pattern.python-v1,pattern,text,5. extra,True,reduce-taught-v1,3,3,1,862,11826,11791,0.008977250,85924.106,0.3333333333333333,0.06149194472039621,0.7923403991979522,1.0
google/gemini-3.1-flash-lite,google/gemini-3.1-flash-lite-20260507,high,pattern.rust-v1,pattern,text,1. easy,True,reduce-infer-v1,4,4,3,860,15764,15719,0.011930500,101229.62899999999,0.75,0.30064184258240184,0.9544127391902995,1.0
google/gemini-3.1-flash-lite,google/gemini-3.1-flash-lite-20260507,high,pattern.rust-v1,pattern,text,1. easy,True,reduce-taught-v1,4,4,3,936,12628,12588,0.009588000,94976.675,0.75,0.30064184258240184,0.9544127391902995,1.0
google/gemini-3.1-flash-lite,google/gemini-3.1-flash-lite-20260507,high,pattern.rust-v1,pattern,text,2. medium,True,reduce-infer-v1,4,4,2,993,15766,15720,0.011948625,102380.816,0.5,0.15003898915214947,0.8499610108478506,1.0
google/gemini-3.1-flash-lite,google/gemini-3.1-flash-lite-20260507,high,pattern.rust-v1,pattern,text,2. medium,True,reduce-taught-v1,4,4,1,1069,15768,15721,0.011959625,106007.501,0.25,0.04558726080970055,0.6993581574175981,1.0
google/gemini-3.1-flash-lite,google/gemini-3.1-flash-lite-20260507,high,pattern.rust-v1,pattern,text,3. hard,True,reduce-infer-v1,4,4,2,1190,15766,15720,0.011973250,103307.92199999999,0.5,0.15003898915214947,0.8499610108478506,1.0
google/gemini-3.1-flash-lite,google/gemini-3.1-flash-lite-20260507,high,pattern.rust-v1,pattern,text,3. hard,True,reduce-taught-v1,4,4,2,1266,15760,15714,0.011978250,106688.62299999999,0.5,0.15003898915214947,0.8499610108478506,1.0
google/gemini-3.1-flash-lite,google/gemini-3.1-flash-lite-20260507,high,pattern.rust-v1,pattern,text,4. lunatic,True,reduce-infer-v1,3,3,0,963,11828,11792,0.008991375,78188.04800000001,0.0,5.551115123125783e-17,0.5614970317550454,1.0
google/gemini-3.1-flash-lite,google/gemini-3.1-flash-lite-20260507,high,pattern.rust-v1,pattern,text,4. lunatic,True,reduce-taught-v1,4,4,1,1358,15766,15719,0.01199425,105630.21,0.25,0.04558726080970055,0.6993581574175981,1.0
google/gemini-3.1-flash-lite,google/gemini-3.1-flash-lite-20260507,high,pattern.rust-v1,pattern,text,5. extra,True,reduce-infer-v1,4,4,2,1353,15772,15726,0.011998125,110726.229,0.5,0.15003898915214947,0.8499610108478506,1.0
google/gemini-3.1-flash-lite,google/gemini-3.1-flash-lite-20260507,high,pattern.rust-v1,pattern,text,5. extra,True,reduce-taught-v1,3,3,3,1072,11824,11791,0.009002000,84506.33,1.0,0.4385029682449546,1.0,1.0
google/gemini-3.1-flash-lite,google/gemini-3.1-flash-lite-20260507,high,pattern.scheme-v1,pattern,text,1. easy,True,reduce-infer-v1,4,4,3,798,15772,15727,0.011928750,105155.645,0.75,0.30064184258240184,0.9544127391902995,1.0
google/gemini-3.1-flash-lite,google/gemini-3.1-flash-lite-20260507,high,pattern.scheme-v1,pattern,text,1. easy,True,reduce-taught-v1,4,4,2,874,15770,15724,0.011936750,104613.21399999998,0.5,0.15003898915214947,0.8499610108478506,1.0
google/gemini-3.1-flash-lite,google/gemini-3.1-flash-lite-20260507,high,pattern.scheme-v1,pattern,text,2. medium,True,reduce-infer-v1,4,4,2,873,15770,15724,0.011936625,105040.74299999999,0.5,0.15003898915214947,0.8499610108478506,1.0
google/gemini-3.1-flash-lite,google/gemini-3.1-flash-lite-20260507,high,pattern.scheme-v1,pattern,text,2. medium,True,reduce-taught-v1,4,4,1,949,15775,15728,0.011949875,109894.371,0.25,0.04558726080970055,0.6993581574175981,1.0
google/gemini-3.1-flash-lite,google/gemini-3.1-flash-lite-20260507,high,pattern.scheme-v1,pattern,text,3. hard,True,reduce-infer-v1,4,4,2,990,15765,15719,0.011947500,106241.387,0.5,0.15003898915214947,0.8499610108478506,1.0
google/gemini-3.1-flash-lite,google/gemini-3.1-flash-lite-20260507,high,pattern.scheme-v1,pattern,text,3. hard,True,reduce-taught-v1,4,4,0,1066,15766,15718,0.011957750,103687.234,0.0,0.0,0.4898908364545973,1.0
google/gemini-3.1-flash-lite,google/gemini-3.1-flash-lite-20260507,high,pattern.scheme-v1,pattern,text,4. lunatic,True,reduce-infer-v1,4,4,2,1042,15776,15730,0.011962250,109030.59,0.5,0.15003898915214947,0.8499610108478506,1.0
google/gemini-3.1-flash-lite,google/gemini-3.1-flash-lite-20260507,high,pattern.scheme-v1,pattern,text,4. lunatic,True,reduce-taught-v1,4,4,2,1118,15770,15724,0.01196725,108401.967,0.5,0.15003898915214947,0.8499610108478506,1.0
google/gemini-3.1-flash-lite,google/gemini-3.1-flash-lite-20260507,high,pattern.scheme-v1,pattern,text,5. extra,True,reduce-infer-v1,4,4,0,1073,15770,15722,0.011961625,112984.15400000001,0.0,0.0,0.4898908364545973,1.0
google/gemini-3.1-flash-lite,google/gemini-3.1-flash-lite-20260507,high,pattern.scheme-v1,pattern,text,5. extra,True,reduce-taught-v1,2,2,2,574,7887,7865,0.005987000,54355.216,1.0,0.34238022750665303,1.0,1.0
google/gemini-3.1-flash-lite,google/gemini-3.1-flash-lite-20260507,high,prose.containment-jitter-v1,prose,text,1. easy,True,reduce-infer-v1,4,4,3,823,15763,15718,0.011925125,105657.341,0.75,0.30064184258240184,0.9544127391902995,1.0
google/gemini-3.1-flash-lite,google/gemini-3.1-flash-lite-20260507,high,prose.containment-jitter-v1,prose,text,1. easy,True,reduce-taught-v1,4,4,3,895,15771,15726,0.011940125,106284.721,0.75,0.30064184258240184,0.9544127391902995,1.0
google/gemini-3.1-flash-lite,google/gemini-3.1-flash-lite-20260507,high,prose.containment-jitter-v1,prose,text,2. medium,True,reduce-infer-v1,4,4,3,912,15766,15721,0.011938500,106336.071,0.75,0.30064184258240184,0.9544127391902995,1.0
google/gemini-3.1-flash-lite,google/gemini-3.1-flash-lite-20260507,high,prose.containment-jitter-v1,prose,text,2. medium,True,reduce-taught-v1,4,4,3,984,15774,15729,0.011953500,158363.04599999997,0.75,0.30064184258240184,0.9544127391902995,1.0
google/gemini-3.1-flash-lite,google/gemini-3.1-flash-lite-20260507,high,prose.containment-jitter-v1,prose,text,3. hard,True,reduce-infer-v1,4,4,1,907,15767,15720,0.011938625,106277.87100000001,0.25,0.04558726080970055,0.6993581574175981,1.0
google/gemini-3.1-flash-lite,google/gemini-3.1-flash-lite-20260507,high,prose.containment-jitter-v1,prose,text,3. hard,True,reduce-taught-v1,4,4,1,979,15764,15717,0.011945375,104897.89300000001,0.25,0.04558726080970055,0.6993581574175981,1.0
google/gemini-3.1-flash-lite,google/gemini-3.1-flash-lite-20260507,high,prose.containment-jitter-v1,prose,text,4. lunatic,True,reduce-infer-v1,4,4,2,958,15765,15719,0.01194350,109606.871,0.5,0.15003898915214947,0.8499610108478506,1.0
google/gemini-3.1-flash-lite,google/gemini-3.1-flash-lite-20260507,high,prose.containment-jitter-v1,prose,text,4. lunatic,True,reduce-taught-v1,4,4,3,1030,15765,15720,0.01195250,108923.7,0.75,0.30064184258240184,0.9544127391902995,1.0
google/gemini-3.1-flash-lite,google/gemini-3.1-flash-lite-20260507,high,prose.containment-jitter-v1,prose,text,5. extra,True,reduce-infer-v1,4,4,1,1184,15773,15726,0.011977750,112221.32299999999,0.25,0.04558726080970055,0.6993581574175981,1.0
google/gemini-3.1-flash-lite,google/gemini-3.1-flash-lite-20260507,high,prose.containment-jitter-v1,prose,text,5. extra,True,reduce-taught-v1,4,4,1,1256,15765,15718,0.011980750,109036.49500000001,0.25,0.04558726080970055,0.6993581574175981,1.0
google/gemini-3.1-flash-lite,google/gemini-3.1-flash-lite-20260507,high,prose.containment-plain-v1,prose,text,1. easy,True,reduce-infer-v1,4,4,4,823,15759,15715,0.011922125,102597.381,1.0,0.5101091635454027,1.0,1.0
google/gemini-3.1-flash-lite,google/gemini-3.1-flash-lite-20260507,high,prose.containment-plain-v1,prose,text,1. easy,True,reduce-taught-v1,4,4,2,895,13267,13221,0.010062125,98365.18599999999,0.5,0.15003898915214947,0.8499610108478506,1.0
google/gemini-3.1-flash-lite,google/gemini-3.1-flash-lite-20260507,high,prose.containment-plain-v1,prose,text,2. medium,True,reduce-infer-v1,4,4,2,912,15773,15727,0.011943750,103251.381,0.5,0.15003898915214947,0.8499610108478506,1.0
google/gemini-3.1-flash-lite,google/gemini-3.1-flash-lite-20260507,high,prose.containment-plain-v1,prose,text,2. medium,True,reduce-taught-v1,4,4,3,984,15768,15723,0.011949000,103625.90699999999,0.75,0.30064184258240184,0.9544127391902995,1.0
google/gemini-3.1-flash-lite,google/gemini-3.1-flash-lite-20260507,high,prose.containment-plain-v1,prose,text,3. hard,True,reduce-infer-v1,4,4,3,907,15762,15717,0.011934875,105844.707,0.75,0.30064184258240184,0.9544127391902995,1.0
google/gemini-3.1-flash-lite,google/gemini-3.1-flash-lite-20260507,high,prose.containment-plain-v1,prose,text,3. hard,True,reduce-taught-v1,4,4,2,979,15765,15719,0.011946125,103657.019,0.5,0.15003898915214947,0.8499610108478506,1.0
google/gemini-3.1-flash-lite,google/gemini-3.1-flash-lite-20260507,high,prose.containment-plain-v1,prose,text,4. lunatic,True,reduce-infer-v1,4,4,1,958,15770,15723,0.01194725,107180.362,0.25,0.04558726080970055,0.6993581574175981,1.0
google/gemini-3.1-flash-lite,google/gemini-3.1-flash-lite-20260507,high,prose.containment-plain-v1,prose,text,4. lunatic,True,reduce-taught-v1,4,4,2,1030,15768,15722,0.01195475,105759.878,0.5,0.15003898915214947,0.8499610108478506,1.0
google/gemini-3.1-flash-lite,google/gemini-3.1-flash-lite-20260507,high,prose.containment-plain-v1,prose,text,5. extra,True,reduce-infer-v1,4,4,1,1184,15771,15724,0.011976250,107134.9,0.25,0.04558726080970055,0.6993581574175981,1.0
google/gemini-3.1-flash-lite,google/gemini-3.1-flash-lite-20260507,high,prose.containment-plain-v1,prose,text,5. extra,True,reduce-taught-v1,4,4,2,1256,15771,15725,0.011985250,114436.097,0.5,0.15003898915214947,0.8499610108478506,1.0
google/gemini-3.1-flash-lite,google/gemini-3.1-flash-lite-20260507,high,rooms.plain-v1,rooms,image,1. easy,True,reduce-infer-v1,4,4,4,5056,15760,15716,0.012452,103929.057,1.0,0.5101091635454027,1.0,1.0
google/gemini-3.1-flash-lite,google/gemini-3.1-flash-lite-20260507,high,rooms.plain-v1,rooms,image,1. easy,True,reduce-taught-v1,4,4,0,5128,15760,15712,0.01246100,152632.452,0.0,0.0,0.4898908364545973,1.0
google/gemini-3.1-flash-lite,google/gemini-3.1-flash-lite-20260507,high,rooms.plain-v1,rooms,image,2. medium,True,reduce-infer-v1,4,4,4,5056,15760,15716,0.012452,102279.22899999999,1.0,0.5101091635454027,1.0,1.0
google/gemini-3.1-flash-lite,google/gemini-3.1-flash-lite-20260507,high,rooms.plain-v1,rooms,image,2. medium,True,reduce-taught-v1,4,4,0,5128,15760,15712,0.01246100,110918.99900000001,0.0,0.0,0.4898908364545973,1.0
google/gemini-3.1-flash-lite,google/gemini-3.1-flash-lite-20260507,high,rooms.plain-v1,rooms,image,3. hard,True,reduce-infer-v1,4,4,4,5056,15760,15716,0.012452,104415.03300000001,1.0,0.5101091635454027,1.0,1.0
google/gemini-3.1-flash-lite,google/gemini-3.1-flash-lite-20260507,high,rooms.plain-v1,rooms,image,3. hard,True,reduce-taught-v1,4,4,0,5128,15760,15712,0.01246100,113923.525,0.0,0.0,0.4898908364545973,1.0
google/gemini-3.1-flash-lite,google/gemini-3.1-flash-lite-20260507,high,rooms.plain-v1,rooms,image,4. lunatic,True,reduce-infer-v1,4,4,4,5056,15760,15716,0.012452,105277.93099999998,1.0,0.5101091635454027,1.0,1.0
google/gemini-3.1-flash-lite,google/gemini-3.1-flash-lite-20260507,high,rooms.plain-v1,rooms,image,4. lunatic,True,reduce-taught-v1,4,4,0,5128,15760,15712,0.01246100,113825.267,0.0,0.0,0.4898908364545973,1.0
google/gemini-3.1-flash-lite,google/gemini-3.1-flash-lite-20260507,high,rooms.plain-v1,rooms,image,5. extra,True,reduce-infer-v1,4,4,4,5056,15760,15716,0.012452,107447.77599999998,1.0,0.5101091635454027,1.0,1.0
google/gemini-3.1-flash-lite,google/gemini-3.1-flash-lite-20260507,high,rooms.plain-v1,rooms,image,5. extra,True,reduce-taught-v1,4,4,0,5128,15760,15712,0.01246100,128440.02299999999,0.0,0.0,0.4898908364545973,1.0
google/gemini-3.1-flash-lite,google/gemini-3.1-flash-lite-20260507,high,trees.indent-jitter-v1,trees,text,1. easy,True,reduce-infer-v1,4,4,1,813,15765,15718,0.011925375,103596.478,0.25,0.04558726080970055,0.6993581574175981,1.0
google/gemini-3.1-flash-lite,google/gemini-3.1-flash-lite-20260507,high,trees.indent-jitter-v1,trees,text,1. easy,True,reduce-taught-v1,4,4,2,881,15765,15719,0.011933875,103088.99399999999,0.5,0.15003898915214947,0.8499610108478506,1.0
google/gemini-3.1-flash-lite,google/gemini-3.1-flash-lite-20260507,high,trees.indent-jitter-v1,trees,text,2. medium,True,reduce-infer-v1,4,4,2,888,15764,15718,0.011934000,118709.572,0.5,0.15003898915214947,0.8499610108478506,1.0
google/gemini-3.1-flash-lite,google/gemini-3.1-flash-lite-20260507,high,trees.indent-jitter-v1,trees,text,2. medium,True,reduce-taught-v1,4,4,2,956,15767,15721,0.011944750,105328.435,0.5,0.15003898915214947,0.8499610108478506,1.0
google/gemini-3.1-flash-lite,google/gemini-3.1-flash-lite-20260507,high,trees.indent-jitter-v1,trees,text,3. hard,True,reduce-infer-v1,4,4,1,1057,15769,15722,0.011958875,106729.54699999999,0.25,0.04558726080970055,0.6993581574175981,1.0
google/gemini-3.1-flash-lite,google/gemini-3.1-flash-lite-20260507,high,trees.indent-jitter-v1,trees,text,3. hard,True,reduce-taught-v1,4,4,1,1125,15769,15722,0.011967375,103826.219,0.25,0.04558726080970055,0.6993581574175981,1.0
google/gemini-3.1-flash-lite,google/gemini-3.1-flash-lite-20260507,high,trees.indent-jitter-v1,trees,text,4. lunatic,True,reduce-infer-v1,3,3,0,888,11826,11790,0.00898050,80881.305,0.0,5.551115123125783e-17,0.5614970317550454,1.0
google/gemini-3.1-flash-lite,google/gemini-3.1-flash-lite-20260507,high,trees.indent-jitter-v1,trees,text,4. lunatic,True,reduce-taught-v1,4,4,2,1270,15765,15719,0.011982500,106190.10100000001,0.5,0.15003898915214947,0.8499610108478506,1.0
google/gemini-3.1-flash-lite,google/gemini-3.1-flash-lite-20260507,high,trees.indent-jitter-v1,trees,text,5. extra,True,reduce-infer-v1,4,4,0,1204,15766,15718,0.011975000,105005.262,0.0,0.0,0.4898908364545973,1.0
google/gemini-3.1-flash-lite,google/gemini-3.1-flash-lite-20260507,high,trees.indent-jitter-v1,trees,text,5. extra,True,reduce-taught-v1,4,4,0,1272,15770,15722,0.011986500,107319.38,0.0,0.0,0.4898908364545973,1.0
google/gemini-3.1-flash-lite,google/gemini-3.1-flash-lite-20260507,high,trees.indent-plain-v1,trees,text,1. easy,True,reduce-infer-v1,4,4,2,802,15771,15725,0.011928500,102945.98500000002,0.5,0.15003898915214947,0.8499610108478506,1.0
google/gemini-3.1-flash-lite,google/gemini-3.1-flash-lite-20260507,high,trees.indent-plain-v1,trees,text,1. easy,True,reduce-taught-v1,4,4,4,870,12885,12846,0.009772500,97600.728,1.0,0.5101091635454027,1.0,1.0
google/gemini-3.1-flash-lite,google/gemini-3.1-flash-lite-20260507,high,trees.indent-plain-v1,trees,text,2. medium,True,reduce-infer-v1,4,4,3,887,15761,15716,0.011931625,104559.457,0.75,0.30064184258240184,0.9544127391902995,1.0
google/gemini-3.1-flash-lite,google/gemini-3.1-flash-lite-20260507,high,trees.indent-plain-v1,trees,text,2. medium,True,reduce-taught-v1,4,4,2,955,15765,15719,0.011943125,103350.93599999999,0.5,0.15003898915214947,0.8499610108478506,1.0
google/gemini-3.1-flash-lite,google/gemini-3.1-flash-lite-20260507,high,trees.indent-plain-v1,trees,text,3. hard,True,reduce-infer-v1,4,4,0,1012,15771,15723,0.011954750,105967.65400000001,0.0,0.0,0.4898908364545973,1.0
google/gemini-3.1-flash-lite,google/gemini-3.1-flash-lite-20260507,high,trees.indent-plain-v1,trees,text,3. hard,True,reduce-taught-v1,4,4,2,1080,15771,15725,0.01196325,103496.633,0.5,0.15003898915214947,0.8499610108478506,1.0
google/gemini-3.1-flash-lite,google/gemini-3.1-flash-lite-20260507,high,trees.indent-plain-v1,trees,text,4. lunatic,True,reduce-infer-v1,4,4,2,1072,15773,15727,0.01196375,105063.86799999999,0.5,0.15003898915214947,0.8499610108478506,1.0
google/gemini-3.1-flash-lite,google/gemini-3.1-flash-lite-20260507,high,trees.indent-plain-v1,trees,text,4. lunatic,True,reduce-taught-v1,4,4,1,1140,15764,15717,0.011965500,106325.025,0.25,0.04558726080970055,0.6993581574175981,1.0
google/gemini-3.1-flash-lite,google/gemini-3.1-flash-lite-20260507,high,trees.indent-plain-v1,trees,text,5. extra,True,reduce-infer-v1,4,4,2,1129,15772,15726,0.011970125,106552.655,0.5,0.15003898915214947,0.8499610108478506,1.0
google/gemini-3.1-flash-lite,google/gemini-3.1-flash-lite-20260507,high,trees.indent-plain-v1,trees,text,5. extra,True,reduce-taught-v1,4,4,2,1197,15772,15726,0.011978625,109364.529,0.5,0.15003898915214947,0.8499610108478506,1.0
google/gemini-3.1-flash-lite,google/gemini-3.1-flash-lite-20260507,high,trees.plain-v1,trees,image,1. easy,True,reduce-infer-v1,4,4,3,4956,14826,14781,0.011739000,108063.286,0.75,0.30064184258240184,0.9544127391902995,1.0
google/gemini-3.1-flash-lite,google/gemini-3.1-flash-lite-20260507,high,trees.plain-v1,trees,image,1. easy,True,reduce-taught-v1,4,4,4,5024,15769,15725,0.01245475,128575.72200000001,1.0,0.5101091635454027,1.0,1.0
google/gemini-3.1-flash-lite,google/gemini-3.1-flash-lite-20260507,high,trees.plain-v1,trees,image,2. medium,True,reduce-infer-v1,4,4,4,4956,15760,15716,0.012439500,118953.753,1.0,0.5101091635454027,1.0,1.0
google/gemini-3.1-flash-lite,google/gemini-3.1-flash-lite-20260507,high,trees.plain-v1,trees,image,2. medium,True,reduce-taught-v1,4,4,1,5024,15769,15722,0.01245475,111760.198,0.25,0.04558726080970055,0.6993581574175981,1.0
google/gemini-3.1-flash-lite,google/gemini-3.1-flash-lite-20260507,high,trees.plain-v1,trees,image,3. hard,True,reduce-infer-v1,4,4,2,4956,15766,15720,0.012444000,112663.67300000001,0.5,0.15003898915214947,0.8499610108478506,1.0
google/gemini-3.1-flash-lite,google/gemini-3.1-flash-lite-20260507,high,trees.plain-v1,trees,image,3. hard,True,reduce-taught-v1,4,4,4,5024,15766,15722,0.01245250,115435.28,1.0,0.5101091635454027,1.0,1.0
google/gemini-3.1-flash-lite,google/gemini-3.1-flash-lite-20260507,high,trees.plain-v1,trees,image,4. lunatic,True,reduce-infer-v1,4,4,4,4956,15762,15718,0.012441000,120807.534,1.0,0.5101091635454027,1.0,1.0
google/gemini-3.1-flash-lite,google/gemini-3.1-flash-lite-20260507,high,trees.plain-v1,trees,image,4. lunatic,True,reduce-taught-v1,4,4,2,5024,14174,14128,0.01125850,115220.243,0.5,0.15003898915214947,0.8499610108478506,1.0
google/gemini-3.1-flash-lite,google/gemini-3.1-flash-lite-20260507,high,trees.plain-v1,trees,image,5. extra,True,reduce-infer-v1,4,4,3,4956,15763,15718,0.012441750,118152.71,0.75,0.30064184258240184,0.9544127391902995,1.0
google/gemini-3.1-flash-lite,google/gemini-3.1-flash-lite-20260507,high,trees.plain-v1,trees,image,5. extra,True,reduce-taught-v1,4,4,0,5024,15767,15719,0.01245325,109452.25899999999,0.0,0.0,0.4898908364545973,1.0
google/gemini-3.1-flash-lite,google/gemini-3.1-flash-lite-20260507,low,biopolymer.rna-arc-plain-v1,biopolymer,image,1. easy,True,reduce-infer-v1,4,4,4,5020,452,408,0.000966500,70022.78700000001,1.0,0.5101091635454027,1.0,1.0
google/gemini-3.1-flash-lite,google/gemini-3.1-flash-lite-20260507,low,biopolymer.rna-arc-plain-v1,biopolymer,image,1. easy,True,reduce-taught-v1,4,4,0,5088,472,424,0.0009900,68525.684,0.0,0.0,0.4898908364545973,1.0
google/gemini-3.1-flash-lite,google/gemini-3.1-flash-lite-20260507,low,biopolymer.rna-arc-plain-v1,biopolymer,image,2. medium,True,reduce-infer-v1,4,4,4,5020,452,408,0.000966500,69223.323,1.0,0.5101091635454027,1.0,1.0
google/gemini-3.1-flash-lite,google/gemini-3.1-flash-lite-20260507,low,biopolymer.rna-arc-plain-v1,biopolymer,image,2. medium,True,reduce-taught-v1,4,4,0,5088,472,424,0.0009900,67708.2,0.0,0.0,0.4898908364545973,1.0
google/gemini-3.1-flash-lite,google/gemini-3.1-flash-lite-20260507,low,biopolymer.rna-arc-plain-v1,biopolymer,image,3. hard,True,reduce-infer-v1,4,4,4,5020,452,408,0.000966500,68955.06399999998,1.0,0.5101091635454027,1.0,1.0
google/gemini-3.1-flash-lite,google/gemini-3.1-flash-lite-20260507,low,biopolymer.rna-arc-plain-v1,biopolymer,image,3. hard,True,reduce-taught-v1,4,4,0,5088,472,424,0.0009900,69547.834,0.0,0.0,0.4898908364545973,1.0
google/gemini-3.1-flash-lite,google/gemini-3.1-flash-lite-20260507,low,biopolymer.rna-arc-plain-v1,biopolymer,image,4. lunatic,True,reduce-infer-v1,4,4,4,5020,452,408,0.000966500,70710.566,1.0,0.5101091635454027,1.0,1.0
google/gemini-3.1-flash-lite,google/gemini-3.1-flash-lite-20260507,low,biopolymer.rna-arc-plain-v1,biopolymer,image,4. lunatic,True,reduce-taught-v1,4,4,0,5088,472,424,0.0009900,67930.064,0.0,0.0,0.4898908364545973,1.0
google/gemini-3.1-flash-lite,google/gemini-3.1-flash-lite-20260507,low,biopolymer.rna-arc-plain-v1,biopolymer,image,5. extra,True,reduce-infer-v1,4,4,4,5020,452,408,0.000966500,72101.416,1.0,0.5101091635454027,1.0,1.0
google/gemini-3.1-flash-lite,google/gemini-3.1-flash-lite-20260507,low,biopolymer.rna-arc-plain-v1,biopolymer,image,5. extra,True,reduce-taught-v1,4,4,0,5088,472,424,0.0009900,74389.334,0.0,0.0,0.4898908364545973,1.0
google/gemini-3.1-flash-lite,google/gemini-3.1-flash-lite-20260507,low,biopolymer.rna-dotbracket-filler-v1,biopolymer,text,1. easy,True,reduce-infer-v1,4,4,4,888,507,463,0.000491250,67272.898,1.0,0.5101091635454027,1.0,1.0
google/gemini-3.1-flash-lite,google/gemini-3.1-flash-lite-20260507,low,biopolymer.rna-dotbracket-filler-v1,biopolymer,text,1. easy,True,reduce-taught-v1,4,4,3,952,502,457,0.000495500,65502.475999999995,0.75,0.30064184258240184,0.9544127391902995,1.0
google/gemini-3.1-flash-lite,google/gemini-3.1-flash-lite-20260507,low,biopolymer.rna-dotbracket-filler-v1,biopolymer,text,2. medium,True,reduce-infer-v1,4,4,4,1038,520,481,0.000519750,65329.43299999999,1.0,0.5101091635454027,1.0,1.0
google/gemini-3.1-flash-lite,google/gemini-3.1-flash-lite-20260507,low,biopolymer.rna-dotbracket-filler-v1,biopolymer,text,2. medium,True,reduce-taught-v1,4,4,4,1102,493,449,0.000507500,64681.268000000004,1.0,0.5101091635454027,1.0,1.0
google/gemini-3.1-flash-lite,google/gemini-3.1-flash-lite-20260507,low,biopolymer.rna-dotbracket-filler-v1,biopolymer,text,3. hard,True,reduce-infer-v1,4,4,3,1272,535,490,0.000560250,65894.011,0.75,0.30064184258240184,0.9544127391902995,1.0
google/gemini-3.1-flash-lite,google/gemini-3.1-flash-lite-20260507,low,biopolymer.rna-dotbracket-filler-v1,biopolymer,text,3. hard,True,reduce-taught-v1,4,4,2,1336,498,452,0.000540500,66699.23,0.5,0.15003898915214947,0.8499610108478506,1.0
google/gemini-3.1-flash-lite,google/gemini-3.1-flash-lite-20260507,low,biopolymer.rna-dotbracket-filler-v1,biopolymer,text,4. lunatic,True,reduce-infer-v1,4,4,4,1368,624,580,0.000639000,67117.141,1.0,0.5101091635454027,1.0,1.0
google/gemini-3.1-flash-lite,google/gemini-3.1-flash-lite-20260507,low,biopolymer.rna-dotbracket-filler-v1,biopolymer,text,4. lunatic,True,reduce-taught-v1,4,4,1,1432,541,494,0.000584750,66255.58099999999,0.25,0.04558726080970055,0.6993581574175981,1.0
google/gemini-3.1-flash-lite,google/gemini-3.1-flash-lite-20260507,low,biopolymer.rna-dotbracket-filler-v1,biopolymer,text,5. extra,True,reduce-infer-v1,4,4,2,1430,621,575,0.000644500,69395.091,0.5,0.15003898915214947,0.8499610108478506,1.0
google/gemini-3.1-flash-lite,google/gemini-3.1-flash-lite-20260507,low,biopolymer.rna-dotbracket-filler-v1,biopolymer,text,5. extra,True,reduce-taught-v1,4,4,1,1494,523,476,0.000579000,67748.17300000001,0.25,0.04558726080970055,0.6993581574175981,1.0
google/gemini-3.1-flash-lite,google/gemini-3.1-flash-lite-20260507,low,biopolymer.rna-dotbracket-plain-v1,biopolymer,text,1. easy,True,reduce-infer-v1,4,4,1,864,492,445,0.000477000,64681.999,0.25,0.04558726080970055,0.6993581574175981,1.0
google/gemini-3.1-flash-lite,google/gemini-3.1-flash-lite-20260507,low,biopolymer.rna-dotbracket-plain-v1,biopolymer,text,1. easy,True,reduce-taught-v1,4,4,2,928,520,474,0.000506000,66325.29400000001,0.5,0.15003898915214947,0.8499610108478506,1.0
google/gemini-3.1-flash-lite,google/gemini-3.1-flash-lite-20260507,low,biopolymer.rna-dotbracket-plain-v1,biopolymer,text,2. medium,True,reduce-infer-v1,4,4,4,980,544,500,0.000530500,64750.33500000001,1.0,0.5101091635454027,1.0,1.0
google/gemini-3.1-flash-lite,google/gemini-3.1-flash-lite-20260507,low,biopolymer.rna-dotbracket-plain-v1,biopolymer,text,2. medium,True,reduce-taught-v1,4,4,1,1044,509,462,0.000512250,65049.969,0.25,0.04558726080970055,0.6993581574175981,1.0
google/gemini-3.1-flash-lite,google/gemini-3.1-flash-lite-20260507,low,biopolymer.rna-dotbracket-plain-v1,biopolymer,text,3. hard,True,reduce-infer-v1,4,4,1,1140,530,488,0.000540000,66261.0,0.25,0.04558726080970055,0.6993581574175981,1.0
google/gemini-3.1-flash-lite,google/gemini-3.1-flash-lite-20260507,low,biopolymer.rna-dotbracket-plain-v1,biopolymer,text,3. hard,True,reduce-taught-v1,4,4,1,1204,556,509,0.000567500,67757.753,0.25,0.04558726080970055,0.6993581574175981,1.0
google/gemini-3.1-flash-lite,google/gemini-3.1-flash-lite-20260507,low,biopolymer.rna-dotbracket-plain-v1,biopolymer,text,4. lunatic,True,reduce-infer-v1,4,4,1,1220,619,572,0.000616750,68361.872,0.25,0.04558726080970055,0.6993581574175981,1.0
google/gemini-3.1-flash-lite,google/gemini-3.1-flash-lite-20260507,low,biopolymer.rna-dotbracket-plain-v1,biopolymer,text,4. lunatic,True,reduce-taught-v1,4,4,0,1284,503,460,0.000537750,66894.14300000001,0.0,0.0,0.4898908364545973,1.0
google/gemini-3.1-flash-lite,google/gemini-3.1-flash-lite-20260507,low,biopolymer.rna-dotbracket-plain-v1,biopolymer,text,5. extra,True,reduce-infer-v1,4,4,1,1300,575,538,0.000593750,69835.014,0.25,0.04558726080970055,0.6993581574175981,1.0
google/gemini-3.1-flash-lite,google/gemini-3.1-flash-lite-20260507,low,biopolymer.rna-dotbracket-plain-v1,biopolymer,text,5. extra,True,reduce-taught-v1,4,4,2,1364,530,489,0.000568000,69622.277,0.5,0.15003898915214947,0.8499610108478506,1.0
google/gemini-3.1-flash-lite,google/gemini-3.1-flash-lite-20260507,low,blocks.plain-v1,blocks,image,1. easy,True,reduce-infer-v1,4,4,0,4956,476,428,0.000976500,91422.851,0.0,0.0,0.4898908364545973,1.0
google/gemini-3.1-flash-lite,google/gemini-3.1-flash-lite-20260507,low,blocks.plain-v1,blocks,image,1. easy,True,reduce-taught-v1,4,4,4,5036,460,416,0.000974500,68197.695,1.0,0.5101091635454027,1.0,1.0
google/gemini-3.1-flash-lite,google/gemini-3.1-flash-lite-20260507,low,blocks.plain-v1,blocks,image,2. medium,True,reduce-infer-v1,4,4,1,4956,441,394,0.000950250,69753.765,0.25,0.04558726080970055,0.6993581574175981,1.0
google/gemini-3.1-flash-lite,google/gemini-3.1-flash-lite-20260507,low,blocks.plain-v1,blocks,image,2. medium,True,reduce-taught-v1,4,4,3,5036,483,438,0.000991750,67777.397,0.75,0.30064184258240184,0.9544127391902995,1.0
google/gemini-3.1-flash-lite,google/gemini-3.1-flash-lite-20260507,low,blocks.plain-v1,blocks,image,3. hard,True,reduce-infer-v1,4,4,0,4956,462,414,0.000966000,68298.763,0.0,0.0,0.4898908364545973,1.0
google/gemini-3.1-flash-lite,google/gemini-3.1-flash-lite-20260507,low,blocks.plain-v1,blocks,image,3. hard,True,reduce-taught-v1,4,4,1,5036,476,429,0.000986500,68183.72099999999,0.25,0.04558726080970055,0.6993581574175981,1.0
google/gemini-3.1-flash-lite,google/gemini-3.1-flash-lite-20260507,low,blocks.plain-v1,blocks,image,4. lunatic,True,reduce-infer-v1,4,4,1,4956,462,415,0.000966000,69904.378,0.25,0.04558726080970055,0.6993581574175981,1.0
google/gemini-3.1-flash-lite,google/gemini-3.1-flash-lite-20260507,low,blocks.plain-v1,blocks,image,4. lunatic,True,reduce-taught-v1,4,4,1,5036,458,411,0.000973000,70592.62599999999,0.25,0.04558726080970055,0.6993581574175981,1.0
google/gemini-3.1-flash-lite,google/gemini-3.1-flash-lite-20260507,low,blocks.plain-v1,blocks,image,5. extra,True,reduce-infer-v1,4,4,1,4956,460,413,0.000964500,71371.774,0.25,0.04558726080970055,0.6993581574175981,1.0
google/gemini-3.1-flash-lite,google/gemini-3.1-flash-lite-20260507,low,blocks.plain-v1,blocks,image,5. extra,True,reduce-taught-v1,4,4,0,5036,468,420,0.000980500,72003.207,0.0,0.0,0.4898908364545973,1.0
google/gemini-3.1-flash-lite,google/gemini-3.1-flash-lite-20260507,low,embedding.center-clause-jitter-v1,embedding,text,1. easy,True,reduce-infer-v1,4,4,1,871,483,436,0.000471125,64696.735,0.25,0.04558726080970055,0.6993581574175981,1.0
google/gemini-3.1-flash-lite,google/gemini-3.1-flash-lite-20260507,low,embedding.center-clause-jitter-v1,embedding,text,1. easy,True,reduce-taught-v1,4,4,0,939,470,422,0.000469875,66744.185,0.0,0.0,0.4898908364545973,1.0
google/gemini-3.1-flash-lite,google/gemini-3.1-flash-lite-20260507,low,embedding.center-clause-jitter-v1,embedding,text,2. medium,True,reduce-infer-v1,4,4,2,1016,469,423,0.000478750,64646.489,0.5,0.15003898915214947,0.8499610108478506,1.0
google/gemini-3.1-flash-lite,google/gemini-3.1-flash-lite-20260507,low,embedding.center-clause-jitter-v1,embedding,text,2. medium,True,reduce-taught-v1,4,4,1,1084,496,449,0.000507500,65827.921,0.25,0.04558726080970055,0.6993581574175981,1.0
google/gemini-3.1-flash-lite,google/gemini-3.1-flash-lite-20260507,low,embedding.center-clause-jitter-v1,embedding,text,3. hard,True,reduce-infer-v1,4,4,0,1205,2388,2350,0.001941625,72260.90000000001,0.0,0.0,0.4898908364545973,1.0
google/gemini-3.1-flash-lite,google/gemini-3.1-flash-lite-20260507,low,embedding.center-clause-jitter-v1,embedding,text,3. hard,True,reduce-taught-v1,4,4,0,1273,518,475,0.000547625,68157.543,0.0,0.0,0.4898908364545973,1.0
google/gemini-3.1-flash-lite,google/gemini-3.1-flash-lite-20260507,low,embedding.center-clause-jitter-v1,embedding,text,4. lunatic,True,reduce-infer-v1,4,4,0,1276,2341,2308,0.001915250,72080.606,0.0,0.0,0.4898908364545973,1.0
google/gemini-3.1-flash-lite,google/gemini-3.1-flash-lite-20260507,low,embedding.center-clause-jitter-v1,embedding,text,4. lunatic,True,reduce-taught-v1,4,4,0,1344,476,438,0.000525000,67588.218,0.0,0.0,0.4898908364545973,1.0
google/gemini-3.1-flash-lite,google/gemini-3.1-flash-lite-20260507,low,embedding.center-clause-jitter-v1,embedding,text,5. extra,True,reduce-infer-v1,4,4,0,1426,2865,2827,0.002327000,76039.024,0.0,0.0,0.4898908364545973,1.0
google/gemini-3.1-flash-lite,google/gemini-3.1-flash-lite-20260507,low,embedding.center-clause-jitter-v1,embedding,text,5. extra,True,reduce-taught-v1,4,4,1,1494,1831,1789,0.001560000,74914.91,0.25,0.04558726080970055,0.6993581574175981,1.0
google/gemini-3.1-flash-lite,google/gemini-3.1-flash-lite-20260507,low,embedding.center-clause-plain-v1,embedding,text,1. easy,True,reduce-infer-v1,4,4,1,871,457,410,0.000451625,65469.971,0.25,0.04558726080970055,0.6993581574175981,1.0
google/gemini-3.1-flash-lite,google/gemini-3.1-flash-lite-20260507,low,embedding.center-clause-plain-v1,embedding,text,1. easy,True,reduce-taught-v1,4,4,2,939,434,388,0.000442875,66115.668,0.5,0.15003898915214947,0.8499610108478506,1.0
google/gemini-3.1-flash-lite,google/gemini-3.1-flash-lite-20260507,low,embedding.center-clause-plain-v1,embedding,text,2. medium,True,reduce-infer-v1,4,4,1,1016,505,458,0.000505750,66575.817,0.25,0.04558726080970055,0.6993581574175981,1.0
google/gemini-3.1-flash-lite,google/gemini-3.1-flash-lite-20260507,low,embedding.center-clause-plain-v1,embedding,text,2. medium,True,reduce-taught-v1,4,4,0,1084,529,481,0.000532250,66115.988,0.0,0.0,0.4898908364545973,1.0
google/gemini-3.1-flash-lite,google/gemini-3.1-flash-lite-20260507,low,embedding.center-clause-plain-v1,embedding,text,3. hard,True,reduce-infer-v1,4,4,0,1205,509,466,0.000532375,66247.91399999999,0.0,0.0,0.4898908364545973,1.0
google/gemini-3.1-flash-lite,google/gemini-3.1-flash-lite-20260507,low,embedding.center-clause-plain-v1,embedding,text,3. hard,True,reduce-taught-v1,4,4,0,1273,451,413,0.000497375,66042.462,0.0,0.0,0.4898908364545973,1.0
google/gemini-3.1-flash-lite,google/gemini-3.1-flash-lite-20260507,low,embedding.center-clause-plain-v1,embedding,text,4. lunatic,True,reduce-infer-v1,4,4,1,1276,4113,4071,0.003244250,77628.655,0.25,0.04558726080970055,0.6993581574175981,1.0
google/gemini-3.1-flash-lite,google/gemini-3.1-flash-lite-20260507,low,embedding.center-clause-plain-v1,embedding,text,4. lunatic,True,reduce-taught-v1,4,4,4,1344,441,402,0.000498750,67213.133,1.0,0.5101091635454027,1.0,1.0
google/gemini-3.1-flash-lite,google/gemini-3.1-flash-lite-20260507,low,embedding.center-clause-plain-v1,embedding,text,5. extra,True,reduce-infer-v1,4,4,2,1426,499,463,0.000552500,68056.18,0.5,0.15003898915214947,0.8499610108478506,1.0
google/gemini-3.1-flash-lite,google/gemini-3.1-flash-lite-20260507,low,embedding.center-clause-plain-v1,embedding,text,5. extra,True,reduce-taught-v1,4,4,0,1494,455,412,0.000528000,68113.11899999999,0.0,0.0,0.4898908364545973,1.0
google/gemini-3.1-flash-lite,google/gemini-3.1-flash-lite-20260507,low,enclosure.plain-v1,enclosure,image,1. easy,True,reduce-infer-v1,4,4,0,5056,464,416,0.000980,121407.756,0.0,0.0,0.4898908364545973,1.0
google/gemini-3.1-flash-lite,google/gemini-3.1-flash-lite-20260507,low,enclosure.plain-v1,enclosure,image,1. easy,True,reduce-taught-v1,4,4,4,5128,536,492,0.00104300,74381.693,1.0,0.5101091635454027,1.0,1.0
google/gemini-3.1-flash-lite,google/gemini-3.1-flash-lite-20260507,low,enclosure.plain-v1,enclosure,image,2. medium,True,reduce-infer-v1,4,4,0,5056,464,416,0.000980,67205.28099999999,0.0,0.0,0.4898908364545973,1.0
google/gemini-3.1-flash-lite,google/gemini-3.1-flash-lite-20260507,low,enclosure.plain-v1,enclosure,image,2. medium,True,reduce-taught-v1,4,4,4,5128,536,492,0.00104300,67207.737,1.0,0.5101091635454027,1.0,1.0
google/gemini-3.1-flash-lite,google/gemini-3.1-flash-lite-20260507,low,enclosure.plain-v1,enclosure,image,3. hard,True,reduce-infer-v1,4,4,0,5056,464,416,0.000980,67250.358,0.0,0.0,0.4898908364545973,1.0
google/gemini-3.1-flash-lite,google/gemini-3.1-flash-lite-20260507,low,enclosure.plain-v1,enclosure,image,3. hard,True,reduce-taught-v1,4,4,4,5128,536,492,0.00104300,66963.549,1.0,0.5101091635454027,1.0,1.0
google/gemini-3.1-flash-lite,google/gemini-3.1-flash-lite-20260507,low,enclosure.plain-v1,enclosure,image,4. lunatic,True,reduce-infer-v1,4,4,0,5056,464,416,0.000980,69553.627,0.0,0.0,0.4898908364545973,1.0
google/gemini-3.1-flash-lite,google/gemini-3.1-flash-lite-20260507,low,enclosure.plain-v1,enclosure,image,4. lunatic,True,reduce-taught-v1,4,4,4,5128,536,492,0.00104300,67543.012,1.0,0.5101091635454027,1.0,1.0
google/gemini-3.1-flash-lite,google/gemini-3.1-flash-lite-20260507,low,enclosure.plain-v1,enclosure,image,5. extra,True,reduce-infer-v1,4,4,0,5056,464,416,0.000980,72399.351,0.0,0.0,0.4898908364545973,1.0
google/gemini-3.1-flash-lite,google/gemini-3.1-flash-lite-20260507,low,enclosure.plain-v1,enclosure,image,5. extra,True,reduce-taught-v1,4,4,4,5128,536,492,0.00104300,70380.571,1.0,0.5101091635454027,1.0,1.0
google/gemini-3.1-flash-lite,google/gemini-3.1-flash-lite-20260507,low,graph.plain-v1,graph,image,1. easy,True,reduce-infer-v1,4,4,2,5056,464,418,0.00098000,74977.894,0.5,0.15003898915214947,0.8499610108478506,1.0
google/gemini-3.1-flash-lite,google/gemini-3.1-flash-lite-20260507,low,graph.plain-v1,graph,image,1. easy,True,reduce-taught-v1,4,4,3,5132,470,425,0.000994000,68676.806,0.75,0.30064184258240184,0.9544127391902995,1.0
google/gemini-3.1-flash-lite,google/gemini-3.1-flash-lite-20260507,low,graph.plain-v1,graph,image,2. medium,True,reduce-infer-v1,4,4,0,5056,452,404,0.00097100,69451.08,0.0,0.0,0.4898908364545973,1.0
google/gemini-3.1-flash-lite,google/gemini-3.1-flash-lite-20260507,low,graph.plain-v1,graph,image,2. medium,True,reduce-taught-v1,4,4,1,5132,458,411,0.000985000,66314.032,0.25,0.04558726080970055,0.6993581574175981,1.0
google/gemini-3.1-flash-lite,google/gemini-3.1-flash-lite-20260507,low,graph.plain-v1,graph,image,3. hard,True,reduce-infer-v1,4,4,3,5056,456,411,0.00097400,70922.945,0.75,0.30064184258240184,0.9544127391902995,1.0
google/gemini-3.1-flash-lite,google/gemini-3.1-flash-lite-20260507,low,graph.plain-v1,graph,image,3. hard,True,reduce-taught-v1,4,4,4,5132,461,417,0.000987250,68494.05900000001,1.0,0.5101091635454027,1.0,1.0
google/gemini-3.1-flash-lite,google/gemini-3.1-flash-lite-20260507,low,graph.plain-v1,graph,image,4. lunatic,True,reduce-infer-v1,4,4,4,5056,487,443,0.00099725,72595.71900000001,1.0,0.5101091635454027,1.0,1.0
google/gemini-3.1-flash-lite,google/gemini-3.1-flash-lite-20260507,low,graph.plain-v1,graph,image,4. lunatic,True,reduce-taught-v1,4,4,3,5132,468,423,0.000992500,69277.85399999999,0.75,0.30064184258240184,0.9544127391902995,1.0
google/gemini-3.1-flash-lite,google/gemini-3.1-flash-lite-20260507,low,graph.plain-v1,graph,image,5. extra,True,reduce-infer-v1,4,4,4,5056,452,408,0.00097100,69812.238,1.0,0.5101091635454027,1.0,1.0
google/gemini-3.1-flash-lite,google/gemini-3.1-flash-lite-20260507,low,graph.plain-v1,graph,image,5. extra,True,reduce-taught-v1,4,4,4,5132,482,438,0.001003000,73686.864,1.0,0.5101091635454027,1.0,1.0
google/gemini-3.1-flash-lite,google/gemini-3.1-flash-lite-20260507,low,map-centred.plain-v1,map_centred,image,1. easy,True,reduce-infer-v1,4,4,0,5056,472,424,0.00098600,71331.989,0.0,0.0,0.4898908364545973,1.0
google/gemini-3.1-flash-lite,google/gemini-3.1-flash-lite-20260507,low,map-centred.plain-v1,map_centred,image,1. easy,True,reduce-taught-v1,4,4,2,5120,447,401,0.00097525,67280.052,0.5,0.15003898915214947,0.8499610108478506,1.0
google/gemini-3.1-flash-lite,google/gemini-3.1-flash-lite-20260507,low,map-centred.plain-v1,map_centred,image,2. medium,True,reduce-infer-v1,4,4,3,5056,447,402,0.00096725,69203.66399999999,0.75,0.30064184258240184,0.9544127391902995,1.0
google/gemini-3.1-flash-lite,google/gemini-3.1-flash-lite-20260507,low,map-centred.plain-v1,map_centred,image,2. medium,True,reduce-taught-v1,4,4,2,5120,463,417,0.00098725,68022.716,0.5,0.15003898915214947,0.8499610108478506,1.0
google/gemini-3.1-flash-lite,google/gemini-3.1-flash-lite-20260507,low,map-centred.plain-v1,map_centred,image,3. hard,True,reduce-infer-v1,4,4,2,5056,448,402,0.00096800,70954.962,0.5,0.15003898915214947,0.8499610108478506,1.0
google/gemini-3.1-flash-lite,google/gemini-3.1-flash-lite-20260507,low,map-centred.plain-v1,map_centred,image,3. hard,True,reduce-taught-v1,4,4,4,5120,435,391,0.00096625,67931.04800000001,1.0,0.5101091635454027,1.0,1.0
google/gemini-3.1-flash-lite,google/gemini-3.1-flash-lite-20260507,low,map-centred.plain-v1,map_centred,image,4. lunatic,True,reduce-infer-v1,4,4,1,5056,463,416,0.00097925,71309.42800000001,0.25,0.04558726080970055,0.6993581574175981,1.0
google/gemini-3.1-flash-lite,google/gemini-3.1-flash-lite-20260507,low,map-centred.plain-v1,map_centred,image,4. lunatic,True,reduce-taught-v1,4,4,2,5120,449,403,0.00097675,69280.47,0.5,0.15003898915214947,0.8499610108478506,1.0
google/gemini-3.1-flash-lite,google/gemini-3.1-flash-lite-20260507,low,map-centred.plain-v1,map_centred,image,5. extra,True,reduce-infer-v1,4,4,3,5056,469,424,0.00098375,74990.755,0.75,0.30064184258240184,0.9544127391902995,1.0
google/gemini-3.1-flash-lite,google/gemini-3.1-flash-lite-20260507,low,map-centred.plain-v1,map_centred,image,5. extra,True,reduce-taught-v1,4,4,2,5120,458,412,0.00098350,71436.254,0.5,0.15003898915214947,0.8499610108478506,1.0
google/gemini-3.1-flash-lite,google/gemini-3.1-flash-lite-20260507,low,map.plain-v1,map,image,1. easy,True,reduce-infer-v1,4,4,2,5056,442,396,0.0009635,69040.434,0.5,0.15003898915214947,0.8499610108478506,1.0
google/gemini-3.1-flash-lite,google/gemini-3.1-flash-lite-20260507,low,map.plain-v1,map,image,1. easy,True,reduce-taught-v1,4,4,2,5124,459,413,0.000984750,68096.625,0.5,0.15003898915214947,0.8499610108478506,1.0
google/gemini-3.1-flash-lite,google/gemini-3.1-flash-lite-20260507,low,map.plain-v1,map,image,2. medium,True,reduce-infer-v1,4,4,1,5056,484,437,0.0009950,67370.797,0.25,0.04558726080970055,0.6993581574175981,1.0
google/gemini-3.1-flash-lite,google/gemini-3.1-flash-lite-20260507,low,map.plain-v1,map,image,2. medium,True,reduce-taught-v1,4,4,3,5124,448,403,0.000976500,66980.334,0.75,0.30064184258240184,0.9544127391902995,1.0
google/gemini-3.1-flash-lite,google/gemini-3.1-flash-lite-20260507,low,map.plain-v1,map,image,3. hard,True,reduce-infer-v1,4,4,0,5056,461,413,0.00097775,68040.96399999999,0.0,0.0,0.4898908364545973,1.0
google/gemini-3.1-flash-lite,google/gemini-3.1-flash-lite-20260507,low,map.plain-v1,map,image,3. hard,True,reduce-taught-v1,4,4,3,5124,431,386,0.000963750,67905.433,0.75,0.30064184258240184,0.9544127391902995,1.0
google/gemini-3.1-flash-lite,google/gemini-3.1-flash-lite-20260507,low,map.plain-v1,map,image,4. lunatic,True,reduce-infer-v1,4,4,2,5056,447,401,0.00096725,70456.44,0.5,0.15003898915214947,0.8499610108478506,1.0
google/gemini-3.1-flash-lite,google/gemini-3.1-flash-lite-20260507,low,map.plain-v1,map,image,4. lunatic,True,reduce-taught-v1,4,4,3,5124,432,387,0.000964500,72000.104,0.75,0.30064184258240184,0.9544127391902995,1.0
google/gemini-3.1-flash-lite,google/gemini-3.1-flash-lite-20260507,low,map.plain-v1,map,image,5. extra,True,reduce-infer-v1,4,4,0,5056,464,416,0.00098000,73007.026,0.0,0.0,0.4898908364545973,1.0
google/gemini-3.1-flash-lite,google/gemini-3.1-flash-lite-20260507,low,map.plain-v1,map,image,5. extra,True,reduce-taught-v1,4,4,0,5124,471,423,0.000993750,74253.756,0.0,0.0,0.4898908364545973,1.0
google/gemini-3.1-flash-lite,google/gemini-3.1-flash-lite-20260507,low,parens.jitter-v1,parens,text,1. easy,True,reduce-infer-v1,4,4,3,751,507,462,0.000474125,65201.259,0.75,0.30064184258240184,0.9544127391902995,1.0
google/gemini-3.1-flash-lite,google/gemini-3.1-flash-lite-20260507,low,parens.jitter-v1,parens,text,1. easy,True,reduce-taught-v1,4,4,3,815,501,456,0.000477625,65339.294,0.75,0.30064184258240184,0.9544127391902995,1.0
google/gemini-3.1-flash-lite,google/gemini-3.1-flash-lite-20260507,low,parens.jitter-v1,parens,text,2. medium,True,reduce-infer-v1,4,4,1,785,513,466,0.000482875,65798.756,0.25,0.04558726080970055,0.6993581574175981,1.0
google/gemini-3.1-flash-lite,google/gemini-3.1-flash-lite-20260507,low,parens.jitter-v1,parens,text,2. medium,True,reduce-taught-v1,4,4,1,849,499,452,0.000480375,90552.75,0.25,0.04558726080970055,0.6993581574175981,1.0
google/gemini-3.1-flash-lite,google/gemini-3.1-flash-lite-20260507,low,parens.jitter-v1,parens,text,3. hard,True,reduce-infer-v1,4,4,0,824,522,474,0.000494500,65934.54500000001,0.0,0.0,0.4898908364545973,1.0
google/gemini-3.1-flash-lite,google/gemini-3.1-flash-lite-20260507,low,parens.jitter-v1,parens,text,3. hard,True,reduce-taught-v1,4,4,2,888,533,487,0.000510750,66169.28,0.5,0.15003898915214947,0.8499610108478506,1.0
google/gemini-3.1-flash-lite,google/gemini-3.1-flash-lite-20260507,low,parens.jitter-v1,parens,text,4. lunatic,True,reduce-infer-v1,4,4,3,847,503,463,0.000483125,67445.185,0.75,0.30064184258240184,0.9544127391902995,1.0
google/gemini-3.1-flash-lite,google/gemini-3.1-flash-lite-20260507,low,parens.jitter-v1,parens,text,4. lunatic,True,reduce-taught-v1,4,4,3,911,498,453,0.000487375,68555.00099999999,0.75,0.30064184258240184,0.9544127391902995,1.0
google/gemini-3.1-flash-lite,google/gemini-3.1-flash-lite-20260507,low,parens.jitter-v1,parens,text,5. extra,True,reduce-infer-v1,4,4,3,870,532,497,0.000507750,71148.66100000001,0.75,0.30064184258240184,0.9544127391902995,1.0
google/gemini-3.1-flash-lite,google/gemini-3.1-flash-lite-20260507,low,parens.jitter-v1,parens,text,5. extra,True,reduce-taught-v1,4,4,1,934,531,489,0.000515000,72117.54800000001,0.25,0.04558726080970055,0.6993581574175981,1.0
google/gemini-3.1-flash-lite,google/gemini-3.1-flash-lite-20260507,low,parens.noisy-mismatched-v1,parens,text,1. easy,True,reduce-infer-v1,4,4,1,777,523,476,0.000489375,66029.011,0.25,0.04558726080970055,0.6993581574175981,1.0
google/gemini-3.1-flash-lite,google/gemini-3.1-flash-lite-20260507,low,parens.noisy-mismatched-v1,parens,text,1. easy,True,reduce-taught-v1,4,4,1,841,514,467,0.000490625,65018.022,0.25,0.04558726080970055,0.6993581574175981,1.0
google/gemini-3.1-flash-lite,google/gemini-3.1-flash-lite-20260507,low,parens.noisy-mismatched-v1,parens,text,2. medium,True,reduce-infer-v1,4,4,0,829,554,511,0.000519125,65254.109,0.0,0.0,0.4898908364545973,1.0
google/gemini-3.1-flash-lite,google/gemini-3.1-flash-lite-20260507,low,parens.noisy-mismatched-v1,parens,text,2. medium,True,reduce-taught-v1,4,4,1,893,546,505,0.000521125,65932.7,0.25,0.04558726080970055,0.6993581574175981,1.0
google/gemini-3.1-flash-lite,google/gemini-3.1-flash-lite-20260507,low,parens.noisy-mismatched-v1,parens,text,3. hard,True,reduce-infer-v1,4,4,0,900,578,530,0.000546000,66419.379,0.0,0.0,0.4898908364545973,1.0
google/gemini-3.1-flash-lite,google/gemini-3.1-flash-lite-20260507,low,parens.noisy-mismatched-v1,parens,text,3. hard,True,reduce-taught-v1,4,4,0,964,555,512,0.000536750,66680.159,0.0,0.0,0.4898908364545973,1.0
google/gemini-3.1-flash-lite,google/gemini-3.1-flash-lite-20260507,low,parens.noisy-mismatched-v1,parens,text,4. lunatic,True,reduce-infer-v1,4,4,1,929,649,603,0.000602875,66853.67199999999,0.25,0.04558726080970055,0.6993581574175981,1.0
google/gemini-3.1-flash-lite,google/gemini-3.1-flash-lite-20260507,low,parens.noisy-mismatched-v1,parens,text,4. lunatic,True,reduce-taught-v1,4,4,0,993,556,508,0.000541125,67762.242,0.0,0.0,0.4898908364545973,1.0
google/gemini-3.1-flash-lite,google/gemini-3.1-flash-lite-20260507,low,parens.noisy-mismatched-v1,parens,text,5. extra,True,reduce-infer-v1,4,4,0,966,654,611,0.000611250,72997.44,0.0,0.0,0.4898908364545973,1.0
google/gemini-3.1-flash-lite,google/gemini-3.1-flash-lite-20260507,low,parens.noisy-mismatched-v1,parens,text,5. extra,True,reduce-taught-v1,4,4,0,1030,578,545,0.000562250,83687.00899999999,0.0,0.0,0.4898908364545973,1.0
google/gemini-3.1-flash-lite,google/gemini-3.1-flash-lite-20260507,low,parens.noisy-v1,parens,text,1. easy,True,reduce-infer-v1,4,4,2,765,468,427,0.000446625,66838.943,0.5,0.15003898915214947,0.8499610108478506,1.0
google/gemini-3.1-flash-lite,google/gemini-3.1-flash-lite-20260507,low,parens.noisy-v1,parens,text,1. easy,True,reduce-taught-v1,4,4,2,829,473,427,0.000458375,65323.426,0.5,0.15003898915214947,0.8499610108478506,1.0
google/gemini-3.1-flash-lite,google/gemini-3.1-flash-lite-20260507,low,parens.noisy-v1,parens,text,2. medium,True,reduce-infer-v1,4,4,0,820,527,489,0.000497750,65438.39599999999,0.0,0.0,0.4898908364545973,1.0
google/gemini-3.1-flash-lite,google/gemini-3.1-flash-lite-20260507,low,parens.noisy-v1,parens,text,2. medium,True,reduce-taught-v1,4,4,2,884,525,484,0.000504250,65868.29699999999,0.5,0.15003898915214947,0.8499610108478506,1.0
google/gemini-3.1-flash-lite,google/gemini-3.1-flash-lite-20260507,low,parens.noisy-v1,parens,text,3. hard,True,reduce-infer-v1,4,4,2,874,556,515,0.000526250,65846.364,0.5,0.15003898915214947,0.8499610108478506,1.0
google/gemini-3.1-flash-lite,google/gemini-3.1-flash-lite-20260507,low,parens.noisy-v1,parens,text,3. hard,True,reduce-taught-v1,4,4,1,938,561,514,0.000538000,67325.136,0.25,0.04558726080970055,0.6993581574175981,1.0
google/gemini-3.1-flash-lite,google/gemini-3.1-flash-lite-20260507,low,parens.noisy-v1,parens,text,4. lunatic,True,reduce-infer-v1,4,4,1,880,544,497,0.000518000,68666.618,0.25,0.04558726080970055,0.6993581574175981,1.0
google/gemini-3.1-flash-lite,google/gemini-3.1-flash-lite-20260507,low,parens.noisy-v1,parens,text,4. lunatic,True,reduce-taught-v1,4,4,0,944,543,505,0.000525250,68083.386,0.0,0.0,0.4898908364545973,1.0
google/gemini-3.1-flash-lite,google/gemini-3.1-flash-lite-20260507,low,parens.noisy-v1,parens,text,5. extra,True,reduce-infer-v1,4,4,1,948,618,581,0.000582000,70714.384,0.25,0.04558726080970055,0.6993581574175981,1.0
google/gemini-3.1-flash-lite,google/gemini-3.1-flash-lite-20260507,low,parens.noisy-v1,parens,text,5. extra,True,reduce-taught-v1,4,4,2,1012,590,544,0.000569000,70219.546,0.5,0.15003898915214947,0.8499610108478506,1.0
google/gemini-3.1-flash-lite,google/gemini-3.1-flash-lite-20260507,low,parens.reference-v1,parens,text,1. easy,True,reduce-infer-v1,4,4,3,745,501,457,0.000468875,66205.909,0.75,0.30064184258240184,0.9544127391902995,1.0
google/gemini-3.1-flash-lite,google/gemini-3.1-flash-lite-20260507,low,parens.reference-v1,parens,text,1. easy,True,reduce-taught-v1,4,4,2,809,485,439,0.000464875,64834.251000000004,0.5,0.15003898915214947,0.8499610108478506,1.0
google/gemini-3.1-flash-lite,google/gemini-3.1-flash-lite-20260507,low,parens.reference-v1,parens,text,2. medium,True,reduce-infer-v1,4,4,2,763,510,465,0.000477875,65823.795,0.5,0.15003898915214947,0.8499610108478506,1.0
google/gemini-3.1-flash-lite,google/gemini-3.1-flash-lite-20260507,low,parens.reference-v1,parens,text,2. medium,True,reduce-taught-v1,4,4,2,827,503,457,0.000480625,65547.0,0.5,0.15003898915214947,0.8499610108478506,1.0
google/gemini-3.1-flash-lite,google/gemini-3.1-flash-lite-20260507,low,parens.reference-v1,parens,text,3. hard,True,reduce-infer-v1,4,4,2,812,504,459,0.00047950,66506.08,0.5,0.15003898915214947,0.8499610108478506,1.0
google/gemini-3.1-flash-lite,google/gemini-3.1-flash-lite-20260507,low,parens.reference-v1,parens,text,3. hard,True,reduce-taught-v1,4,4,4,876,497,458,0.00048225,65264.490000000005,1.0,0.5101091635454027,1.0,1.0
google/gemini-3.1-flash-lite,google/gemini-3.1-flash-lite-20260507,low,parens.reference-v1,parens,text,4. lunatic,True,reduce-infer-v1,4,4,4,826,540,501,0.000508250,67078.577,1.0,0.5101091635454027,1.0,1.0
google/gemini-3.1-flash-lite,google/gemini-3.1-flash-lite-20260507,low,parens.reference-v1,parens,text,4. lunatic,True,reduce-taught-v1,4,4,4,890,538,494,0.000514750,67801.214,1.0,0.5101091635454027,1.0,1.0
google/gemini-3.1-flash-lite,google/gemini-3.1-flash-lite-20260507,low,parens.reference-v1,parens,text,5. extra,True,reduce-infer-v1,4,4,4,833,540,501,0.000509125,70711.933,1.0,0.5101091635454027,1.0,1.0
google/gemini-3.1-flash-lite,google/gemini-3.1-flash-lite-20260507,low,parens.reference-v1,parens,text,5. extra,True,reduce-taught-v1,4,4,1,897,562,516,0.000533625,69393.794,0.25,0.04558726080970055,0.6993581574175981,1.0
google/gemini-3.1-flash-lite,google/gemini-3.1-flash-lite-20260507,low,parens.word-brackets-mismatched-v1,parens,text,1. easy,True,reduce-infer-v1,4,4,2,782,452,409,0.00043675,65086.20700000001,0.5,0.15003898915214947,0.8499610108478506,1.0
google/gemini-3.1-flash-lite,google/gemini-3.1-flash-lite-20260507,low,parens.word-brackets-mismatched-v1,parens,text,1. easy,True,reduce-taught-v1,4,4,3,854,440,400,0.00043675,65329.72900000001,0.75,0.30064184258240184,0.9544127391902995,1.0
google/gemini-3.1-flash-lite,google/gemini-3.1-flash-lite-20260507,low,parens.word-brackets-mismatched-v1,parens,text,2. medium,True,reduce-infer-v1,4,4,1,840,450,418,0.00044250,66191.32999999999,0.25,0.04558726080970055,0.6993581574175981,1.0
google/gemini-3.1-flash-lite,google/gemini-3.1-flash-lite-20260507,low,parens.word-brackets-mismatched-v1,parens,text,2. medium,True,reduce-taught-v1,4,4,2,912,462,416,0.00046050,64895.265,0.5,0.15003898915214947,0.8499610108478506,1.0
google/gemini-3.1-flash-lite,google/gemini-3.1-flash-lite-20260507,low,parens.word-brackets-mismatched-v1,parens,text,3. hard,True,reduce-infer-v1,4,4,0,920,448,410,0.00045100,65946.591,0.0,0.0,0.4898908364545973,1.0
google/gemini-3.1-flash-lite,google/gemini-3.1-flash-lite-20260507,low,parens.word-brackets-mismatched-v1,parens,text,3. hard,True,reduce-taught-v1,4,4,0,992,480,437,0.00048400,66419.11499999999,0.0,0.0,0.4898908364545973,1.0
google/gemini-3.1-flash-lite,google/gemini-3.1-flash-lite-20260507,low,parens.word-brackets-mismatched-v1,parens,text,4. lunatic,True,reduce-infer-v1,4,4,0,960,484,441,0.00048300,67934.293,0.0,0.0,0.4898908364545973,1.0
google/gemini-3.1-flash-lite,google/gemini-3.1-flash-lite-20260507,low,parens.word-brackets-mismatched-v1,parens,text,4. lunatic,True,reduce-taught-v1,4,4,0,1032,667,629,0.00062925,68609.63100000001,0.0,0.0,0.4898908364545973,1.0
google/gemini-3.1-flash-lite,google/gemini-3.1-flash-lite-20260507,low,parens.word-brackets-mismatched-v1,parens,text,5. extra,True,reduce-infer-v1,4,4,0,1000,461,423,0.00047075,70281.654,0.0,0.0,0.4898908364545973,1.0
google/gemini-3.1-flash-lite,google/gemini-3.1-flash-lite-20260507,low,parens.word-brackets-mismatched-v1,parens,text,5. extra,True,reduce-taught-v1,4,4,0,1072,454,421,0.00047450,70192.432,0.0,0.0,0.4898908364545973,1.0
google/gemini-3.1-flash-lite,google/gemini-3.1-flash-lite-20260507,low,parens.word-brackets-plain-v1,parens,text,1. easy,True,reduce-infer-v1,4,4,0,782,525,478,0.00049150,65826.987,0.0,0.0,0.4898908364545973,1.0
google/gemini-3.1-flash-lite,google/gemini-3.1-flash-lite-20260507,low,parens.word-brackets-plain-v1,parens,text,1. easy,True,reduce-taught-v1,4,4,1,854,492,445,0.00047575,65241.603,0.25,0.04558726080970055,0.6993581574175981,1.0
google/gemini-3.1-flash-lite,google/gemini-3.1-flash-lite-20260507,low,parens.word-brackets-plain-v1,parens,text,2. medium,True,reduce-infer-v1,4,4,0,840,543,496,0.00051225,65129.247,0.0,0.0,0.4898908364545973,1.0
google/gemini-3.1-flash-lite,google/gemini-3.1-flash-lite-20260507,low,parens.word-brackets-plain-v1,parens,text,2. medium,True,reduce-taught-v1,4,4,0,912,513,465,0.00049875,65394.139,0.0,0.0,0.4898908364545973,1.0
google/gemini-3.1-flash-lite,google/gemini-3.1-flash-lite-20260507,low,parens.word-brackets-plain-v1,parens,text,3. hard,True,reduce-infer-v1,4,4,0,920,521,483,0.00050575,65922.549,0.0,0.0,0.4898908364545973,1.0
google/gemini-3.1-flash-lite,google/gemini-3.1-flash-lite-20260507,low,parens.word-brackets-plain-v1,parens,text,3. hard,True,reduce-taught-v1,4,4,0,992,624,577,0.00059200,65372.8,0.0,0.0,0.4898908364545973,1.0
google/gemini-3.1-flash-lite,google/gemini-3.1-flash-lite-20260507,low,parens.word-brackets-plain-v1,parens,text,4. lunatic,True,reduce-infer-v1,4,4,0,960,588,540,0.00056100,67384.443,0.0,0.0,0.4898908364545973,1.0
google/gemini-3.1-flash-lite,google/gemini-3.1-flash-lite-20260507,low,parens.word-brackets-plain-v1,parens,text,4. lunatic,True,reduce-taught-v1,4,4,0,1032,550,507,0.00054150,68051.668,0.0,0.0,0.4898908364545973,1.0
google/gemini-3.1-flash-lite,google/gemini-3.1-flash-lite-20260507,low,parens.word-brackets-plain-v1,parens,text,5. extra,True,reduce-infer-v1,4,4,0,1000,696,648,0.00064700,69426.167,0.0,0.0,0.4898908364545973,1.0
google/gemini-3.1-flash-lite,google/gemini-3.1-flash-lite-20260507,low,parens.word-brackets-plain-v1,parens,text,5. extra,True,reduce-taught-v1,4,4,1,1072,2451,2414,0.00197225,74333.924,0.25,0.04558726080970055,0.6993581574175981,1.0
google/gemini-3.1-flash-lite,google/gemini-3.1-flash-lite-20260507,low,paths.arc-nest-plain-v1,paths,image,1. easy,True,reduce-infer-v1,4,4,4,5020,452,408,0.000966500,67622.196,1.0,0.5101091635454027,1.0,1.0
google/gemini-3.1-flash-lite,google/gemini-3.1-flash-lite-20260507,low,paths.arc-nest-plain-v1,paths,image,1. easy,True,reduce-taught-v1,4,4,4,5088,504,460,0.0010140,99767.834,1.0,0.5101091635454027,1.0,1.0
google/gemini-3.1-flash-lite,google/gemini-3.1-flash-lite-20260507,low,paths.arc-nest-plain-v1,paths,image,2. medium,True,reduce-infer-v1,4,4,4,5020,452,408,0.000966500,68782.98599999999,1.0,0.5101091635454027,1.0,1.0
google/gemini-3.1-flash-lite,google/gemini-3.1-flash-lite-20260507,low,paths.arc-nest-plain-v1,paths,image,2. medium,True,reduce-taught-v1,4,4,4,5088,504,460,0.0010140,66986.42199999999,1.0,0.5101091635454027,1.0,1.0
google/gemini-3.1-flash-lite,google/gemini-3.1-flash-lite-20260507,low,paths.arc-nest-plain-v1,paths,image,3. hard,True,reduce-infer-v1,4,4,4,5020,452,408,0.000966500,68258.97799999999,1.0,0.5101091635454027,1.0,1.0
google/gemini-3.1-flash-lite,google/gemini-3.1-flash-lite-20260507,low,paths.arc-nest-plain-v1,paths,image,3. hard,True,reduce-taught-v1,4,4,4,5088,504,460,0.0010140,68536.27799999999,1.0,0.5101091635454027,1.0,1.0
google/gemini-3.1-flash-lite,google/gemini-3.1-flash-lite-20260507,low,paths.arc-nest-plain-v1,paths,image,4. lunatic,True,reduce-infer-v1,4,4,4,5020,452,408,0.000966500,67620.133,1.0,0.5101091635454027,1.0,1.0
google/gemini-3.1-flash-lite,google/gemini-3.1-flash-lite-20260507,low,paths.arc-nest-plain-v1,paths,image,4. lunatic,True,reduce-taught-v1,4,4,4,5088,504,460,0.0010140,69756.052,1.0,0.5101091635454027,1.0,1.0
google/gemini-3.1-flash-lite,google/gemini-3.1-flash-lite-20260507,low,paths.arc-nest-plain-v1,paths,image,5. extra,True,reduce-infer-v1,4,4,4,5020,452,408,0.000966500,69022.481,1.0,0.5101091635454027,1.0,1.0
google/gemini-3.1-flash-lite,google/gemini-3.1-flash-lite-20260507,low,paths.arc-nest-plain-v1,paths,image,5. extra,True,reduce-taught-v1,4,4,4,5088,504,460,0.0010140,72952.773,1.0,0.5101091635454027,1.0,1.0
google/gemini-3.1-flash-lite,google/gemini-3.1-flash-lite-20260507,low,pattern.java-v1,pattern,text,1. easy,True,reduce-infer-v1,4,4,4,829,492,449,0.000472625,65240.066,1.0,0.5101091635454027,1.0,1.0
google/gemini-3.1-flash-lite,google/gemini-3.1-flash-lite-20260507,low,pattern.java-v1,pattern,text,1. easy,True,reduce-taught-v1,4,4,2,905,508,462,0.000494125,79590.636,0.5,0.15003898915214947,0.8499610108478506,1.0
google/gemini-3.1-flash-lite,google/gemini-3.1-flash-lite-20260507,low,pattern.java-v1,pattern,text,2. medium,True,reduce-infer-v1,4,4,3,933,529,489,0.000513375,66660.307,0.75,0.30064184258240184,0.9544127391902995,1.0
google/gemini-3.1-flash-lite,google/gemini-3.1-flash-lite-20260507,low,pattern.java-v1,pattern,text,2. medium,True,reduce-taught-v1,4,4,4,1009,499,455,0.000500375,65894.829,1.0,0.5101091635454027,1.0,1.0
google/gemini-3.1-flash-lite,google/gemini-3.1-flash-lite-20260507,low,pattern.java-v1,pattern,text,3. hard,True,reduce-infer-v1,4,4,4,1090,530,491,0.000533750,66048.16,1.0,0.5101091635454027,1.0,1.0
google/gemini-3.1-flash-lite,google/gemini-3.1-flash-lite-20260507,low,pattern.java-v1,pattern,text,3. hard,True,reduce-taught-v1,4,4,4,1166,556,512,0.000562750,66550.829,1.0,0.5101091635454027,1.0,1.0
google/gemini-3.1-flash-lite,google/gemini-3.1-flash-lite-20260507,low,pattern.java-v1,pattern,text,4. lunatic,True,reduce-infer-v1,4,4,4,1162,671,632,0.000648500,66742.008,1.0,0.5101091635454027,1.0,1.0
google/gemini-3.1-flash-lite,google/gemini-3.1-flash-lite-20260507,low,pattern.java-v1,pattern,text,4. lunatic,True,reduce-taught-v1,4,4,4,1238,612,568,0.00061375,66193.54299999999,1.0,0.5101091635454027,1.0,1.0
google/gemini-3.1-flash-lite,google/gemini-3.1-flash-lite-20260507,low,pattern.java-v1,pattern,text,5. extra,True,reduce-infer-v1,4,4,4,1213,2462,2418,0.001998125,77304.67300000001,1.0,0.5101091635454027,1.0,1.0
google/gemini-3.1-flash-lite,google/gemini-3.1-flash-lite-20260507,low,pattern.java-v1,pattern,text,5. extra,True,reduce-taught-v1,4,4,4,1289,2451,2407,0.001999375,78388.523,1.0,0.5101091635454027,1.0,1.0
google/gemini-3.1-flash-lite,google/gemini-3.1-flash-lite-20260507,low,pattern.lisp-v1,pattern,text,1. easy,True,reduce-infer-v1,4,4,3,798,509,464,0.000481500,65888.35199999998,0.75,0.30064184258240184,0.9544127391902995,1.0
google/gemini-3.1-flash-lite,google/gemini-3.1-flash-lite-20260507,low,pattern.lisp-v1,pattern,text,1. easy,True,reduce-taught-v1,4,4,2,874,532,487,0.000508250,65801.851,0.5,0.15003898915214947,0.8499610108478506,1.0
google/gemini-3.1-flash-lite,google/gemini-3.1-flash-lite-20260507,low,pattern.lisp-v1,pattern,text,2. medium,True,reduce-infer-v1,4,4,4,873,553,509,0.000523875,66019.529,1.0,0.5101091635454027,1.0,1.0
google/gemini-3.1-flash-lite,google/gemini-3.1-flash-lite-20260507,low,pattern.lisp-v1,pattern,text,2. medium,True,reduce-taught-v1,4,4,4,949,510,466,0.000501125,65557.086,1.0,0.5101091635454027,1.0,1.0
google/gemini-3.1-flash-lite,google/gemini-3.1-flash-lite-20260507,low,pattern.lisp-v1,pattern,text,3. hard,True,reduce-infer-v1,4,4,4,990,528,489,0.000519750,68151.601,1.0,0.5101091635454027,1.0,1.0
google/gemini-3.1-flash-lite,google/gemini-3.1-flash-lite-20260507,low,pattern.lisp-v1,pattern,text,3. hard,True,reduce-taught-v1,4,4,4,1066,546,507,0.000542750,67690.126,1.0,0.5101091635454027,1.0,1.0
google/gemini-3.1-flash-lite,google/gemini-3.1-flash-lite-20260507,low,pattern.lisp-v1,pattern,text,4. lunatic,True,reduce-infer-v1,4,4,4,1042,602,558,0.000581750,67172.419,1.0,0.5101091635454027,1.0,1.0
google/gemini-3.1-flash-lite,google/gemini-3.1-flash-lite-20260507,low,pattern.lisp-v1,pattern,text,4. lunatic,True,reduce-taught-v1,4,4,4,1118,569,525,0.00056650,67854.677,1.0,0.5101091635454027,1.0,1.0
google/gemini-3.1-flash-lite,google/gemini-3.1-flash-lite-20260507,low,pattern.lisp-v1,pattern,text,5. extra,True,reduce-infer-v1,4,4,3,1073,2404,2365,0.001937125,77328.243,0.75,0.30064184258240184,0.9544127391902995,1.0
google/gemini-3.1-flash-lite,google/gemini-3.1-flash-lite-20260507,low,pattern.lisp-v1,pattern,text,5. extra,True,reduce-taught-v1,4,4,4,1149,637,598,0.000621375,71125.34,1.0,0.5101091635454027,1.0,1.0
google/gemini-3.1-flash-lite,google/gemini-3.1-flash-lite-20260507,low,pattern.plain-v1,pattern,text,1. easy,True,reduce-infer-v1,4,4,3,798,531,486,0.000498000,66478.153,0.75,0.30064184258240184,0.9544127391902995,1.0
google/gemini-3.1-flash-lite,google/gemini-3.1-flash-lite-20260507,low,pattern.plain-v1,pattern,text,1. easy,True,reduce-taught-v1,4,4,3,874,577,532,0.000542000,65367.852999999996,0.75,0.30064184258240184,0.9544127391902995,1.0
google/gemini-3.1-flash-lite,google/gemini-3.1-flash-lite-20260507,low,pattern.plain-v1,pattern,text,2. medium,True,reduce-infer-v1,4,4,4,873,556,512,0.000526125,65797.41100000001,1.0,0.5101091635454027,1.0,1.0
google/gemini-3.1-flash-lite,google/gemini-3.1-flash-lite-20260507,low,pattern.plain-v1,pattern,text,2. medium,True,reduce-taught-v1,4,4,3,949,558,518,0.000537125,64929.013,0.75,0.30064184258240184,0.9544127391902995,1.0
google/gemini-3.1-flash-lite,google/gemini-3.1-flash-lite-20260507,low,pattern.plain-v1,pattern,text,3. hard,True,reduce-infer-v1,4,4,4,990,710,671,0.000656250,66719.15,1.0,0.5101091635454027,1.0,1.0
google/gemini-3.1-flash-lite,google/gemini-3.1-flash-lite-20260507,low,pattern.plain-v1,pattern,text,3. hard,True,reduce-taught-v1,4,4,3,1066,665,621,0.000632000,66884.29599999999,0.75,0.30064184258240184,0.9544127391902995,1.0
google/gemini-3.1-flash-lite,google/gemini-3.1-flash-lite-20260507,low,pattern.plain-v1,pattern,text,4. lunatic,True,reduce-infer-v1,4,4,4,1042,679,635,0.000639500,69055.141,1.0,0.5101091635454027,1.0,1.0
google/gemini-3.1-flash-lite,google/gemini-3.1-flash-lite-20260507,low,pattern.plain-v1,pattern,text,4. lunatic,True,reduce-taught-v1,4,4,4,1118,599,555,0.00058900,67211.756,1.0,0.5101091635454027,1.0,1.0
google/gemini-3.1-flash-lite,google/gemini-3.1-flash-lite-20260507,low,pattern.plain-v1,pattern,text,5. extra,True,reduce-infer-v1,4,4,2,1073,684,643,0.000647125,70402.15400000001,0.5,0.15003898915214947,0.8499610108478506,1.0
google/gemini-3.1-flash-lite,google/gemini-3.1-flash-lite-20260507,low,pattern.plain-v1,pattern,text,5. extra,True,reduce-taught-v1,4,4,3,1149,690,650,0.000661125,72332.098,0.75,0.30064184258240184,0.9544127391902995,1.0
google/gemini-3.1-flash-lite,google/gemini-3.1-flash-lite-20260507,low,pattern.python-v1,pattern,text,1. easy,True,reduce-infer-v1,4,4,3,798,538,493,0.000503250,64722.672999999995,0.75,0.30064184258240184,0.9544127391902995,1.0
google/gemini-3.1-flash-lite,google/gemini-3.1-flash-lite-20260507,low,pattern.python-v1,pattern,text,1. easy,True,reduce-taught-v1,4,4,2,874,535,489,0.000510500,65217.618,0.5,0.15003898915214947,0.8499610108478506,1.0
google/gemini-3.1-flash-lite,google/gemini-3.1-flash-lite-20260507,low,pattern.python-v1,pattern,text,2. medium,True,reduce-infer-v1,4,4,4,873,506,467,0.000488625,65309.414,1.0,0.5101091635454027,1.0,1.0
google/gemini-3.1-flash-lite,google/gemini-3.1-flash-lite-20260507,low,pattern.python-v1,pattern,text,2. medium,True,reduce-taught-v1,4,4,4,949,556,517,0.000535625,66487.382,1.0,0.5101091635454027,1.0,1.0
google/gemini-3.1-flash-lite,google/gemini-3.1-flash-lite-20260507,low,pattern.python-v1,pattern,text,3. hard,True,reduce-infer-v1,4,4,4,990,686,642,0.000638250,65429.349,1.0,0.5101091635454027,1.0,1.0
google/gemini-3.1-flash-lite,google/gemini-3.1-flash-lite-20260507,low,pattern.python-v1,pattern,text,3. hard,True,reduce-taught-v1,4,4,3,1066,628,583,0.000604250,66098.557,0.75,0.30064184258240184,0.9544127391902995,1.0
google/gemini-3.1-flash-lite,google/gemini-3.1-flash-lite-20260507,low,pattern.python-v1,pattern,text,4. lunatic,True,reduce-infer-v1,4,4,2,1042,608,572,0.000586250,66173.152,0.5,0.15003898915214947,0.8499610108478506,1.0
google/gemini-3.1-flash-lite,google/gemini-3.1-flash-lite-20260507,low,pattern.python-v1,pattern,text,4. lunatic,True,reduce-taught-v1,4,4,1,1118,599,557,0.00058900,67324.658,0.25,0.04558726080970055,0.6993581574175981,1.0
google/gemini-3.1-flash-lite,google/gemini-3.1-flash-lite-20260507,low,pattern.python-v1,pattern,text,5. extra,True,reduce-infer-v1,4,4,2,1073,572,531,0.000563125,69018.413,0.5,0.15003898915214947,0.8499610108478506,1.0
google/gemini-3.1-flash-lite,google/gemini-3.1-flash-lite-20260507,low,pattern.python-v1,pattern,text,5. extra,True,reduce-taught-v1,4,4,3,1149,581,541,0.000579375,72684.873,0.75,0.30064184258240184,0.9544127391902995,1.0
google/gemini-3.1-flash-lite,google/gemini-3.1-flash-lite-20260507,low,pattern.rust-v1,pattern,text,1. easy,True,reduce-infer-v1,4,4,3,860,531,486,0.000505750,64928.208000000006,0.75,0.30064184258240184,0.9544127391902995,1.0
google/gemini-3.1-flash-lite,google/gemini-3.1-flash-lite-20260507,low,pattern.rust-v1,pattern,text,1. easy,True,reduce-taught-v1,4,4,3,936,533,494,0.000516750,66644.168,0.75,0.30064184258240184,0.9544127391902995,1.0
google/gemini-3.1-flash-lite,google/gemini-3.1-flash-lite-20260507,low,pattern.rust-v1,pattern,text,2. medium,True,reduce-infer-v1,4,4,4,993,579,540,0.000558375,65749.523,1.0,0.5101091635454027,1.0,1.0
google/gemini-3.1-flash-lite,google/gemini-3.1-flash-lite-20260507,low,pattern.rust-v1,pattern,text,2. medium,True,reduce-taught-v1,4,4,4,1069,562,523,0.000555125,66284.67199999999,1.0,0.5101091635454027,1.0,1.0
google/gemini-3.1-flash-lite,google/gemini-3.1-flash-lite-20260507,low,pattern.rust-v1,pattern,text,3. hard,True,reduce-infer-v1,4,4,4,1190,542,498,0.000555250,65644.357,1.0,0.5101091635454027,1.0,1.0
google/gemini-3.1-flash-lite,google/gemini-3.1-flash-lite-20260507,low,pattern.rust-v1,pattern,text,3. hard,True,reduce-taught-v1,4,4,3,1266,674,634,0.000663750,67031.28799999999,0.75,0.30064184258240184,0.9544127391902995,1.0
google/gemini-3.1-flash-lite,google/gemini-3.1-flash-lite-20260507,low,pattern.rust-v1,pattern,text,4. lunatic,True,reduce-infer-v1,4,4,4,1282,639,600,0.000639500,68684.666,1.0,0.5101091635454027,1.0,1.0
google/gemini-3.1-flash-lite,google/gemini-3.1-flash-lite-20260507,low,pattern.rust-v1,pattern,text,4. lunatic,True,reduce-taught-v1,4,4,4,1358,733,689,0.00071950,67417.356,1.0,0.5101091635454027,1.0,1.0
google/gemini-3.1-flash-lite,google/gemini-3.1-flash-lite-20260507,low,pattern.rust-v1,pattern,text,5. extra,True,reduce-infer-v1,4,4,4,1353,829,790,0.000790875,69106.53199999999,1.0,0.5101091635454027,1.0,1.0
google/gemini-3.1-flash-lite,google/gemini-3.1-flash-lite-20260507,low,pattern.rust-v1,pattern,text,5. extra,True,reduce-taught-v1,4,4,3,1429,1924,1889,0.001621625,77692.916,0.75,0.30064184258240184,0.9544127391902995,1.0
google/gemini-3.1-flash-lite,google/gemini-3.1-flash-lite-20260507,low,pattern.scheme-v1,pattern,text,1. easy,True,reduce-infer-v1,4,4,2,798,499,453,0.000474000,65207.25400000001,0.5,0.15003898915214947,0.8499610108478506,1.0
google/gemini-3.1-flash-lite,google/gemini-3.1-flash-lite-20260507,low,pattern.scheme-v1,pattern,text,1. easy,True,reduce-taught-v1,4,4,1,874,518,471,0.000497750,65691.409,0.25,0.04558726080970055,0.6993581574175981,1.0
google/gemini-3.1-flash-lite,google/gemini-3.1-flash-lite-20260507,low,pattern.scheme-v1,pattern,text,2. medium,True,reduce-infer-v1,4,4,4,873,497,453,0.000481875,66001.159,1.0,0.5101091635454027,1.0,1.0
google/gemini-3.1-flash-lite,google/gemini-3.1-flash-lite-20260507,low,pattern.scheme-v1,pattern,text,2. medium,True,reduce-taught-v1,4,4,4,949,536,497,0.000520625,65071.244000000006,1.0,0.5101091635454027,1.0,1.0
google/gemini-3.1-flash-lite,google/gemini-3.1-flash-lite-20260507,low,pattern.scheme-v1,pattern,text,3. hard,True,reduce-infer-v1,4,4,4,990,546,508,0.000533250,66332.969,1.0,0.5101091635454027,1.0,1.0
google/gemini-3.1-flash-lite,google/gemini-3.1-flash-lite-20260507,low,pattern.scheme-v1,pattern,text,3. hard,True,reduce-taught-v1,4,4,4,1066,538,494,0.000536750,65091.89200000001,1.0,0.5101091635454027,1.0,1.0
google/gemini-3.1-flash-lite,google/gemini-3.1-flash-lite-20260507,low,pattern.scheme-v1,pattern,text,4. lunatic,True,reduce-infer-v1,4,4,4,1042,562,528,0.000551750,68087.904,1.0,0.5101091635454027,1.0,1.0
google/gemini-3.1-flash-lite,google/gemini-3.1-flash-lite-20260507,low,pattern.scheme-v1,pattern,text,4. lunatic,True,reduce-taught-v1,4,4,4,1118,563,524,0.00056200,67083.886,1.0,0.5101091635454027,1.0,1.0
google/gemini-3.1-flash-lite,google/gemini-3.1-flash-lite-20260507,low,pattern.scheme-v1,pattern,text,5. extra,True,reduce-infer-v1,4,4,4,1073,515,482,0.000520375,72873.944,1.0,0.5101091635454027,1.0,1.0
google/gemini-3.1-flash-lite,google/gemini-3.1-flash-lite-20260507,low,pattern.scheme-v1,pattern,text,5. extra,True,reduce-taught-v1,4,4,4,1149,568,524,0.000569625,71528.37299999999,1.0,0.5101091635454027,1.0,1.0
google/gemini-3.1-flash-lite,google/gemini-3.1-flash-lite-20260507,low,prose.containment-jitter-v1,prose,text,1. easy,True,reduce-infer-v1,4,4,2,823,437,392,0.000430625,65328.466,0.5,0.15003898915214947,0.8499610108478506,1.0
google/gemini-3.1-flash-lite,google/gemini-3.1-flash-lite-20260507,low,prose.containment-jitter-v1,prose,text,1. easy,True,reduce-taught-v1,4,4,3,895,468,428,0.000462875,65595.609,0.75,0.30064184258240184,0.9544127391902995,1.0
google/gemini-3.1-flash-lite,google/gemini-3.1-flash-lite-20260507,low,prose.containment-jitter-v1,prose,text,2. medium,True,reduce-infer-v1,4,4,4,912,461,422,0.000459750,65622.869,1.0,0.5101091635454027,1.0,1.0
google/gemini-3.1-flash-lite,google/gemini-3.1-flash-lite-20260507,low,prose.containment-jitter-v1,prose,text,2. medium,True,reduce-taught-v1,4,4,2,984,505,459,0.000501750,66641.82,0.5,0.15003898915214947,0.8499610108478506,1.0
google/gemini-3.1-flash-lite,google/gemini-3.1-flash-lite-20260507,low,prose.containment-jitter-v1,prose,text,3. hard,True,reduce-infer-v1,4,4,2,907,480,439,0.000473375,66629.666,0.5,0.15003898915214947,0.8499610108478506,1.0
google/gemini-3.1-flash-lite,google/gemini-3.1-flash-lite-20260507,low,prose.containment-jitter-v1,prose,text,3. hard,True,reduce-taught-v1,4,4,1,979,490,443,0.000489875,65477.846000000005,0.25,0.04558726080970055,0.6993581574175981,1.0
google/gemini-3.1-flash-lite,google/gemini-3.1-flash-lite-20260507,low,prose.containment-jitter-v1,prose,text,4. lunatic,True,reduce-infer-v1,4,4,1,958,457,415,0.0004625,67376.39800000002,0.25,0.04558726080970055,0.6993581574175981,1.0
google/gemini-3.1-flash-lite,google/gemini-3.1-flash-lite-20260507,low,prose.containment-jitter-v1,prose,text,4. lunatic,True,reduce-taught-v1,4,4,2,1030,477,431,0.00048650,68017.224,0.5,0.15003898915214947,0.8499610108478506,1.0
google/gemini-3.1-flash-lite,google/gemini-3.1-flash-lite-20260507,low,prose.containment-jitter-v1,prose,text,5. extra,True,reduce-infer-v1,4,4,0,1184,541,498,0.000553750,69687.461,0.0,0.0,0.4898908364545973,1.0
google/gemini-3.1-flash-lite,google/gemini-3.1-flash-lite-20260507,low,prose.containment-jitter-v1,prose,text,5. extra,True,reduce-taught-v1,4,4,0,1256,471,423,0.000510250,72328.72200000001,0.0,0.0,0.4898908364545973,1.0
google/gemini-3.1-flash-lite,google/gemini-3.1-flash-lite-20260507,low,prose.containment-plain-v1,prose,text,1. easy,True,reduce-infer-v1,4,4,3,823,509,465,0.000484625,65569.957,0.75,0.30064184258240184,0.9544127391902995,1.0
google/gemini-3.1-flash-lite,google/gemini-3.1-flash-lite-20260507,low,prose.containment-plain-v1,prose,text,1. easy,True,reduce-taught-v1,4,4,4,895,475,431,0.000468125,66560.08,1.0,0.5101091635454027,1.0,1.0
google/gemini-3.1-flash-lite,google/gemini-3.1-flash-lite-20260507,low,prose.containment-plain-v1,prose,text,2. medium,True,reduce-infer-v1,4,4,4,912,486,447,0.000478500,65380.36600000001,1.0,0.5101091635454027,1.0,1.0
google/gemini-3.1-flash-lite,google/gemini-3.1-flash-lite-20260507,low,prose.containment-plain-v1,prose,text,2. medium,True,reduce-taught-v1,4,4,4,984,487,443,0.000488250,76176.702,1.0,0.5101091635454027,1.0,1.0
google/gemini-3.1-flash-lite,google/gemini-3.1-flash-lite-20260507,low,prose.containment-plain-v1,prose,text,3. hard,True,reduce-infer-v1,4,4,2,907,494,449,0.000483875,65159.06799999999,0.5,0.15003898915214947,0.8499610108478506,1.0
google/gemini-3.1-flash-lite,google/gemini-3.1-flash-lite-20260507,low,prose.containment-plain-v1,prose,text,3. hard,True,reduce-taught-v1,4,4,1,979,501,454,0.000498125,66168.043,0.25,0.04558726080970055,0.6993581574175981,1.0
google/gemini-3.1-flash-lite,google/gemini-3.1-flash-lite-20260507,low,prose.containment-plain-v1,prose,text,4. lunatic,True,reduce-infer-v1,4,4,4,958,501,457,0.00049550,67087.238,1.0,0.5101091635454027,1.0,1.0
google/gemini-3.1-flash-lite,google/gemini-3.1-flash-lite-20260507,low,prose.containment-plain-v1,prose,text,4. lunatic,True,reduce-taught-v1,4,4,2,1030,478,432,0.00048725,68736.772,0.5,0.15003898915214947,0.8499610108478506,1.0
google/gemini-3.1-flash-lite,google/gemini-3.1-flash-lite-20260507,low,prose.containment-plain-v1,prose,text,5. extra,True,reduce-infer-v1,4,4,2,1184,2371,2335,0.001926250,75801.603,0.5,0.15003898915214947,0.8499610108478506,1.0
google/gemini-3.1-flash-lite,google/gemini-3.1-flash-lite-20260507,low,prose.containment-plain-v1,prose,text,5. extra,True,reduce-taught-v1,4,4,2,1256,527,486,0.000552250,71257.818,0.5,0.15003898915214947,0.8499610108478506,1.0
google/gemini-3.1-flash-lite,google/gemini-3.1-flash-lite-20260507,low,rooms.plain-v1,rooms,image,1. easy,True,reduce-infer-v1,4,4,0,5056,464,416,0.000980,66608.292,0.0,0.0,0.4898908364545973,1.0
google/gemini-3.1-flash-lite,google/gemini-3.1-flash-lite-20260507,low,rooms.plain-v1,rooms,image,1. easy,True,reduce-taught-v1,4,4,4,5128,456,412,0.00098300,66263.38,1.0,0.5101091635454027,1.0,1.0
google/gemini-3.1-flash-lite,google/gemini-3.1-flash-lite-20260507,low,rooms.plain-v1,rooms,image,2. medium,True,reduce-infer-v1,4,4,0,5056,464,416,0.000980,68669.618,0.0,0.0,0.4898908364545973,1.0
google/gemini-3.1-flash-lite,google/gemini-3.1-flash-lite-20260507,low,rooms.plain-v1,rooms,image,2. medium,True,reduce-taught-v1,4,4,4,5128,456,412,0.00098300,67294.06099999999,1.0,0.5101091635454027,1.0,1.0
google/gemini-3.1-flash-lite,google/gemini-3.1-flash-lite-20260507,low,rooms.plain-v1,rooms,image,3. hard,True,reduce-infer-v1,4,4,0,5056,464,416,0.000980,68442.522,0.0,0.0,0.4898908364545973,1.0
google/gemini-3.1-flash-lite,google/gemini-3.1-flash-lite-20260507,low,rooms.plain-v1,rooms,image,3. hard,True,reduce-taught-v1,4,4,4,5128,456,412,0.00098300,67519.72,1.0,0.5101091635454027,1.0,1.0
google/gemini-3.1-flash-lite,google/gemini-3.1-flash-lite-20260507,low,rooms.plain-v1,rooms,image,4. lunatic,True,reduce-infer-v1,4,4,0,5056,464,416,0.000980,68661.06599999999,0.0,0.0,0.4898908364545973,1.0
google/gemini-3.1-flash-lite,google/gemini-3.1-flash-lite-20260507,low,rooms.plain-v1,rooms,image,4. lunatic,True,reduce-taught-v1,4,4,4,5128,456,412,0.00098300,70348.181,1.0,0.5101091635454027,1.0,1.0
google/gemini-3.1-flash-lite,google/gemini-3.1-flash-lite-20260507,low,rooms.plain-v1,rooms,image,5. extra,True,reduce-infer-v1,4,4,0,5056,464,416,0.000980,73114.708,0.0,0.0,0.4898908364545973,1.0
google/gemini-3.1-flash-lite,google/gemini-3.1-flash-lite-20260507,low,rooms.plain-v1,rooms,image,5. extra,True,reduce-taught-v1,4,4,4,5128,456,412,0.00098300,69300.954,1.0,0.5101091635454027,1.0,1.0
google/gemini-3.1-flash-lite,google/gemini-3.1-flash-lite-20260507,low,trees.indent-jitter-v1,trees,text,1. easy,True,reduce-infer-v1,4,4,1,813,436,389,0.000428625,66775.775,0.25,0.04558726080970055,0.6993581574175981,1.0
google/gemini-3.1-flash-lite,google/gemini-3.1-flash-lite-20260507,low,trees.indent-jitter-v1,trees,text,1. easy,True,reduce-taught-v1,4,4,3,881,472,428,0.000464125,65413.22,0.75,0.30064184258240184,0.9544127391902995,1.0
google/gemini-3.1-flash-lite,google/gemini-3.1-flash-lite-20260507,low,trees.indent-jitter-v1,trees,text,2. medium,True,reduce-infer-v1,4,4,3,888,447,403,0.000446250,65412.198,0.75,0.30064184258240184,0.9544127391902995,1.0
google/gemini-3.1-flash-lite,google/gemini-3.1-flash-lite-20260507,low,trees.indent-jitter-v1,trees,text,2. medium,True,reduce-taught-v1,4,4,3,956,467,422,0.000469750,66352.103,0.75,0.30064184258240184,0.9544127391902995,1.0
google/gemini-3.1-flash-lite,google/gemini-3.1-flash-lite-20260507,low,trees.indent-jitter-v1,trees,text,3. hard,True,reduce-infer-v1,4,4,2,1057,2179,2133,0.001766375,72914.81400000001,0.5,0.15003898915214947,0.8499610108478506,1.0
google/gemini-3.1-flash-lite,google/gemini-3.1-flash-lite-20260507,low,trees.indent-jitter-v1,trees,text,3. hard,True,reduce-taught-v1,4,4,4,1125,481,442,0.000501375,66785.78600000001,1.0,0.5101091635454027,1.0,1.0
google/gemini-3.1-flash-lite,google/gemini-3.1-flash-lite-20260507,low,trees.indent-jitter-v1,trees,text,4. lunatic,True,reduce-infer-v1,4,4,3,1202,449,419,0.0004870,67186.769,0.75,0.30064184258240184,0.9544127391902995,1.0
google/gemini-3.1-flash-lite,google/gemini-3.1-flash-lite-20260507,low,trees.indent-jitter-v1,trees,text,4. lunatic,True,reduce-taught-v1,4,4,3,1270,483,448,0.000521000,68965.579,0.75,0.30064184258240184,0.9544127391902995,1.0
google/gemini-3.1-flash-lite,google/gemini-3.1-flash-lite-20260507,low,trees.indent-jitter-v1,trees,text,5. extra,True,reduce-infer-v1,4,4,3,1204,441,401,0.000481250,77916.49799999999,0.75,0.30064184258240184,0.9544127391902995,1.0
google/gemini-3.1-flash-lite,google/gemini-3.1-flash-lite-20260507,low,trees.indent-jitter-v1,trees,text,5. extra,True,reduce-taught-v1,4,4,3,1272,477,437,0.000516750,73898.574,0.75,0.30064184258240184,0.9544127391902995,1.0
google/gemini-3.1-flash-lite,google/gemini-3.1-flash-lite-20260507,low,trees.indent-plain-v1,trees,text,1. easy,True,reduce-infer-v1,4,4,3,802,409,364,0.000407000,65454.957,0.75,0.30064184258240184,0.9544127391902995,1.0
google/gemini-3.1-flash-lite,google/gemini-3.1-flash-lite-20260507,low,trees.indent-plain-v1,trees,text,1. easy,True,reduce-taught-v1,4,4,3,870,2264,2225,0.001806750,70857.46100000001,0.75,0.30064184258240184,0.9544127391902995,1.0
google/gemini-3.1-flash-lite,google/gemini-3.1-flash-lite-20260507,low,trees.indent-plain-v1,trees,text,2. medium,True,reduce-infer-v1,4,4,4,887,447,403,0.000446125,65626.015,1.0,0.5101091635454027,1.0,1.0
google/gemini-3.1-flash-lite,google/gemini-3.1-flash-lite-20260507,low,trees.indent-plain-v1,trees,text,2. medium,True,reduce-taught-v1,4,4,2,955,508,462,0.000500375,65986.574,0.5,0.15003898915214947,0.8499610108478506,1.0
google/gemini-3.1-flash-lite,google/gemini-3.1-flash-lite-20260507,low,trees.indent-plain-v1,trees,text,3. hard,True,reduce-infer-v1,4,4,4,1012,448,410,0.000462500,65512.324,1.0,0.5101091635454027,1.0,1.0
google/gemini-3.1-flash-lite,google/gemini-3.1-flash-lite-20260507,low,trees.indent-plain-v1,trees,text,3. hard,True,reduce-taught-v1,4,4,4,1080,514,475,0.00052050,67397.75,1.0,0.5101091635454027,1.0,1.0
google/gemini-3.1-flash-lite,google/gemini-3.1-flash-lite-20260507,low,trees.indent-plain-v1,trees,text,4. lunatic,True,reduce-infer-v1,4,4,3,1072,2327,2282,0.00187925,74351.378,0.75,0.30064184258240184,0.9544127391902995,1.0
google/gemini-3.1-flash-lite,google/gemini-3.1-flash-lite-20260507,low,trees.indent-plain-v1,trees,text,4. lunatic,True,reduce-taught-v1,4,4,2,1140,536,490,0.000544500,67131.373,0.5,0.15003898915214947,0.8499610108478506,1.0
google/gemini-3.1-flash-lite,google/gemini-3.1-flash-lite-20260507,low,trees.indent-plain-v1,trees,text,5. extra,True,reduce-infer-v1,4,4,2,1129,4228,4187,0.003312125,80577.812,0.5,0.15003898915214947,0.8499610108478506,1.0
google/gemini-3.1-flash-lite,google/gemini-3.1-flash-lite-20260507,low,trees.indent-plain-v1,trees,text,5. extra,True,reduce-taught-v1,4,4,1,1197,499,457,0.000523875,70822.51599999999,0.25,0.04558726080970055,0.6993581574175981,1.0
google/gemini-3.1-flash-lite,google/gemini-3.1-flash-lite-20260507,low,trees.plain-v1,trees,image,1. easy,True,reduce-infer-v1,4,4,2,4956,442,396,0.000951000,77524.47200000001,0.5,0.15003898915214947,0.8499610108478506,1.0
google/gemini-3.1-flash-lite,google/gemini-3.1-flash-lite-20260507,low,trees.plain-v1,trees,image,1. easy,True,reduce-taught-v1,4,4,2,5024,469,423,0.00097975,67100.74900000001,0.5,0.15003898915214947,0.8499610108478506,1.0
google/gemini-3.1-flash-lite,google/gemini-3.1-flash-lite-20260507,low,trees.plain-v1,trees,image,2. medium,True,reduce-infer-v1,4,4,1,4956,444,397,0.000952500,69665.052,0.25,0.04558726080970055,0.6993581574175981,1.0
google/gemini-3.1-flash-lite,google/gemini-3.1-flash-lite-20260507,low,trees.plain-v1,trees,image,2. medium,True,reduce-taught-v1,4,4,2,5024,465,419,0.00097675,67052.876,0.5,0.15003898915214947,0.8499610108478506,1.0
google/gemini-3.1-flash-lite,google/gemini-3.1-flash-lite-20260507,low,trees.plain-v1,trees,image,3. hard,True,reduce-infer-v1,4,4,3,4956,446,401,0.000954000,73705.887,0.75,0.30064184258240184,0.9544127391902995,1.0
google/gemini-3.1-flash-lite,google/gemini-3.1-flash-lite-20260507,low,trees.plain-v1,trees,image,3. hard,True,reduce-taught-v1,4,4,3,5024,496,451,0.00100000,67783.49100000001,0.75,0.30064184258240184,0.9544127391902995,1.0
google/gemini-3.1-flash-lite,google/gemini-3.1-flash-lite-20260507,low,trees.plain-v1,trees,image,4. lunatic,True,reduce-infer-v1,4,4,3,4956,468,423,0.000970500,71819.47700000001,0.75,0.30064184258240184,0.9544127391902995,1.0
google/gemini-3.1-flash-lite,google/gemini-3.1-flash-lite-20260507,low,trees.plain-v1,trees,image,4. lunatic,True,reduce-taught-v1,4,4,3,5024,462,417,0.00097450,66826.842,0.75,0.30064184258240184,0.9544127391902995,1.0
google/gemini-3.1-flash-lite,google/gemini-3.1-flash-lite-20260507,low,trees.plain-v1,trees,image,5. extra,True,reduce-infer-v1,4,4,0,4956,482,434,0.000981000,74815.829,0.0,0.0,0.4898908364545973,1.0
google/gemini-3.1-flash-lite,google/gemini-3.1-flash-lite-20260507,low,trees.plain-v1,trees,image,5. extra,True,reduce-taught-v1,4,4,0,5024,472,424,0.00098200,75626.326,0.0,0.0,0.4898908364545973,1.0
google/gemini-3.1-flash-lite,google/gemini-3.1-flash-lite-20260507,off,biopolymer.rna-arc-plain-v1,biopolymer,image,1. easy,False,reduce-infer-v1,4,4,0,5020,24,0,0.000645500,67291.246,0.0,0.0,0.4898908364545973,1.0
google/gemini-3.1-flash-lite,google/gemini-3.1-flash-lite-20260507,off,biopolymer.rna-arc-plain-v1,biopolymer,image,1. easy,False,reduce-taught-v1,4,4,0,5088,24,0,0.0006540,66880.514,0.0,0.0,0.4898908364545973,1.0
google/gemini-3.1-flash-lite,google/gemini-3.1-flash-lite-20260507,off,biopolymer.rna-arc-plain-v1,biopolymer,image,1. easy,True,reduce-infer-v1,4,4,4,5020,24,0,0.000645500,66453.798,1.0,0.5101091635454027,1.0,1.0
google/gemini-3.1-flash-lite,google/gemini-3.1-flash-lite-20260507,off,biopolymer.rna-arc-plain-v1,biopolymer,image,1. easy,True,reduce-taught-v1,4,4,4,5088,24,0,0.0006540,67316.742,1.0,0.5101091635454027,1.0,1.0
google/gemini-3.1-flash-lite,google/gemini-3.1-flash-lite-20260507,off,biopolymer.rna-arc-plain-v1,biopolymer,image,2. medium,False,reduce-infer-v1,4,4,0,5020,24,0,0.000645500,67465.346,0.0,0.0,0.4898908364545973,1.0
google/gemini-3.1-flash-lite,google/gemini-3.1-flash-lite-20260507,off,biopolymer.rna-arc-plain-v1,biopolymer,image,2. medium,False,reduce-taught-v1,4,4,0,5088,24,0,0.0006540,67391.07500000001,0.0,0.0,0.4898908364545973,1.0
google/gemini-3.1-flash-lite,google/gemini-3.1-flash-lite-20260507,off,biopolymer.rna-arc-plain-v1,biopolymer,image,2. medium,True,reduce-infer-v1,4,4,4,5020,24,0,0.000645500,67025.96900000001,1.0,0.5101091635454027,1.0,1.0
google/gemini-3.1-flash-lite,google/gemini-3.1-flash-lite-20260507,off,biopolymer.rna-arc-plain-v1,biopolymer,image,2. medium,True,reduce-taught-v1,4,4,4,5088,24,0,0.0006540,66136.15800000001,1.0,0.5101091635454027,1.0,1.0
google/gemini-3.1-flash-lite,google/gemini-3.1-flash-lite-20260507,off,biopolymer.rna-arc-plain-v1,biopolymer,image,3. hard,False,reduce-infer-v1,4,4,0,5020,24,0,0.000645500,73897.832,0.0,0.0,0.4898908364545973,1.0
google/gemini-3.1-flash-lite,google/gemini-3.1-flash-lite-20260507,off,biopolymer.rna-arc-plain-v1,biopolymer,image,3. hard,False,reduce-taught-v1,4,4,0,5088,24,0,0.0006540,70767.18400000001,0.0,0.0,0.4898908364545973,1.0
google/gemini-3.1-flash-lite,google/gemini-3.1-flash-lite-20260507,off,biopolymer.rna-arc-plain-v1,biopolymer,image,3. hard,True,reduce-infer-v1,4,4,4,5020,24,0,0.000645500,72838.582,1.0,0.5101091635454027,1.0,1.0
google/gemini-3.1-flash-lite,google/gemini-3.1-flash-lite-20260507,off,biopolymer.rna-arc-plain-v1,biopolymer,image,3. hard,True,reduce-taught-v1,4,4,4,5088,24,0,0.0006540,70752.988,1.0,0.5101091635454027,1.0,1.0
google/gemini-3.1-flash-lite,google/gemini-3.1-flash-lite-20260507,off,biopolymer.rna-arc-plain-v1,biopolymer,image,4. lunatic,False,reduce-infer-v1,4,4,0,5020,24,0,0.000645500,79768.59,0.0,0.0,0.4898908364545973,1.0
google/gemini-3.1-flash-lite,google/gemini-3.1-flash-lite-20260507,off,biopolymer.rna-arc-plain-v1,biopolymer,image,4. lunatic,False,reduce-taught-v1,4,4,0,5088,24,0,0.0006540,74355.208,0.0,0.0,0.4898908364545973,1.0
google/gemini-3.1-flash-lite,google/gemini-3.1-flash-lite-20260507,off,biopolymer.rna-arc-plain-v1,biopolymer,image,4. lunatic,True,reduce-infer-v1,4,4,4,5020,24,0,0.000645500,74172.87,1.0,0.5101091635454027,1.0,1.0
google/gemini-3.1-flash-lite,google/gemini-3.1-flash-lite-20260507,off,biopolymer.rna-arc-plain-v1,biopolymer,image,4. lunatic,True,reduce-taught-v1,4,4,4,5088,24,0,0.0006540,73847.017,1.0,0.5101091635454027,1.0,1.0
google/gemini-3.1-flash-lite,google/gemini-3.1-flash-lite-20260507,off,biopolymer.rna-arc-plain-v1,biopolymer,image,5. extra,False,reduce-infer-v1,4,4,0,5020,24,0,0.000645500,93630.13300000002,0.0,0.0,0.4898908364545973,1.0
google/gemini-3.1-flash-lite,google/gemini-3.1-flash-lite-20260507,off,biopolymer.rna-arc-plain-v1,biopolymer,image,5. extra,False,reduce-taught-v1,4,4,0,5088,24,0,0.0006540,70344.369,0.0,0.0,0.4898908364545973,1.0
google/gemini-3.1-flash-lite,google/gemini-3.1-flash-lite-20260507,off,biopolymer.rna-arc-plain-v1,biopolymer,image,5. extra,True,reduce-infer-v1,4,4,4,5020,24,0,0.000645500,73584.975,1.0,0.5101091635454027,1.0,1.0
google/gemini-3.1-flash-lite,google/gemini-3.1-flash-lite-20260507,off,biopolymer.rna-arc-plain-v1,biopolymer,image,5. extra,True,reduce-taught-v1,4,4,4,5088,24,0,0.0006540,75579.331,1.0,0.5101091635454027,1.0,1.0
google/gemini-3.1-flash-lite,google/gemini-3.1-flash-lite-20260507,off,biopolymer.rna-dotbracket-filler-v1,biopolymer,text,1. easy,False,reduce-infer-v1,4,4,0,892,29,0,0.000133250,63108.21,0.0,0.0,0.4898908364545973,1.0
google/gemini-3.1-flash-lite,google/gemini-3.1-flash-lite-20260507,off,biopolymer.rna-dotbracket-filler-v1,biopolymer,text,1. easy,False,reduce-taught-v1,4,4,2,956,26,0,0.000139000,62834.952999999994,0.5,0.15003898915214947,0.8499610108478506,1.0
google/gemini-3.1-flash-lite,google/gemini-3.1-flash-lite-20260507,off,biopolymer.rna-dotbracket-filler-v1,biopolymer,text,1. easy,True,reduce-infer-v1,4,4,4,888,24,0,0.000129000,63461.259,1.0,0.5101091635454027,1.0,1.0
google/gemini-3.1-flash-lite,google/gemini-3.1-flash-lite-20260507,off,biopolymer.rna-dotbracket-filler-v1,biopolymer,text,1. easy,True,reduce-taught-v1,4,4,4,952,29,0,0.000140750,64112.205,1.0,0.5101091635454027,1.0,1.0
google/gemini-3.1-flash-lite,google/gemini-3.1-flash-lite-20260507,off,biopolymer.rna-dotbracket-filler-v1,biopolymer,text,2. medium,False,reduce-infer-v1,4,4,1,1062,35,0,0.000159000,65061.458,0.25,0.04558726080970055,0.6993581574175981,1.0
google/gemini-3.1-flash-lite,google/gemini-3.1-flash-lite-20260507,off,biopolymer.rna-dotbracket-filler-v1,biopolymer,text,2. medium,False,reduce-taught-v1,4,4,1,1126,40,0,0.000170750,64911.853,0.25,0.04558726080970055,0.6993581574175981,1.0
google/gemini-3.1-flash-lite,google/gemini-3.1-flash-lite-20260507,off,biopolymer.rna-dotbracket-filler-v1,biopolymer,text,2. medium,True,reduce-infer-v1,4,4,4,1038,24,0,0.000147750,64302.077000000005,1.0,0.5101091635454027,1.0,1.0
google/gemini-3.1-flash-lite,google/gemini-3.1-flash-lite-20260507,off,biopolymer.rna-dotbracket-filler-v1,biopolymer,text,2. medium,True,reduce-taught-v1,4,4,3,1102,30,0,0.000160250,75647.027,0.75,0.30064184258240184,0.9544127391902995,1.0
google/gemini-3.1-flash-lite,google/gemini-3.1-flash-lite-20260507,off,biopolymer.rna-dotbracket-filler-v1,biopolymer,text,3. hard,False,reduce-infer-v1,4,4,2,1262,31,0,0.000181000,65916.397,0.5,0.15003898915214947,0.8499610108478506,1.0
google/gemini-3.1-flash-lite,google/gemini-3.1-flash-lite-20260507,off,biopolymer.rna-dotbracket-filler-v1,biopolymer,text,3. hard,False,reduce-taught-v1,4,4,2,1326,26,0,0.000185250,70510.596,0.5,0.15003898915214947,0.8499610108478506,1.0
google/gemini-3.1-flash-lite,google/gemini-3.1-flash-lite-20260507,off,biopolymer.rna-dotbracket-filler-v1,biopolymer,text,3. hard,True,reduce-infer-v1,4,4,4,1272,24,0,0.000177000,67780.029,1.0,0.5101091635454027,1.0,1.0
google/gemini-3.1-flash-lite,google/gemini-3.1-flash-lite-20260507,off,biopolymer.rna-dotbracket-filler-v1,biopolymer,text,3. hard,True,reduce-taught-v1,4,4,4,1336,24,0,0.000185000,65641.06300000001,1.0,0.5101091635454027,1.0,1.0
google/gemini-3.1-flash-lite,google/gemini-3.1-flash-lite-20260507,off,biopolymer.rna-dotbracket-filler-v1,biopolymer,text,4. lunatic,False,reduce-infer-v1,4,4,2,1362,31,0,0.000193500,69765.93299999999,0.5,0.15003898915214947,0.8499610108478506,1.0
google/gemini-3.1-flash-lite,google/gemini-3.1-flash-lite-20260507,off,biopolymer.rna-dotbracket-filler-v1,biopolymer,text,4. lunatic,False,reduce-taught-v1,4,4,0,1426,34,0,0.000203750,69945.964,0.0,0.0,0.4898908364545973,1.0
google/gemini-3.1-flash-lite,google/gemini-3.1-flash-lite-20260507,off,biopolymer.rna-dotbracket-filler-v1,biopolymer,text,4. lunatic,True,reduce-infer-v1,4,4,2,1368,26,0,0.000190500,68217.978,0.5,0.15003898915214947,0.8499610108478506,1.0
google/gemini-3.1-flash-lite,google/gemini-3.1-flash-lite-20260507,off,biopolymer.rna-dotbracket-filler-v1,biopolymer,text,4. lunatic,True,reduce-taught-v1,4,4,3,1432,25,0,0.000197750,89860.068,0.75,0.30064184258240184,0.9544127391902995,1.0
google/gemini-3.1-flash-lite,google/gemini-3.1-flash-lite-20260507,off,biopolymer.rna-dotbracket-filler-v1,biopolymer,text,5. extra,False,reduce-infer-v1,4,4,4,1418,33,0,0.000202000,67283.12800000001,1.0,0.5101091635454027,1.0,1.0
google/gemini-3.1-flash-lite,google/gemini-3.1-flash-lite-20260507,off,biopolymer.rna-dotbracket-filler-v1,biopolymer,text,5. extra,False,reduce-taught-v1,4,4,2,1482,31,0,0.000208500,68543.698,0.5,0.15003898915214947,0.8499610108478506,1.0
google/gemini-3.1-flash-lite,google/gemini-3.1-flash-lite-20260507,off,biopolymer.rna-dotbracket-filler-v1,biopolymer,text,5. extra,True,reduce-infer-v1,4,4,2,1430,31,0,0.000202000,69280.986,0.5,0.15003898915214947,0.8499610108478506,1.0
google/gemini-3.1-flash-lite,google/gemini-3.1-flash-lite-20260507,off,biopolymer.rna-dotbracket-filler-v1,biopolymer,text,5. extra,True,reduce-taught-v1,4,4,3,1494,25,0,0.000205500,68554.73599999999,0.75,0.30064184258240184,0.9544127391902995,1.0
google/gemini-3.1-flash-lite,google/gemini-3.1-flash-lite-20260507,off,biopolymer.rna-dotbracket-plain-v1,biopolymer,text,1. easy,False,reduce-infer-v1,4,4,2,864,31,0,0.000131250,63929.634,0.5,0.15003898915214947,0.8499610108478506,1.0
google/gemini-3.1-flash-lite,google/gemini-3.1-flash-lite-20260507,off,biopolymer.rna-dotbracket-plain-v1,biopolymer,text,1. easy,False,reduce-taught-v1,4,4,3,928,27,0,0.000136250,64247.407999999996,0.75,0.30064184258240184,0.9544127391902995,1.0
google/gemini-3.1-flash-lite,google/gemini-3.1-flash-lite-20260507,off,biopolymer.rna-dotbracket-plain-v1,biopolymer,text,1. easy,True,reduce-infer-v1,4,4,2,864,26,0,0.000127500,64685.943,0.5,0.15003898915214947,0.8499610108478506,1.0
google/gemini-3.1-flash-lite,google/gemini-3.1-flash-lite-20260507,off,biopolymer.rna-dotbracket-plain-v1,biopolymer,text,1. easy,True,reduce-taught-v1,4,4,2,928,36,0,0.000143000,64779.282999999996,0.5,0.15003898915214947,0.8499610108478506,1.0
google/gemini-3.1-flash-lite,google/gemini-3.1-flash-lite-20260507,off,biopolymer.rna-dotbracket-plain-v1,biopolymer,text,2. medium,False,reduce-infer-v1,4,4,1,1000,30,0,0.000147500,65102.961,0.25,0.04558726080970055,0.6993581574175981,1.0
google/gemini-3.1-flash-lite,google/gemini-3.1-flash-lite-20260507,off,biopolymer.rna-dotbracket-plain-v1,biopolymer,text,2. medium,False,reduce-taught-v1,4,4,2,1064,26,0,0.000152500,65038.962999999996,0.5,0.15003898915214947,0.8499610108478506,1.0
google/gemini-3.1-flash-lite,google/gemini-3.1-flash-lite-20260507,off,biopolymer.rna-dotbracket-plain-v1,biopolymer,text,2. medium,True,reduce-infer-v1,4,4,2,980,31,0,0.000145750,64006.813,0.5,0.15003898915214947,0.8499610108478506,1.0
google/gemini-3.1-flash-lite,google/gemini-3.1-flash-lite-20260507,off,biopolymer.rna-dotbracket-plain-v1,biopolymer,text,2. medium,True,reduce-taught-v1,4,4,3,1044,35,0,0.000156750,64093.376,0.75,0.30064184258240184,0.9544127391902995,1.0
google/gemini-3.1-flash-lite,google/gemini-3.1-flash-lite-20260507,off,biopolymer.rna-dotbracket-plain-v1,biopolymer,text,3. hard,False,reduce-infer-v1,4,4,3,1140,27,0,0.000162750,69897.56400000001,0.75,0.30064184258240184,0.9544127391902995,1.0
google/gemini-3.1-flash-lite,google/gemini-3.1-flash-lite-20260507,off,biopolymer.rna-dotbracket-plain-v1,biopolymer,text,3. hard,False,reduce-taught-v1,4,4,1,1204,25,0,0.000169250,67303.921,0.25,0.04558726080970055,0.6993581574175981,1.0
google/gemini-3.1-flash-lite,google/gemini-3.1-flash-lite-20260507,off,biopolymer.rna-dotbracket-plain-v1,biopolymer,text,3. hard,True,reduce-infer-v1,4,4,1,1140,27,0,0.000162750,67497.87,0.25,0.04558726080970055,0.6993581574175981,1.0
google/gemini-3.1-flash-lite,google/gemini-3.1-flash-lite-20260507,off,biopolymer.rna-dotbracket-plain-v1,biopolymer,text,3. hard,True,reduce-taught-v1,4,4,4,1204,24,0,0.000168500,67502.986,1.0,0.5101091635454027,1.0,1.0
google/gemini-3.1-flash-lite,google/gemini-3.1-flash-lite-20260507,off,biopolymer.rna-dotbracket-plain-v1,biopolymer,text,4. lunatic,False,reduce-infer-v1,4,4,2,1220,31,0,0.000175750,65625.594,0.5,0.15003898915214947,0.8499610108478506,1.0
google/gemini-3.1-flash-lite,google/gemini-3.1-flash-lite-20260507,off,biopolymer.rna-dotbracket-plain-v1,biopolymer,text,4. lunatic,False,reduce-taught-v1,4,4,4,1284,33,0,0.000185250,68778.28,1.0,0.5101091635454027,1.0,1.0
google/gemini-3.1-flash-lite,google/gemini-3.1-flash-lite-20260507,off,biopolymer.rna-dotbracket-plain-v1,biopolymer,text,4. lunatic,True,reduce-infer-v1,4,4,3,1220,30,0,0.000175000,68153.421,0.75,0.30064184258240184,0.9544127391902995,1.0
google/gemini-3.1-flash-lite,google/gemini-3.1-flash-lite-20260507,off,biopolymer.rna-dotbracket-plain-v1,biopolymer,text,4. lunatic,True,reduce-taught-v1,4,4,2,1284,31,0,0.000183750,66647.894,0.5,0.15003898915214947,0.8499610108478506,1.0
google/gemini-3.1-flash-lite,google/gemini-3.1-flash-lite-20260507,off,biopolymer.rna-dotbracket-plain-v1,biopolymer,text,5. extra,False,reduce-infer-v1,4,4,2,1300,26,0,0.000182000,71081.06300000001,0.5,0.15003898915214947,0.8499610108478506,1.0
google/gemini-3.1-flash-lite,google/gemini-3.1-flash-lite-20260507,off,biopolymer.rna-dotbracket-plain-v1,biopolymer,text,5. extra,False,reduce-taught-v1,4,4,2,1364,26,0,0.000190000,66961.926,0.5,0.15003898915214947,0.8499610108478506,1.0
google/gemini-3.1-flash-lite,google/gemini-3.1-flash-lite-20260507,off,biopolymer.rna-dotbracket-plain-v1,biopolymer,text,5. extra,True,reduce-infer-v1,4,4,3,1300,25,0,0.000181250,67632.227,0.75,0.30064184258240184,0.9544127391902995,1.0
google/gemini-3.1-flash-lite,google/gemini-3.1-flash-lite-20260507,off,biopolymer.rna-dotbracket-plain-v1,biopolymer,text,5. extra,True,reduce-taught-v1,4,4,1,1364,27,0,0.000190750,69129.629,0.25,0.04558726080970055,0.6993581574175981,1.0
google/gemini-3.1-flash-lite,google/gemini-3.1-flash-lite-20260507,off,blocks.plain-v1,blocks,image,1. easy,False,reduce-infer-v1,4,4,1,4956,30,0,0.000642000,67279.07200000001,0.25,0.04558726080970055,0.6993581574175981,1.0
google/gemini-3.1-flash-lite,google/gemini-3.1-flash-lite-20260507,off,blocks.plain-v1,blocks,image,1. easy,False,reduce-taught-v1,4,4,0,5036,24,0,0.000647500,68223.236,0.0,0.0,0.4898908364545973,1.0
google/gemini-3.1-flash-lite,google/gemini-3.1-flash-lite-20260507,off,blocks.plain-v1,blocks,image,1. easy,True,reduce-infer-v1,4,4,4,4956,24,0,0.000637500,66049.231,1.0,0.5101091635454027,1.0,1.0
google/gemini-3.1-flash-lite,google/gemini-3.1-flash-lite-20260507,off,blocks.plain-v1,blocks,image,1. easy,True,reduce-taught-v1,4,4,4,5036,24,0,0.000647500,65668.756,1.0,0.5101091635454027,1.0,1.0
google/gemini-3.1-flash-lite,google/gemini-3.1-flash-lite-20260507,off,blocks.plain-v1,blocks,image,2. medium,False,reduce-infer-v1,4,4,3,4956,27,0,0.000639750,70789.747,0.75,0.30064184258240184,0.9544127391902995,1.0
google/gemini-3.1-flash-lite,google/gemini-3.1-flash-lite-20260507,off,blocks.plain-v1,blocks,image,2. medium,False,reduce-taught-v1,4,4,0,5036,24,0,0.000647500,67481.863,0.0,0.0,0.4898908364545973,1.0
google/gemini-3.1-flash-lite,google/gemini-3.1-flash-lite-20260507,off,blocks.plain-v1,blocks,image,2. medium,True,reduce-infer-v1,4,4,3,4956,25,0,0.000638250,68051.305,0.75,0.30064184258240184,0.9544127391902995,1.0
google/gemini-3.1-flash-lite,google/gemini-3.1-flash-lite-20260507,off,blocks.plain-v1,blocks,image,2. medium,True,reduce-taught-v1,4,4,4,5036,24,0,0.000647500,66424.647,1.0,0.5101091635454027,1.0,1.0
google/gemini-3.1-flash-lite,google/gemini-3.1-flash-lite-20260507,off,blocks.plain-v1,blocks,image,3. hard,False,reduce-infer-v1,4,4,1,4956,35,0,0.000645750,70865.14199999999,0.25,0.04558726080970055,0.6993581574175981,1.0
google/gemini-3.1-flash-lite,google/gemini-3.1-flash-lite-20260507,off,blocks.plain-v1,blocks,image,3. hard,False,reduce-taught-v1,4,4,2,5036,26,0,0.000649000,77125.57800000001,0.5,0.15003898915214947,0.8499610108478506,1.0
google/gemini-3.1-flash-lite,google/gemini-3.1-flash-lite-20260507,off,blocks.plain-v1,blocks,image,3. hard,True,reduce-infer-v1,4,4,1,4956,27,0,0.000639750,70089.697,0.25,0.04558726080970055,0.6993581574175981,1.0
google/gemini-3.1-flash-lite,google/gemini-3.1-flash-lite-20260507,off,blocks.plain-v1,blocks,image,3. hard,True,reduce-taught-v1,4,4,3,5036,25,0,0.000648250,69845.97,0.75,0.30064184258240184,0.9544127391902995,1.0
google/gemini-3.1-flash-lite,google/gemini-3.1-flash-lite-20260507,off,blocks.plain-v1,blocks,image,4. lunatic,False,reduce-infer-v1,4,4,2,4956,26,0,0.000639000,71610.008,0.5,0.15003898915214947,0.8499610108478506,1.0
google/gemini-3.1-flash-lite,google/gemini-3.1-flash-lite-20260507,off,blocks.plain-v1,blocks,image,4. lunatic,False,reduce-taught-v1,4,4,1,5036,25,0,0.000648250,73565.02100000001,0.25,0.04558726080970055,0.6993581574175981,1.0
google/gemini-3.1-flash-lite,google/gemini-3.1-flash-lite-20260507,off,blocks.plain-v1,blocks,image,4. lunatic,True,reduce-infer-v1,4,4,4,4956,24,0,0.000637500,79466.92700000001,1.0,0.5101091635454027,1.0,1.0
google/gemini-3.1-flash-lite,google/gemini-3.1-flash-lite-20260507,off,blocks.plain-v1,blocks,image,4. lunatic,True,reduce-taught-v1,4,4,1,5036,27,0,0.000649750,72456.571,0.25,0.04558726080970055,0.6993581574175981,1.0
google/gemini-3.1-flash-lite,google/gemini-3.1-flash-lite-20260507,off,blocks.plain-v1,blocks,image,5. extra,False,reduce-infer-v1,4,4,0,4956,24,0,0.000637500,70956.80900000001,0.0,0.0,0.4898908364545973,1.0
google/gemini-3.1-flash-lite,google/gemini-3.1-flash-lite-20260507,off,blocks.plain-v1,blocks,image,5. extra,False,reduce-taught-v1,4,4,3,5036,27,0,0.000649750,71343.38300000002,0.75,0.30064184258240184,0.9544127391902995,1.0
google/gemini-3.1-flash-lite,google/gemini-3.1-flash-lite-20260507,off,blocks.plain-v1,blocks,image,5. extra,True,reduce-infer-v1,4,4,1,4956,27,0,0.000639750,75979.046,0.25,0.04558726080970055,0.6993581574175981,1.0
google/gemini-3.1-flash-lite,google/gemini-3.1-flash-lite-20260507,off,blocks.plain-v1,blocks,image,5. extra,True,reduce-taught-v1,4,4,2,5036,26,0,0.000649000,77812.64400000001,0.5,0.15003898915214947,0.8499610108478506,1.0
google/gemini-3.1-flash-lite,google/gemini-3.1-flash-lite-20260507,off,embedding.center-clause-jitter-v1,embedding,text,1. easy,False,reduce-infer-v1,4,4,3,874,37,0,0.000137000,64484.763000000006,0.75,0.30064184258240184,0.9544127391902995,1.0
google/gemini-3.1-flash-lite,google/gemini-3.1-flash-lite-20260507,off,embedding.center-clause-jitter-v1,embedding,text,1. easy,False,reduce-taught-v1,4,4,4,942,33,0,0.000142500,64211.37899999999,1.0,0.5101091635454027,1.0,1.0
google/gemini-3.1-flash-lite,google/gemini-3.1-flash-lite-20260507,off,embedding.center-clause-jitter-v1,embedding,text,1. easy,True,reduce-infer-v1,4,4,2,871,31,0,0.000132125,63585.386,0.5,0.15003898915214947,0.8499610108478506,1.0
google/gemini-3.1-flash-lite,google/gemini-3.1-flash-lite-20260507,off,embedding.center-clause-jitter-v1,embedding,text,1. easy,True,reduce-taught-v1,4,4,2,939,31,0,0.000140625,63874.945,0.5,0.15003898915214947,0.8499610108478506,1.0
google/gemini-3.1-flash-lite,google/gemini-3.1-flash-lite-20260507,off,embedding.center-clause-jitter-v1,embedding,text,2. medium,False,reduce-infer-v1,4,4,3,1052,32,0,0.000155500,64596.375,0.75,0.30064184258240184,0.9544127391902995,1.0
google/gemini-3.1-flash-lite,google/gemini-3.1-flash-lite-20260507,off,embedding.center-clause-jitter-v1,embedding,text,2. medium,False,reduce-taught-v1,4,4,4,1120,28,0,0.000161000,65495.441000000006,1.0,0.5101091635454027,1.0,1.0
google/gemini-3.1-flash-lite,google/gemini-3.1-flash-lite-20260507,off,embedding.center-clause-jitter-v1,embedding,text,2. medium,True,reduce-infer-v1,4,4,1,1016,27,0,0.000147250,63426.416000000005,0.25,0.04558726080970055,0.6993581574175981,1.0
google/gemini-3.1-flash-lite,google/gemini-3.1-flash-lite-20260507,off,embedding.center-clause-jitter-v1,embedding,text,2. medium,True,reduce-taught-v1,4,4,0,1084,28,0,0.000156500,64804.254,0.0,0.0,0.4898908364545973,1.0
google/gemini-3.1-flash-lite,google/gemini-3.1-flash-lite-20260507,off,embedding.center-clause-jitter-v1,embedding,text,3. hard,False,reduce-infer-v1,4,4,3,1211,32,0,0.000175375,74237.587,0.75,0.30064184258240184,0.9544127391902995,1.0
google/gemini-3.1-flash-lite,google/gemini-3.1-flash-lite-20260507,off,embedding.center-clause-jitter-v1,embedding,text,3. hard,False,reduce-taught-v1,4,4,4,1279,28,0,0.000180875,76332.827,1.0,0.5101091635454027,1.0,1.0
google/gemini-3.1-flash-lite,google/gemini-3.1-flash-lite-20260507,off,embedding.center-clause-jitter-v1,embedding,text,3. hard,True,reduce-infer-v1,4,4,0,1205,33,0,0.000175375,67336.75200000001,0.0,0.0,0.4898908364545973,1.0
google/gemini-3.1-flash-lite,google/gemini-3.1-flash-lite-20260507,off,embedding.center-clause-jitter-v1,embedding,text,3. hard,True,reduce-taught-v1,4,4,0,1273,33,0,0.000183875,67229.944,0.0,0.0,0.4898908364545973,1.0
google/gemini-3.1-flash-lite,google/gemini-3.1-flash-lite-20260507,off,embedding.center-clause-jitter-v1,embedding,text,4. lunatic,False,reduce-infer-v1,4,4,4,1292,28,0,0.000182500,67906.837,1.0,0.5101091635454027,1.0,1.0
google/gemini-3.1-flash-lite,google/gemini-3.1-flash-lite-20260507,off,embedding.center-clause-jitter-v1,embedding,text,4. lunatic,False,reduce-taught-v1,4,4,4,1360,28,0,0.000191000,67340.881,1.0,0.5101091635454027,1.0,1.0
google/gemini-3.1-flash-lite,google/gemini-3.1-flash-lite-20260507,off,embedding.center-clause-jitter-v1,embedding,text,4. lunatic,True,reduce-infer-v1,4,4,0,1276,28,0,0.000180500,69336.52900000001,0.0,0.0,0.4898908364545973,1.0
google/gemini-3.1-flash-lite,google/gemini-3.1-flash-lite-20260507,off,embedding.center-clause-jitter-v1,embedding,text,4. lunatic,True,reduce-taught-v1,4,4,0,1344,28,0,0.000189000,69296.129,0.0,0.0,0.4898908364545973,1.0
google/gemini-3.1-flash-lite,google/gemini-3.1-flash-lite-20260507,off,embedding.center-clause-jitter-v1,embedding,text,5. extra,False,reduce-infer-v1,4,4,4,1417,28,0,0.000198125,69222.68400000001,1.0,0.5101091635454027,1.0,1.0
google/gemini-3.1-flash-lite,google/gemini-3.1-flash-lite-20260507,off,embedding.center-clause-jitter-v1,embedding,text,5. extra,False,reduce-taught-v1,4,4,4,1485,33,0,0.000210375,68215.061,1.0,0.5101091635454027,1.0,1.0
google/gemini-3.1-flash-lite,google/gemini-3.1-flash-lite-20260507,off,embedding.center-clause-jitter-v1,embedding,text,5. extra,True,reduce-infer-v1,4,4,0,1426,28,0,0.000199250,68735.33300000001,0.0,0.0,0.4898908364545973,1.0
google/gemini-3.1-flash-lite,google/gemini-3.1-flash-lite-20260507,off,embedding.center-clause-jitter-v1,embedding,text,5. extra,True,reduce-taught-v1,4,4,0,1494,28,0,0.000207750,69332.71800000001,0.0,0.0,0.4898908364545973,1.0
google/gemini-3.1-flash-lite,google/gemini-3.1-flash-lite-20260507,off,embedding.center-clause-plain-v1,embedding,text,1. easy,False,reduce-infer-v1,4,4,0,874,29,0,0.000131000,64594.778000000006,0.0,0.0,0.4898908364545973,1.0
google/gemini-3.1-flash-lite,google/gemini-3.1-flash-lite-20260507,off,embedding.center-clause-plain-v1,embedding,text,1. easy,False,reduce-taught-v1,4,4,2,942,26,0,0.000137250,63791.516,0.5,0.15003898915214947,0.8499610108478506,1.0
google/gemini-3.1-flash-lite,google/gemini-3.1-flash-lite-20260507,off,embedding.center-clause-plain-v1,embedding,text,1. easy,True,reduce-infer-v1,4,4,2,871,36,0,0.000135875,63812.867,0.5,0.15003898915214947,0.8499610108478506,1.0
google/gemini-3.1-flash-lite,google/gemini-3.1-flash-lite-20260507,off,embedding.center-clause-plain-v1,embedding,text,1. easy,True,reduce-taught-v1,4,4,1,939,37,0,0.000145125,63708.979999999996,0.25,0.04558726080970055,0.6993581574175981,1.0
google/gemini-3.1-flash-lite,google/gemini-3.1-flash-lite-20260507,off,embedding.center-clause-plain-v1,embedding,text,2. medium,False,reduce-infer-v1,4,4,2,1052,26,0,0.000151000,64807.65800000001,0.5,0.15003898915214947,0.8499610108478506,1.0
google/gemini-3.1-flash-lite,google/gemini-3.1-flash-lite-20260507,off,embedding.center-clause-plain-v1,embedding,text,2. medium,False,reduce-taught-v1,4,4,4,1120,33,0,0.000164750,64856.816999999995,1.0,0.5101091635454027,1.0,1.0
google/gemini-3.1-flash-lite,google/gemini-3.1-flash-lite-20260507,off,embedding.center-clause-plain-v1,embedding,text,2. medium,True,reduce-infer-v1,4,4,1,1016,32,0,0.000151000,64121.526999999995,0.25,0.04558726080970055,0.6993581574175981,1.0
google/gemini-3.1-flash-lite,google/gemini-3.1-flash-lite-20260507,off,embedding.center-clause-plain-v1,embedding,text,2. medium,True,reduce-taught-v1,4,4,1,1084,32,0,0.000159500,64577.98599999999,0.25,0.04558726080970055,0.6993581574175981,1.0
google/gemini-3.1-flash-lite,google/gemini-3.1-flash-lite-20260507,off,embedding.center-clause-plain-v1,embedding,text,3. hard,False,reduce-infer-v1,4,4,2,1211,26,0,0.000170875,68052.657,0.5,0.15003898915214947,0.8499610108478506,1.0
google/gemini-3.1-flash-lite,google/gemini-3.1-flash-lite-20260507,off,embedding.center-clause-plain-v1,embedding,text,3. hard,False,reduce-taught-v1,4,4,4,1279,33,0,0.000184625,67922.94,1.0,0.5101091635454027,1.0,1.0
google/gemini-3.1-flash-lite,google/gemini-3.1-flash-lite-20260507,off,embedding.center-clause-plain-v1,embedding,text,3. hard,True,reduce-infer-v1,4,4,1,1205,27,0,0.000170875,66158.96699999999,0.25,0.04558726080970055,0.6993581574175981,1.0
google/gemini-3.1-flash-lite,google/gemini-3.1-flash-lite-20260507,off,embedding.center-clause-plain-v1,embedding,text,3. hard,True,reduce-taught-v1,4,4,0,1273,43,0,0.000191375,172744.89100000003,0.0,0.0,0.4898908364545973,1.0
google/gemini-3.1-flash-lite,google/gemini-3.1-flash-lite-20260507,off,embedding.center-clause-plain-v1,embedding,text,4. lunatic,False,reduce-infer-v1,4,4,3,1292,32,0,0.000185500,67660.77,0.75,0.30064184258240184,0.9544127391902995,1.0
google/gemini-3.1-flash-lite,google/gemini-3.1-flash-lite-20260507,off,embedding.center-clause-plain-v1,embedding,text,4. lunatic,False,reduce-taught-v1,4,4,2,1360,31,0,0.000193250,66281.73199999999,0.5,0.15003898915214947,0.8499610108478506,1.0
google/gemini-3.1-flash-lite,google/gemini-3.1-flash-lite-20260507,off,embedding.center-clause-plain-v1,embedding,text,4. lunatic,True,reduce-infer-v1,4,4,0,1276,28,0,0.000180500,67844.686,0.0,0.0,0.4898908364545973,1.0
google/gemini-3.1-flash-lite,google/gemini-3.1-flash-lite-20260507,off,embedding.center-clause-plain-v1,embedding,text,4. lunatic,True,reduce-taught-v1,4,4,3,1344,25,0,0.000186750,65163.472,0.75,0.30064184258240184,0.9544127391902995,1.0
google/gemini-3.1-flash-lite,google/gemini-3.1-flash-lite-20260507,off,embedding.center-clause-plain-v1,embedding,text,5. extra,False,reduce-infer-v1,4,4,4,1417,28,0,0.000198125,68500.792,1.0,0.5101091635454027,1.0,1.0
google/gemini-3.1-flash-lite,google/gemini-3.1-flash-lite-20260507,off,embedding.center-clause-plain-v1,embedding,text,5. extra,False,reduce-taught-v1,4,4,4,1485,28,0,0.000206625,71243.377,1.0,0.5101091635454027,1.0,1.0
google/gemini-3.1-flash-lite,google/gemini-3.1-flash-lite-20260507,off,embedding.center-clause-plain-v1,embedding,text,5. extra,True,reduce-infer-v1,4,4,2,1426,36,0,0.000205250,67848.527,0.5,0.15003898915214947,0.8499610108478506,1.0
google/gemini-3.1-flash-lite,google/gemini-3.1-flash-lite-20260507,off,embedding.center-clause-plain-v1,embedding,text,5. extra,True,reduce-taught-v1,4,4,0,1494,28,0,0.000207750,67847.418,0.0,0.0,0.4898908364545973,1.0
google/gemini-3.1-flash-lite,google/gemini-3.1-flash-lite-20260507,off,enclosure.plain-v1,enclosure,image,1. easy,False,reduce-infer-v1,4,4,0,5056,24,0,0.0006500,65393.74300000001,0.0,0.0,0.4898908364545973,1.0
google/gemini-3.1-flash-lite,google/gemini-3.1-flash-lite-20260507,off,enclosure.plain-v1,enclosure,image,1. easy,False,reduce-taught-v1,4,4,4,5128,28,0,0.0006620,64936.629,1.0,0.5101091635454027,1.0,1.0
google/gemini-3.1-flash-lite,google/gemini-3.1-flash-lite-20260507,off,enclosure.plain-v1,enclosure,image,1. easy,True,reduce-infer-v1,4,4,4,5056,24,0,0.0006500,78663.748,1.0,0.5101091635454027,1.0,1.0
google/gemini-3.1-flash-lite,google/gemini-3.1-flash-lite-20260507,off,enclosure.plain-v1,enclosure,image,1. easy,True,reduce-taught-v1,4,4,0,5128,28,0,0.0006620,66493.368,0.0,0.0,0.4898908364545973,1.0
google/gemini-3.1-flash-lite,google/gemini-3.1-flash-lite-20260507,off,enclosure.plain-v1,enclosure,image,2. medium,False,reduce-infer-v1,4,4,0,5056,24,0,0.0006500,67756.59,0.0,0.0,0.4898908364545973,1.0
google/gemini-3.1-flash-lite,google/gemini-3.1-flash-lite-20260507,off,enclosure.plain-v1,enclosure,image,2. medium,False,reduce-taught-v1,4,4,4,5128,28,0,0.0006620,68217.23,1.0,0.5101091635454027,1.0,1.0
google/gemini-3.1-flash-lite,google/gemini-3.1-flash-lite-20260507,off,enclosure.plain-v1,enclosure,image,2. medium,True,reduce-infer-v1,4,4,4,5056,24,0,0.0006500,66909.541,1.0,0.5101091635454027,1.0,1.0
google/gemini-3.1-flash-lite,google/gemini-3.1-flash-lite-20260507,off,enclosure.plain-v1,enclosure,image,2. medium,True,reduce-taught-v1,4,4,0,5128,28,0,0.0006620,65777.00700000001,0.0,0.0,0.4898908364545973,1.0
google/gemini-3.1-flash-lite,google/gemini-3.1-flash-lite-20260507,off,enclosure.plain-v1,enclosure,image,3. hard,False,reduce-infer-v1,4,4,0,5056,24,0,0.0006500,75414.65,0.0,0.0,0.4898908364545973,1.0
google/gemini-3.1-flash-lite,google/gemini-3.1-flash-lite-20260507,off,enclosure.plain-v1,enclosure,image,3. hard,False,reduce-taught-v1,4,4,4,5128,28,0,0.0006620,74903.557,1.0,0.5101091635454027,1.0,1.0
google/gemini-3.1-flash-lite,google/gemini-3.1-flash-lite-20260507,off,enclosure.plain-v1,enclosure,image,3. hard,True,reduce-infer-v1,4,4,4,5056,24,0,0.0006500,67453.03,1.0,0.5101091635454027,1.0,1.0
google/gemini-3.1-flash-lite,google/gemini-3.1-flash-lite-20260507,off,enclosure.plain-v1,enclosure,image,3. hard,True,reduce-taught-v1,4,4,0,5128,28,0,0.0006620,71809.88900000001,0.0,0.0,0.4898908364545973,1.0
google/gemini-3.1-flash-lite,google/gemini-3.1-flash-lite-20260507,off,enclosure.plain-v1,enclosure,image,4. lunatic,False,reduce-infer-v1,4,4,0,5056,24,0,0.0006500,73134.129,0.0,0.0,0.4898908364545973,1.0
google/gemini-3.1-flash-lite,google/gemini-3.1-flash-lite-20260507,off,enclosure.plain-v1,enclosure,image,4. lunatic,False,reduce-taught-v1,4,4,4,5128,28,0,0.0006620,72806.64600000001,1.0,0.5101091635454027,1.0,1.0
google/gemini-3.1-flash-lite,google/gemini-3.1-flash-lite-20260507,off,enclosure.plain-v1,enclosure,image,4. lunatic,True,reduce-infer-v1,4,4,4,5056,24,0,0.0006500,71770.35,1.0,0.5101091635454027,1.0,1.0
google/gemini-3.1-flash-lite,google/gemini-3.1-flash-lite-20260507,off,enclosure.plain-v1,enclosure,image,4. lunatic,True,reduce-taught-v1,4,4,0,5128,28,0,0.0006620,78307.962,0.0,0.0,0.4898908364545973,1.0
google/gemini-3.1-flash-lite,google/gemini-3.1-flash-lite-20260507,off,enclosure.plain-v1,enclosure,image,5. extra,False,reduce-infer-v1,4,4,0,5056,24,0,0.0006500,73848.50699999998,0.0,0.0,0.4898908364545973,1.0
google/gemini-3.1-flash-lite,google/gemini-3.1-flash-lite-20260507,off,enclosure.plain-v1,enclosure,image,5. extra,False,reduce-taught-v1,4,4,4,5128,28,0,0.0006620,72565.73300000001,1.0,0.5101091635454027,1.0,1.0
google/gemini-3.1-flash-lite,google/gemini-3.1-flash-lite-20260507,off,enclosure.plain-v1,enclosure,image,5. extra,True,reduce-infer-v1,4,4,4,5056,24,0,0.0006500,74221.634,1.0,0.5101091635454027,1.0,1.0
google/gemini-3.1-flash-lite,google/gemini-3.1-flash-lite-20260507,off,enclosure.plain-v1,enclosure,image,5. extra,True,reduce-taught-v1,4,4,0,5128,28,0,0.0006620,75478.895,0.0,0.0,0.4898908364545973,1.0
google/gemini-3.1-flash-lite,google/gemini-3.1-flash-lite-20260507,off,graph.plain-v1,graph,image,1. easy,False,reduce-infer-v1,4,4,3,5056,27,0,0.00065225,67253.09400000001,0.75,0.30064184258240184,0.9544127391902995,1.0
google/gemini-3.1-flash-lite,google/gemini-3.1-flash-lite-20260507,off,graph.plain-v1,graph,image,1. easy,False,reduce-taught-v1,4,4,3,5132,27,0,0.000661750,66842.882,0.75,0.30064184258240184,0.9544127391902995,1.0
google/gemini-3.1-flash-lite,google/gemini-3.1-flash-lite-20260507,off,graph.plain-v1,graph,image,1. easy,True,reduce-infer-v1,4,4,1,5056,32,0,0.00065600,69569.84999999999,0.25,0.04558726080970055,0.6993581574175981,1.0
google/gemini-3.1-flash-lite,google/gemini-3.1-flash-lite-20260507,off,graph.plain-v1,graph,image,1. easy,True,reduce-taught-v1,4,4,3,5132,25,0,0.000660250,68501.307,0.75,0.30064184258240184,0.9544127391902995,1.0
google/gemini-3.1-flash-lite,google/gemini-3.1-flash-lite-20260507,off,graph.plain-v1,graph,image,2. medium,False,reduce-infer-v1,4,4,1,5056,30,0,0.0006545,68922.527,0.25,0.04558726080970055,0.6993581574175981,1.0
google/gemini-3.1-flash-lite,google/gemini-3.1-flash-lite-20260507,off,graph.plain-v1,graph,image,2. medium,False,reduce-taught-v1,4,4,1,5132,25,0,0.000660250,67846.895,0.25,0.04558726080970055,0.6993581574175981,1.0
google/gemini-3.1-flash-lite,google/gemini-3.1-flash-lite-20260507,off,graph.plain-v1,graph,image,2. medium,True,reduce-infer-v1,4,4,0,5056,28,0,0.00065300,69402.375,0.0,0.0,0.4898908364545973,1.0
google/gemini-3.1-flash-lite,google/gemini-3.1-flash-lite-20260507,off,graph.plain-v1,graph,image,2. medium,True,reduce-taught-v1,4,4,3,5132,30,0,0.000664000,66163.419,0.75,0.30064184258240184,0.9544127391902995,1.0
google/gemini-3.1-flash-lite,google/gemini-3.1-flash-lite-20260507,off,graph.plain-v1,graph,image,3. hard,False,reduce-infer-v1,4,4,0,5056,24,0,0.0006500,73936.57400000001,0.0,0.0,0.4898908364545973,1.0
google/gemini-3.1-flash-lite,google/gemini-3.1-flash-lite-20260507,off,graph.plain-v1,graph,image,3. hard,False,reduce-taught-v1,4,4,0,5132,24,0,0.000659500,79575.68599999999,0.0,0.0,0.4898908364545973,1.0
google/gemini-3.1-flash-lite,google/gemini-3.1-flash-lite-20260507,off,graph.plain-v1,graph,image,3. hard,True,reduce-infer-v1,4,4,4,5056,24,0,0.0006500,69857.247,1.0,0.5101091635454027,1.0,1.0
google/gemini-3.1-flash-lite,google/gemini-3.1-flash-lite-20260507,off,graph.plain-v1,graph,image,3. hard,True,reduce-taught-v1,4,4,4,5132,24,0,0.000659500,69224.768,1.0,0.5101091635454027,1.0,1.0
google/gemini-3.1-flash-lite,google/gemini-3.1-flash-lite-20260507,off,graph.plain-v1,graph,image,4. lunatic,False,reduce-infer-v1,4,4,0,5056,24,0,0.0006500,168236.067,0.0,0.0,0.4898908364545973,1.0
google/gemini-3.1-flash-lite,google/gemini-3.1-flash-lite-20260507,off,graph.plain-v1,graph,image,4. lunatic,False,reduce-taught-v1,4,4,0,5132,24,0,0.000659500,72646.17199999999,0.0,0.0,0.4898908364545973,1.0
google/gemini-3.1-flash-lite,google/gemini-3.1-flash-lite-20260507,off,graph.plain-v1,graph,image,4. lunatic,True,reduce-infer-v1,4,4,4,5056,24,0,0.0006500,75068.255,1.0,0.5101091635454027,1.0,1.0
google/gemini-3.1-flash-lite,google/gemini-3.1-flash-lite-20260507,off,graph.plain-v1,graph,image,4. lunatic,True,reduce-taught-v1,4,4,4,5132,24,0,0.000659500,69432.56500000002,1.0,0.5101091635454027,1.0,1.0
google/gemini-3.1-flash-lite,google/gemini-3.1-flash-lite-20260507,off,graph.plain-v1,graph,image,5. extra,False,reduce-infer-v1,4,4,0,5056,24,0,0.0006500,72494.618,0.0,0.0,0.4898908364545973,1.0
google/gemini-3.1-flash-lite,google/gemini-3.1-flash-lite-20260507,off,graph.plain-v1,graph,image,5. extra,False,reduce-taught-v1,4,4,0,5132,24,0,0.000659500,74741.458,0.0,0.0,0.4898908364545973,1.0
google/gemini-3.1-flash-lite,google/gemini-3.1-flash-lite-20260507,off,graph.plain-v1,graph,image,5. extra,True,reduce-infer-v1,4,4,4,5056,24,0,0.0006500,76118.077,1.0,0.5101091635454027,1.0,1.0
google/gemini-3.1-flash-lite,google/gemini-3.1-flash-lite-20260507,off,graph.plain-v1,graph,image,5. extra,True,reduce-taught-v1,4,4,4,5132,24,0,0.000659500,151212.984,1.0,0.5101091635454027,1.0,1.0
google/gemini-3.1-flash-lite,google/gemini-3.1-flash-lite-20260507,off,map-centred.plain-v1,map_centred,image,1. easy,False,reduce-infer-v1,4,4,1,5056,30,0,0.00065450,67619.85,0.25,0.04558726080970055,0.6993581574175981,1.0
google/gemini-3.1-flash-lite,google/gemini-3.1-flash-lite-20260507,off,map-centred.plain-v1,map_centred,image,1. easy,False,reduce-taught-v1,4,4,1,5120,30,0,0.00066250,65025.37899999999,0.25,0.04558726080970055,0.6993581574175981,1.0
google/gemini-3.1-flash-lite,google/gemini-3.1-flash-lite-20260507,off,map-centred.plain-v1,map_centred,image,1. easy,True,reduce-infer-v1,4,4,3,5056,25,0,0.00065075,70219.10699999999,0.75,0.30064184258240184,0.9544127391902995,1.0
google/gemini-3.1-flash-lite,google/gemini-3.1-flash-lite-20260507,off,map-centred.plain-v1,map_centred,image,1. easy,True,reduce-taught-v1,4,4,3,5120,30,0,0.00066250,66725.527,0.75,0.30064184258240184,0.9544127391902995,1.0
google/gemini-3.1-flash-lite,google/gemini-3.1-flash-lite-20260507,off,map-centred.plain-v1,map_centred,image,2. medium,False,reduce-infer-v1,4,4,2,5056,31,0,0.00065525,72437.694,0.5,0.15003898915214947,0.8499610108478506,1.0
google/gemini-3.1-flash-lite,google/gemini-3.1-flash-lite-20260507,off,map-centred.plain-v1,map_centred,image,2. medium,False,reduce-taught-v1,4,4,0,5120,24,0,0.0006580,71229.568,0.0,0.0,0.4898908364545973,1.0
google/gemini-3.1-flash-lite,google/gemini-3.1-flash-lite-20260507,off,map-centred.plain-v1,map_centred,image,2. medium,True,reduce-infer-v1,4,4,4,5056,24,0,0.0006500,69447.285,1.0,0.5101091635454027,1.0,1.0
google/gemini-3.1-flash-lite,google/gemini-3.1-flash-lite-20260507,off,map-centred.plain-v1,map_centred,image,2. medium,True,reduce-taught-v1,4,4,4,5120,24,0,0.0006580,67115.293,1.0,0.5101091635454027,1.0,1.0
google/gemini-3.1-flash-lite,google/gemini-3.1-flash-lite-20260507,off,map-centred.plain-v1,map_centred,image,3. hard,False,reduce-infer-v1,4,4,0,5056,24,0,0.0006500,77767.799,0.0,0.0,0.4898908364545973,1.0
google/gemini-3.1-flash-lite,google/gemini-3.1-flash-lite-20260507,off,map-centred.plain-v1,map_centred,image,3. hard,False,reduce-taught-v1,4,4,0,5120,24,0,0.0006580,78327.98300000001,0.0,0.0,0.4898908364545973,1.0
google/gemini-3.1-flash-lite,google/gemini-3.1-flash-lite-20260507,off,map-centred.plain-v1,map_centred,image,3. hard,True,reduce-infer-v1,4,4,4,5056,24,0,0.0006500,72485.27600000001,1.0,0.5101091635454027,1.0,1.0
google/gemini-3.1-flash-lite,google/gemini-3.1-flash-lite-20260507,off,map-centred.plain-v1,map_centred,image,3. hard,True,reduce-taught-v1,4,4,4,5120,24,0,0.0006580,72917.316,1.0,0.5101091635454027,1.0,1.0
google/gemini-3.1-flash-lite,google/gemini-3.1-flash-lite-20260507,off,map-centred.plain-v1,map_centred,image,4. lunatic,False,reduce-infer-v1,4,4,0,5056,24,0,0.0006500,70089.71900000001,0.0,0.0,0.4898908364545973,1.0
google/gemini-3.1-flash-lite,google/gemini-3.1-flash-lite-20260507,off,map-centred.plain-v1,map_centred,image,4. lunatic,False,reduce-taught-v1,4,4,0,5120,24,0,0.0006580,80803.88799999999,0.0,0.0,0.4898908364545973,1.0
google/gemini-3.1-flash-lite,google/gemini-3.1-flash-lite-20260507,off,map-centred.plain-v1,map_centred,image,4. lunatic,True,reduce-infer-v1,4,4,2,5056,26,0,0.00065150,70017.694,0.5,0.15003898915214947,0.8499610108478506,1.0
google/gemini-3.1-flash-lite,google/gemini-3.1-flash-lite-20260507,off,map-centred.plain-v1,map_centred,image,4. lunatic,True,reduce-taught-v1,4,4,4,5120,29,0,0.00066175,73183.735,1.0,0.5101091635454027,1.0,1.0
google/gemini-3.1-flash-lite,google/gemini-3.1-flash-lite-20260507,off,map-centred.plain-v1,map_centred,image,5. extra,False,reduce-infer-v1,4,4,1,5056,30,0,0.00065450,72737.069,0.25,0.04558726080970055,0.6993581574175981,1.0
google/gemini-3.1-flash-lite,google/gemini-3.1-flash-lite-20260507,off,map-centred.plain-v1,map_centred,image,5. extra,False,reduce-taught-v1,4,4,1,5120,25,0,0.00065875,73663.535,0.25,0.04558726080970055,0.6993581574175981,1.0
google/gemini-3.1-flash-lite,google/gemini-3.1-flash-lite-20260507,off,map-centred.plain-v1,map_centred,image,5. extra,True,reduce-infer-v1,4,4,3,5056,25,0,0.00065075,77068.54000000001,0.75,0.30064184258240184,0.9544127391902995,1.0
google/gemini-3.1-flash-lite,google/gemini-3.1-flash-lite-20260507,off,map-centred.plain-v1,map_centred,image,5. extra,True,reduce-taught-v1,4,4,4,5120,24,0,0.0006580,72129.03899999999,1.0,0.5101091635454027,1.0,1.0
google/gemini-3.1-flash-lite,google/gemini-3.1-flash-lite-20260507,off,map.plain-v1,map,image,1. easy,False,reduce-infer-v1,4,4,3,5056,27,0,0.00065225,67490.47499999999,0.75,0.30064184258240184,0.9544127391902995,1.0
google/gemini-3.1-flash-lite,google/gemini-3.1-flash-lite-20260507,off,map.plain-v1,map,image,1. easy,False,reduce-taught-v1,4,4,0,5124,24,0,0.000658500,68793.67199999999,0.0,0.0,0.4898908364545973,1.0
google/gemini-3.1-flash-lite,google/gemini-3.1-flash-lite-20260507,off,map.plain-v1,map,image,1. easy,True,reduce-infer-v1,4,4,1,5056,27,0,0.00065225,105473.86600000001,0.25,0.04558726080970055,0.6993581574175981,1.0
google/gemini-3.1-flash-lite,google/gemini-3.1-flash-lite-20260507,off,map.plain-v1,map,image,1. easy,True,reduce-taught-v1,4,4,1,5124,27,0,0.000660750,66210.785,0.25,0.04558726080970055,0.6993581574175981,1.0
google/gemini-3.1-flash-lite,google/gemini-3.1-flash-lite-20260507,off,map.plain-v1,map,image,2. medium,False,reduce-infer-v1,4,4,2,5056,26,0,0.00065150,67263.19,0.5,0.15003898915214947,0.8499610108478506,1.0
google/gemini-3.1-flash-lite,google/gemini-3.1-flash-lite-20260507,off,map.plain-v1,map,image,2. medium,False,reduce-taught-v1,4,4,2,5124,26,0,0.000660000,72184.182,0.5,0.15003898915214947,0.8499610108478506,1.0
google/gemini-3.1-flash-lite,google/gemini-3.1-flash-lite-20260507,off,map.plain-v1,map,image,2. medium,True,reduce-infer-v1,4,4,1,5056,27,0,0.00065225,70508.03400000001,0.25,0.04558726080970055,0.6993581574175981,1.0
google/gemini-3.1-flash-lite,google/gemini-3.1-flash-lite-20260507,off,map.plain-v1,map,image,2. medium,True,reduce-taught-v1,4,4,3,5124,25,0,0.000659250,68905.12400000001,0.75,0.30064184258240184,0.9544127391902995,1.0
google/gemini-3.1-flash-lite,google/gemini-3.1-flash-lite-20260507,off,map.plain-v1,map,image,3. hard,False,reduce-infer-v1,4,4,4,5056,28,0,0.00065300,158745.095,1.0,0.5101091635454027,1.0,1.0
google/gemini-3.1-flash-lite,google/gemini-3.1-flash-lite-20260507,off,map.plain-v1,map,image,3. hard,False,reduce-taught-v1,4,4,0,5124,24,0,0.000658500,80933.666,0.0,0.0,0.4898908364545973,1.0
google/gemini-3.1-flash-lite,google/gemini-3.1-flash-lite-20260507,off,map.plain-v1,map,image,3. hard,True,reduce-infer-v1,4,4,1,5056,27,0,0.00065225,71677.26100000001,0.25,0.04558726080970055,0.6993581574175981,1.0
google/gemini-3.1-flash-lite,google/gemini-3.1-flash-lite-20260507,off,map.plain-v1,map,image,3. hard,True,reduce-taught-v1,4,4,4,5124,24,0,0.000658500,70088.292,1.0,0.5101091635454027,1.0,1.0
google/gemini-3.1-flash-lite,google/gemini-3.1-flash-lite-20260507,off,map.plain-v1,map,image,4. lunatic,False,reduce-infer-v1,4,4,3,5056,27,0,0.00065225,72150.882,0.75,0.30064184258240184,0.9544127391902995,1.0
google/gemini-3.1-flash-lite,google/gemini-3.1-flash-lite-20260507,off,map.plain-v1,map,image,4. lunatic,False,reduce-taught-v1,4,4,1,5124,25,0,0.000659250,71257.856,0.25,0.04558726080970055,0.6993581574175981,1.0
google/gemini-3.1-flash-lite,google/gemini-3.1-flash-lite-20260507,off,map.plain-v1,map,image,4. lunatic,True,reduce-infer-v1,4,4,3,5056,25,0,0.00065075,72896.911,0.75,0.30064184258240184,0.9544127391902995,1.0
google/gemini-3.1-flash-lite,google/gemini-3.1-flash-lite-20260507,off,map.plain-v1,map,image,4. lunatic,True,reduce-taught-v1,4,4,4,5124,24,0,0.000658500,71279.538,1.0,0.5101091635454027,1.0,1.0
google/gemini-3.1-flash-lite,google/gemini-3.1-flash-lite-20260507,off,map.plain-v1,map,image,5. extra,False,reduce-infer-v1,4,4,4,5056,28,0,0.00065300,76285.07500000001,1.0,0.5101091635454027,1.0,1.0
google/gemini-3.1-flash-lite,google/gemini-3.1-flash-lite-20260507,off,map.plain-v1,map,image,5. extra,False,reduce-taught-v1,4,4,1,5124,25,0,0.000659250,76795.363,0.25,0.04558726080970055,0.6993581574175981,1.0
google/gemini-3.1-flash-lite,google/gemini-3.1-flash-lite-20260507,off,map.plain-v1,map,image,5. extra,True,reduce-infer-v1,4,4,1,5056,27,0,0.00065225,72637.668,0.25,0.04558726080970055,0.6993581574175981,1.0
google/gemini-3.1-flash-lite,google/gemini-3.1-flash-lite-20260507,off,map.plain-v1,map,image,5. extra,True,reduce-taught-v1,4,4,3,5124,25,0,0.000659250,71225.16500000001,0.75,0.30064184258240184,0.9544127391902995,1.0
google/gemini-3.1-flash-lite,google/gemini-3.1-flash-lite-20260507,off,parens.jitter-v1,parens,text,1. easy,False,reduce-infer-v1,4,4,2,753,26,0,0.000113625,64039.391,0.5,0.15003898915214947,0.8499610108478506,1.0
google/gemini-3.1-flash-lite,google/gemini-3.1-flash-lite-20260507,off,parens.jitter-v1,parens,text,1. easy,False,reduce-taught-v1,4,4,3,817,27,0,0.000122375,63504.014,0.75,0.30064184258240184,0.9544127391902995,1.0
google/gemini-3.1-flash-lite,google/gemini-3.1-flash-lite-20260507,off,parens.jitter-v1,parens,text,1. easy,True,reduce-infer-v1,4,4,3,751,30,0,0.000116375,63394.30100000001,0.75,0.30064184258240184,0.9544127391902995,1.0
google/gemini-3.1-flash-lite,google/gemini-3.1-flash-lite-20260507,off,parens.jitter-v1,parens,text,1. easy,True,reduce-taught-v1,4,4,3,815,25,0,0.000120625,63669.269,0.75,0.30064184258240184,0.9544127391902995,1.0
google/gemini-3.1-flash-lite,google/gemini-3.1-flash-lite-20260507,off,parens.jitter-v1,parens,text,2. medium,False,reduce-infer-v1,4,4,2,787,26,0,0.000117875,64856.649,0.5,0.15003898915214947,0.8499610108478506,1.0
google/gemini-3.1-flash-lite,google/gemini-3.1-flash-lite-20260507,off,parens.jitter-v1,parens,text,2. medium,False,reduce-taught-v1,4,4,2,851,26,0,0.000125875,64160.68100000001,0.5,0.15003898915214947,0.8499610108478506,1.0
google/gemini-3.1-flash-lite,google/gemini-3.1-flash-lite-20260507,off,parens.jitter-v1,parens,text,2. medium,True,reduce-infer-v1,4,4,1,785,37,0,0.000125875,73482.242,0.25,0.04558726080970055,0.6993581574175981,1.0
google/gemini-3.1-flash-lite,google/gemini-3.1-flash-lite-20260507,off,parens.jitter-v1,parens,text,2. medium,True,reduce-taught-v1,4,4,1,849,27,0,0.000126375,64531.861,0.25,0.04558726080970055,0.6993581574175981,1.0
google/gemini-3.1-flash-lite,google/gemini-3.1-flash-lite-20260507,off,parens.jitter-v1,parens,text,3. hard,False,reduce-infer-v1,4,4,2,824,26,0,0.000122500,66570.197,0.5,0.15003898915214947,0.8499610108478506,1.0
google/gemini-3.1-flash-lite,google/gemini-3.1-flash-lite-20260507,off,parens.jitter-v1,parens,text,3. hard,False,reduce-taught-v1,4,4,1,888,25,0,0.000129750,64853.245,0.25,0.04558726080970055,0.6993581574175981,1.0
google/gemini-3.1-flash-lite,google/gemini-3.1-flash-lite-20260507,off,parens.jitter-v1,parens,text,3. hard,True,reduce-infer-v1,4,4,2,824,36,0,0.000130000,67151.782,0.5,0.15003898915214947,0.8499610108478506,1.0
google/gemini-3.1-flash-lite,google/gemini-3.1-flash-lite-20260507,off,parens.jitter-v1,parens,text,3. hard,True,reduce-taught-v1,4,4,1,888,27,0,0.000131250,67245.88500000001,0.25,0.04558726080970055,0.6993581574175981,1.0
google/gemini-3.1-flash-lite,google/gemini-3.1-flash-lite-20260507,off,parens.jitter-v1,parens,text,4. lunatic,False,reduce-infer-v1,4,4,4,843,33,0,0.000130125,97319.69900000001,1.0,0.5101091635454027,1.0,1.0
google/gemini-3.1-flash-lite,google/gemini-3.1-flash-lite-20260507,off,parens.jitter-v1,parens,text,4. lunatic,False,reduce-taught-v1,4,4,1,907,35,0,0.000139625,71245.632,0.25,0.04558726080970055,0.6993581574175981,1.0
google/gemini-3.1-flash-lite,google/gemini-3.1-flash-lite-20260507,off,parens.jitter-v1,parens,text,4. lunatic,True,reduce-infer-v1,4,4,4,847,24,0,0.000123875,67718.236,1.0,0.5101091635454027,1.0,1.0
google/gemini-3.1-flash-lite,google/gemini-3.1-flash-lite-20260507,off,parens.jitter-v1,parens,text,4. lunatic,True,reduce-taught-v1,4,4,3,911,30,0,0.000136375,66337.057,0.75,0.30064184258240184,0.9544127391902995,1.0
google/gemini-3.1-flash-lite,google/gemini-3.1-flash-lite-20260507,off,parens.jitter-v1,parens,text,5. extra,False,reduce-infer-v1,4,4,2,866,31,0,0.000131500,68409.902,0.5,0.15003898915214947,0.8499610108478506,1.0
google/gemini-3.1-flash-lite,google/gemini-3.1-flash-lite-20260507,off,parens.jitter-v1,parens,text,5. extra,False,reduce-taught-v1,4,4,2,930,26,0,0.000135750,66130.9,0.5,0.15003898915214947,0.8499610108478506,1.0
google/gemini-3.1-flash-lite,google/gemini-3.1-flash-lite-20260507,off,parens.jitter-v1,parens,text,5. extra,True,reduce-infer-v1,4,4,2,870,26,0,0.000128250,67477.552,0.5,0.15003898915214947,0.8499610108478506,1.0
google/gemini-3.1-flash-lite,google/gemini-3.1-flash-lite-20260507,off,parens.jitter-v1,parens,text,5. extra,True,reduce-taught-v1,4,4,2,934,26,0,0.000136250,68780.63799999999,0.5,0.15003898915214947,0.8499610108478506,1.0
google/gemini-3.1-flash-lite,google/gemini-3.1-flash-lite-20260507,off,parens.noisy-mismatched-v1,parens,text,1. easy,False,reduce-infer-v1,4,4,4,777,28,0,0.000118125,63742.554000000004,1.0,0.5101091635454027,1.0,1.0
google/gemini-3.1-flash-lite,google/gemini-3.1-flash-lite-20260507,off,parens.noisy-mismatched-v1,parens,text,1. easy,False,reduce-taught-v1,4,4,4,841,28,0,0.000126125,63105.989,1.0,0.5101091635454027,1.0,1.0
google/gemini-3.1-flash-lite,google/gemini-3.1-flash-lite-20260507,off,parens.noisy-mismatched-v1,parens,text,1. easy,True,reduce-infer-v1,4,4,2,777,31,0,0.000120375,64233.084,0.5,0.15003898915214947,0.8499610108478506,1.0
google/gemini-3.1-flash-lite,google/gemini-3.1-flash-lite-20260507,off,parens.noisy-mismatched-v1,parens,text,1. easy,True,reduce-taught-v1,4,4,2,841,26,0,0.000124625,64834.108,0.5,0.15003898915214947,0.8499610108478506,1.0
google/gemini-3.1-flash-lite,google/gemini-3.1-flash-lite-20260507,off,parens.noisy-mismatched-v1,parens,text,2. medium,False,reduce-infer-v1,4,4,4,839,28,0,0.000125875,64176.462999999996,1.0,0.5101091635454027,1.0,1.0
google/gemini-3.1-flash-lite,google/gemini-3.1-flash-lite-20260507,off,parens.noisy-mismatched-v1,parens,text,2. medium,False,reduce-taught-v1,4,4,3,903,27,0,0.000133125,64236.813,0.75,0.30064184258240184,0.9544127391902995,1.0
google/gemini-3.1-flash-lite,google/gemini-3.1-flash-lite-20260507,off,parens.noisy-mismatched-v1,parens,text,2. medium,True,reduce-infer-v1,4,4,0,829,28,0,0.000124625,64856.318,0.0,0.0,0.4898908364545973,1.0
google/gemini-3.1-flash-lite,google/gemini-3.1-flash-lite-20260507,off,parens.noisy-mismatched-v1,parens,text,2. medium,True,reduce-taught-v1,4,4,1,893,27,0,0.000131875,64979.188,0.25,0.04558726080970055,0.6993581574175981,1.0
google/gemini-3.1-flash-lite,google/gemini-3.1-flash-lite-20260507,off,parens.noisy-mismatched-v1,parens,text,3. hard,False,reduce-infer-v1,4,4,3,900,27,0,0.000132750,66214.786,0.75,0.30064184258240184,0.9544127391902995,1.0
google/gemini-3.1-flash-lite,google/gemini-3.1-flash-lite-20260507,off,parens.noisy-mismatched-v1,parens,text,3. hard,False,reduce-taught-v1,4,4,3,964,27,0,0.000140750,67573.83499999999,0.75,0.30064184258240184,0.9544127391902995,1.0
google/gemini-3.1-flash-lite,google/gemini-3.1-flash-lite-20260507,off,parens.noisy-mismatched-v1,parens,text,3. hard,True,reduce-infer-v1,4,4,0,900,28,0,0.000133500,66522.35100000001,0.0,0.0,0.4898908364545973,1.0
google/gemini-3.1-flash-lite,google/gemini-3.1-flash-lite-20260507,off,parens.noisy-mismatched-v1,parens,text,3. hard,True,reduce-taught-v1,4,4,1,964,27,0,0.000140750,67372.706,0.25,0.04558726080970055,0.6993581574175981,1.0
google/gemini-3.1-flash-lite,google/gemini-3.1-flash-lite-20260507,off,parens.noisy-mismatched-v1,parens,text,4. lunatic,False,reduce-infer-v1,4,4,4,935,28,0,0.000137875,67939.07199999999,1.0,0.5101091635454027,1.0,1.0
google/gemini-3.1-flash-lite,google/gemini-3.1-flash-lite-20260507,off,parens.noisy-mismatched-v1,parens,text,4. lunatic,False,reduce-taught-v1,4,4,2,999,26,0,0.000144375,67311.343,0.5,0.15003898915214947,0.8499610108478506,1.0
google/gemini-3.1-flash-lite,google/gemini-3.1-flash-lite-20260507,off,parens.noisy-mismatched-v1,parens,text,4. lunatic,True,reduce-infer-v1,4,4,1,929,27,0,0.000136375,66114.458,0.25,0.04558726080970055,0.6993581574175981,1.0
google/gemini-3.1-flash-lite,google/gemini-3.1-flash-lite-20260507,off,parens.noisy-mismatched-v1,parens,text,4. lunatic,True,reduce-taught-v1,4,4,2,993,26,0,0.000143625,68026.814,0.5,0.15003898915214947,0.8499610108478506,1.0
google/gemini-3.1-flash-lite,google/gemini-3.1-flash-lite-20260507,off,parens.noisy-mismatched-v1,parens,text,5. extra,False,reduce-infer-v1,4,4,4,969,28,0,0.000142125,68590.045,1.0,0.5101091635454027,1.0,1.0
google/gemini-3.1-flash-lite,google/gemini-3.1-flash-lite-20260507,off,parens.noisy-mismatched-v1,parens,text,5. extra,False,reduce-taught-v1,4,4,3,1033,27,0,0.000149375,69579.008,0.75,0.30064184258240184,0.9544127391902995,1.0
google/gemini-3.1-flash-lite,google/gemini-3.1-flash-lite-20260507,off,parens.noisy-mismatched-v1,parens,text,5. extra,True,reduce-infer-v1,4,4,0,966,28,0,0.000141750,67923.439,0.0,0.0,0.4898908364545973,1.0
google/gemini-3.1-flash-lite,google/gemini-3.1-flash-lite-20260507,off,parens.noisy-mismatched-v1,parens,text,5. extra,True,reduce-taught-v1,4,4,0,1030,28,0,0.000149750,68334.421,0.0,0.0,0.4898908364545973,1.0
google/gemini-3.1-flash-lite,google/gemini-3.1-flash-lite-20260507,off,parens.noisy-v1,parens,text,1. easy,False,reduce-infer-v1,4,4,4,764,38,0,0.000124000,64130.833,1.0,0.5101091635454027,1.0,1.0
google/gemini-3.1-flash-lite,google/gemini-3.1-flash-lite-20260507,off,parens.noisy-v1,parens,text,1. easy,False,reduce-taught-v1,4,4,3,828,27,0,0.000123750,64113.14800000001,0.75,0.30064184258240184,0.9544127391902995,1.0
google/gemini-3.1-flash-lite,google/gemini-3.1-flash-lite-20260507,off,parens.noisy-v1,parens,text,1. easy,True,reduce-infer-v1,4,4,2,765,26,0,0.000115125,63802.418,0.5,0.15003898915214947,0.8499610108478506,1.0
google/gemini-3.1-flash-lite,google/gemini-3.1-flash-lite-20260507,off,parens.noisy-v1,parens,text,1. easy,True,reduce-taught-v1,4,4,2,829,31,0,0.000126875,64017.443,0.5,0.15003898915214947,0.8499610108478506,1.0
google/gemini-3.1-flash-lite,google/gemini-3.1-flash-lite-20260507,off,parens.noisy-v1,parens,text,2. medium,False,reduce-infer-v1,4,4,3,822,27,0,0.000123000,64960.493,0.75,0.30064184258240184,0.9544127391902995,1.0
google/gemini-3.1-flash-lite,google/gemini-3.1-flash-lite-20260507,off,parens.noisy-v1,parens,text,2. medium,False,reduce-taught-v1,4,4,2,886,26,0,0.000130250,65197.905,0.5,0.15003898915214947,0.8499610108478506,1.0
google/gemini-3.1-flash-lite,google/gemini-3.1-flash-lite-20260507,off,parens.noisy-v1,parens,text,2. medium,True,reduce-infer-v1,4,4,0,820,33,0,0.000127250,64428.295,0.0,0.0,0.4898908364545973,1.0
google/gemini-3.1-flash-lite,google/gemini-3.1-flash-lite-20260507,off,parens.noisy-v1,parens,text,2. medium,True,reduce-taught-v1,4,4,1,884,32,0,0.000134500,71399.855,0.25,0.04558726080970055,0.6993581574175981,1.0
google/gemini-3.1-flash-lite,google/gemini-3.1-flash-lite-20260507,off,parens.noisy-v1,parens,text,3. hard,False,reduce-infer-v1,4,4,1,879,25,0,0.000128625,69769.27299999999,0.25,0.04558726080970055,0.6993581574175981,1.0
google/gemini-3.1-flash-lite,google/gemini-3.1-flash-lite-20260507,off,parens.noisy-v1,parens,text,3. hard,False,reduce-taught-v1,4,4,2,943,26,0,0.000137375,66676.808,0.5,0.15003898915214947,0.8499610108478506,1.0
google/gemini-3.1-flash-lite,google/gemini-3.1-flash-lite-20260507,off,parens.noisy-v1,parens,text,3. hard,True,reduce-infer-v1,4,4,1,874,27,0,0.000129500,66009.096,0.25,0.04558726080970055,0.6993581574175981,1.0
google/gemini-3.1-flash-lite,google/gemini-3.1-flash-lite-20260507,off,parens.noisy-v1,parens,text,3. hard,True,reduce-taught-v1,4,4,1,938,27,0,0.000137500,69416.411,0.25,0.04558726080970055,0.6993581574175981,1.0
google/gemini-3.1-flash-lite,google/gemini-3.1-flash-lite-20260507,off,parens.noisy-v1,parens,text,4. lunatic,False,reduce-infer-v1,4,4,3,912,27,0,0.000134250,69359.53,0.75,0.30064184258240184,0.9544127391902995,1.0
google/gemini-3.1-flash-lite,google/gemini-3.1-flash-lite-20260507,off,parens.noisy-v1,parens,text,4. lunatic,False,reduce-taught-v1,4,4,3,976,27,0,0.000142250,67170.57200000001,0.75,0.30064184258240184,0.9544127391902995,1.0
google/gemini-3.1-flash-lite,google/gemini-3.1-flash-lite-20260507,off,parens.noisy-v1,parens,text,4. lunatic,True,reduce-infer-v1,4,4,1,880,27,0,0.000130250,72179.288,0.25,0.04558726080970055,0.6993581574175981,1.0
google/gemini-3.1-flash-lite,google/gemini-3.1-flash-lite-20260507,off,parens.noisy-v1,parens,text,4. lunatic,True,reduce-taught-v1,4,4,0,944,28,0,0.000139000,68038.172,0.0,0.0,0.4898908364545973,1.0
google/gemini-3.1-flash-lite,google/gemini-3.1-flash-lite-20260507,off,parens.noisy-v1,parens,text,5. extra,False,reduce-infer-v1,4,4,2,942,26,0,0.000137250,76183.348,0.5,0.15003898915214947,0.8499610108478506,1.0
google/gemini-3.1-flash-lite,google/gemini-3.1-flash-lite-20260507,off,parens.noisy-v1,parens,text,5. extra,False,reduce-taught-v1,4,4,3,1006,27,0,0.000146000,68367.258,0.75,0.30064184258240184,0.9544127391902995,1.0
google/gemini-3.1-flash-lite,google/gemini-3.1-flash-lite-20260507,off,parens.noisy-v1,parens,text,5. extra,True,reduce-infer-v1,4,4,1,948,27,0,0.000138750,70888.023,0.25,0.04558726080970055,0.6993581574175981,1.0
google/gemini-3.1-flash-lite,google/gemini-3.1-flash-lite-20260507,off,parens.noisy-v1,parens,text,5. extra,True,reduce-taught-v1,4,4,2,1012,26,0,0.000146000,68977.917,0.5,0.15003898915214947,0.8499610108478506,1.0
google/gemini-3.1-flash-lite,google/gemini-3.1-flash-lite-20260507,off,parens.reference-v1,parens,text,1. easy,False,reduce-infer-v1,4,4,1,743,25,0,0.000111625,63538.39899999999,0.25,0.04558726080970055,0.6993581574175981,1.0
google/gemini-3.1-flash-lite,google/gemini-3.1-flash-lite-20260507,off,parens.reference-v1,parens,text,1. easy,False,reduce-taught-v1,4,4,1,807,25,0,0.000119625,63895.436,0.25,0.04558726080970055,0.6993581574175981,1.0
google/gemini-3.1-flash-lite,google/gemini-3.1-flash-lite-20260507,off,parens.reference-v1,parens,text,1. easy,True,reduce-infer-v1,4,4,2,745,26,0,0.000112625,64121.138000000006,0.5,0.15003898915214947,0.8499610108478506,1.0
google/gemini-3.1-flash-lite,google/gemini-3.1-flash-lite-20260507,off,parens.reference-v1,parens,text,1. easy,True,reduce-taught-v1,4,4,1,809,32,0,0.000125125,65205.774999999994,0.25,0.04558726080970055,0.6993581574175981,1.0
google/gemini-3.1-flash-lite,google/gemini-3.1-flash-lite-20260507,off,parens.reference-v1,parens,text,2. medium,False,reduce-infer-v1,4,4,3,769,27,0,0.000116375,64177.813,0.75,0.30064184258240184,0.9544127391902995,1.0
google/gemini-3.1-flash-lite,google/gemini-3.1-flash-lite-20260507,off,parens.reference-v1,parens,text,2. medium,False,reduce-taught-v1,4,4,2,833,26,0,0.000123625,65078.635,0.5,0.15003898915214947,0.8499610108478506,1.0
google/gemini-3.1-flash-lite,google/gemini-3.1-flash-lite-20260507,off,parens.reference-v1,parens,text,2. medium,True,reduce-infer-v1,4,4,3,763,25,0,0.000114125,64207.993,0.75,0.30064184258240184,0.9544127391902995,1.0
google/gemini-3.1-flash-lite,google/gemini-3.1-flash-lite-20260507,off,parens.reference-v1,parens,text,2. medium,True,reduce-taught-v1,4,4,2,827,26,0,0.000122875,64077.824,0.5,0.15003898915214947,0.8499610108478506,1.0
google/gemini-3.1-flash-lite,google/gemini-3.1-flash-lite-20260507,off,parens.reference-v1,parens,text,3. hard,False,reduce-infer-v1,4,4,2,808,26,0,0.000120500,66981.731,0.5,0.15003898915214947,0.8499610108478506,1.0
google/gemini-3.1-flash-lite,google/gemini-3.1-flash-lite-20260507,off,parens.reference-v1,parens,text,3. hard,False,reduce-taught-v1,4,4,0,872,24,0,0.000127000,66470.013,0.0,0.0,0.4898908364545973,1.0
google/gemini-3.1-flash-lite,google/gemini-3.1-flash-lite-20260507,off,parens.reference-v1,parens,text,3. hard,True,reduce-infer-v1,4,4,3,812,30,0,0.00012400,68595.459,0.75,0.30064184258240184,0.9544127391902995,1.0
google/gemini-3.1-flash-lite,google/gemini-3.1-flash-lite-20260507,off,parens.reference-v1,parens,text,3. hard,True,reduce-taught-v1,4,4,3,876,25,0,0.00012825,65923.406,0.75,0.30064184258240184,0.9544127391902995,1.0
google/gemini-3.1-flash-lite,google/gemini-3.1-flash-lite-20260507,off,parens.reference-v1,parens,text,4. lunatic,False,reduce-infer-v1,4,4,2,826,26,0,0.000122750,69134.839,0.5,0.15003898915214947,0.8499610108478506,1.0
google/gemini-3.1-flash-lite,google/gemini-3.1-flash-lite-20260507,off,parens.reference-v1,parens,text,4. lunatic,False,reduce-taught-v1,4,4,1,890,25,0,0.000130000,66422.231,0.25,0.04558726080970055,0.6993581574175981,1.0
google/gemini-3.1-flash-lite,google/gemini-3.1-flash-lite-20260507,off,parens.reference-v1,parens,text,4. lunatic,True,reduce-infer-v1,4,4,3,826,25,0,0.000122000,68927.085,0.75,0.30064184258240184,0.9544127391902995,1.0
google/gemini-3.1-flash-lite,google/gemini-3.1-flash-lite-20260507,off,parens.reference-v1,parens,text,4. lunatic,True,reduce-taught-v1,4,4,3,890,30,0,0.000133750,67601.092,0.75,0.30064184258240184,0.9544127391902995,1.0
google/gemini-3.1-flash-lite,google/gemini-3.1-flash-lite-20260507,off,parens.reference-v1,parens,text,5. extra,False,reduce-infer-v1,4,4,3,830,27,0,0.000124000,72747.844,0.75,0.30064184258240184,0.9544127391902995,1.0
google/gemini-3.1-flash-lite,google/gemini-3.1-flash-lite-20260507,off,parens.reference-v1,parens,text,5. extra,False,reduce-taught-v1,4,4,0,894,29,0,0.000133500,69123.895,0.0,0.0,0.4898908364545973,1.0
google/gemini-3.1-flash-lite,google/gemini-3.1-flash-lite-20260507,off,parens.reference-v1,parens,text,5. extra,True,reduce-infer-v1,4,4,2,833,31,0,0.000127375,66941.914,0.5,0.15003898915214947,0.8499610108478506,1.0
google/gemini-3.1-flash-lite,google/gemini-3.1-flash-lite-20260507,off,parens.reference-v1,parens,text,5. extra,True,reduce-taught-v1,4,4,3,897,30,0,0.000134625,66618.58200000001,0.75,0.30064184258240184,0.9544127391902995,1.0
google/gemini-3.1-flash-lite,google/gemini-3.1-flash-lite-20260507,off,parens.word-brackets-mismatched-v1,parens,text,1. easy,False,reduce-infer-v1,4,4,2,782,31,0,0.00012100,62940.259,0.5,0.15003898915214947,0.8499610108478506,1.0
google/gemini-3.1-flash-lite,google/gemini-3.1-flash-lite-20260507,off,parens.word-brackets-mismatched-v1,parens,text,1. easy,False,reduce-taught-v1,4,4,1,854,25,0,0.00012550,63823.644,0.25,0.04558726080970055,0.6993581574175981,1.0
google/gemini-3.1-flash-lite,google/gemini-3.1-flash-lite-20260507,off,parens.word-brackets-mismatched-v1,parens,text,1. easy,True,reduce-infer-v1,4,4,0,782,28,0,0.00011875,63249.366,0.0,0.0,0.4898908364545973,1.0
google/gemini-3.1-flash-lite,google/gemini-3.1-flash-lite-20260507,off,parens.word-brackets-mismatched-v1,parens,text,1. easy,True,reduce-taught-v1,4,4,1,854,27,0,0.00012700,63893.33,0.25,0.04558726080970055,0.6993581574175981,1.0
google/gemini-3.1-flash-lite,google/gemini-3.1-flash-lite-20260507,off,parens.word-brackets-mismatched-v1,parens,text,2. medium,False,reduce-infer-v1,4,4,4,850,28,0,0.00012725,63793.35400000001,1.0,0.5101091635454027,1.0,1.0
google/gemini-3.1-flash-lite,google/gemini-3.1-flash-lite-20260507,off,parens.word-brackets-mismatched-v1,parens,text,2. medium,False,reduce-taught-v1,4,4,4,922,28,0,0.00013625,64326.92,1.0,0.5101091635454027,1.0,1.0
google/gemini-3.1-flash-lite,google/gemini-3.1-flash-lite-20260507,off,parens.word-brackets-mismatched-v1,parens,text,2. medium,True,reduce-infer-v1,4,4,1,840,27,0,0.00012525,63654.18000000001,0.25,0.04558726080970055,0.6993581574175981,1.0
google/gemini-3.1-flash-lite,google/gemini-3.1-flash-lite-20260507,off,parens.word-brackets-mismatched-v1,parens,text,2. medium,True,reduce-taught-v1,4,4,1,912,32,0,0.00013800,65046.005000000005,0.25,0.04558726080970055,0.6993581574175981,1.0
google/gemini-3.1-flash-lite,google/gemini-3.1-flash-lite-20260507,off,parens.word-brackets-mismatched-v1,parens,text,3. hard,False,reduce-infer-v1,4,4,4,920,28,0,0.000136,80605.966,1.0,0.5101091635454027,1.0,1.0
google/gemini-3.1-flash-lite,google/gemini-3.1-flash-lite-20260507,off,parens.word-brackets-mismatched-v1,parens,text,3. hard,False,reduce-taught-v1,4,4,4,992,28,0,0.00014500,65358.619999999995,1.0,0.5101091635454027,1.0,1.0
google/gemini-3.1-flash-lite,google/gemini-3.1-flash-lite-20260507,off,parens.word-brackets-mismatched-v1,parens,text,3. hard,True,reduce-infer-v1,4,4,0,920,28,0,0.000136,65657.226,0.0,0.0,0.4898908364545973,1.0
google/gemini-3.1-flash-lite,google/gemini-3.1-flash-lite-20260507,off,parens.word-brackets-mismatched-v1,parens,text,3. hard,True,reduce-taught-v1,4,4,0,992,33,0,0.00014875,85395.263,0.0,0.0,0.4898908364545973,1.0
google/gemini-3.1-flash-lite,google/gemini-3.1-flash-lite-20260507,off,parens.word-brackets-mismatched-v1,parens,text,4. lunatic,False,reduce-infer-v1,4,4,4,960,28,0,0.00014100,69397.315,1.0,0.5101091635454027,1.0,1.0
google/gemini-3.1-flash-lite,google/gemini-3.1-flash-lite-20260507,off,parens.word-brackets-mismatched-v1,parens,text,4. lunatic,False,reduce-taught-v1,4,4,4,1032,28,0,0.0001500,68298.837,1.0,0.5101091635454027,1.0,1.0
google/gemini-3.1-flash-lite,google/gemini-3.1-flash-lite-20260507,off,parens.word-brackets-mismatched-v1,parens,text,4. lunatic,True,reduce-infer-v1,4,4,0,960,28,0,0.00014100,70450.431,0.0,0.0,0.4898908364545973,1.0
google/gemini-3.1-flash-lite,google/gemini-3.1-flash-lite-20260507,off,parens.word-brackets-mismatched-v1,parens,text,4. lunatic,True,reduce-taught-v1,4,4,0,1032,33,0,0.00015375,68809.894,0.0,0.0,0.4898908364545973,1.0
google/gemini-3.1-flash-lite,google/gemini-3.1-flash-lite-20260507,off,parens.word-brackets-mismatched-v1,parens,text,5. extra,False,reduce-infer-v1,4,4,4,1000,28,0,0.0001460,68415.56300000001,1.0,0.5101091635454027,1.0,1.0
google/gemini-3.1-flash-lite,google/gemini-3.1-flash-lite-20260507,off,parens.word-brackets-mismatched-v1,parens,text,5. extra,False,reduce-taught-v1,4,4,4,1072,33,0,0.00015875,74084.4,1.0,0.5101091635454027,1.0,1.0
google/gemini-3.1-flash-lite,google/gemini-3.1-flash-lite-20260507,off,parens.word-brackets-mismatched-v1,parens,text,5. extra,True,reduce-infer-v1,4,4,0,1000,28,0,0.0001460,66349.956,0.0,0.0,0.4898908364545973,1.0
google/gemini-3.1-flash-lite,google/gemini-3.1-flash-lite-20260507,off,parens.word-brackets-mismatched-v1,parens,text,5. extra,True,reduce-taught-v1,4,4,0,1072,28,0,0.00015500,68805.10900000001,0.0,0.0,0.4898908364545973,1.0
google/gemini-3.1-flash-lite,google/gemini-3.1-flash-lite-20260507,off,parens.word-brackets-plain-v1,parens,text,1. easy,False,reduce-infer-v1,4,4,3,782,27,0,0.00011800,71758.647,0.75,0.30064184258240184,0.9544127391902995,1.0
google/gemini-3.1-flash-lite,google/gemini-3.1-flash-lite-20260507,off,parens.word-brackets-plain-v1,parens,text,1. easy,False,reduce-taught-v1,4,4,2,854,26,0,0.00012625,64890.565,0.5,0.15003898915214947,0.8499610108478506,1.0
google/gemini-3.1-flash-lite,google/gemini-3.1-flash-lite-20260507,off,parens.word-brackets-plain-v1,parens,text,1. easy,True,reduce-infer-v1,4,4,1,782,32,0,0.00012175,63187.128,0.25,0.04558726080970055,0.6993581574175981,1.0
google/gemini-3.1-flash-lite,google/gemini-3.1-flash-lite-20260507,off,parens.word-brackets-plain-v1,parens,text,1. easy,True,reduce-taught-v1,4,4,2,854,26,0,0.00012625,63359.221000000005,0.5,0.15003898915214947,0.8499610108478506,1.0
google/gemini-3.1-flash-lite,google/gemini-3.1-flash-lite-20260507,off,parens.word-brackets-plain-v1,parens,text,2. medium,False,reduce-infer-v1,4,4,4,850,28,0,0.00012725,64001.644,1.0,0.5101091635454027,1.0,1.0
google/gemini-3.1-flash-lite,google/gemini-3.1-flash-lite-20260507,off,parens.word-brackets-plain-v1,parens,text,2. medium,False,reduce-taught-v1,4,4,4,922,28,0,0.00013625,64005.77300000001,1.0,0.5101091635454027,1.0,1.0
google/gemini-3.1-flash-lite,google/gemini-3.1-flash-lite-20260507,off,parens.word-brackets-plain-v1,parens,text,2. medium,True,reduce-infer-v1,4,4,0,840,28,0,0.00012600,64346.687000000005,0.0,0.0,0.4898908364545973,1.0
google/gemini-3.1-flash-lite,google/gemini-3.1-flash-lite-20260507,off,parens.word-brackets-plain-v1,parens,text,2. medium,True,reduce-taught-v1,4,4,0,912,28,0,0.00013500,63601.33899999999,0.0,0.0,0.4898908364545973,1.0
google/gemini-3.1-flash-lite,google/gemini-3.1-flash-lite-20260507,off,parens.word-brackets-plain-v1,parens,text,3. hard,False,reduce-infer-v1,4,4,4,920,28,0,0.000136,68533.23300000001,1.0,0.5101091635454027,1.0,1.0
google/gemini-3.1-flash-lite,google/gemini-3.1-flash-lite-20260507,off,parens.word-brackets-plain-v1,parens,text,3. hard,False,reduce-taught-v1,4,4,4,992,28,0,0.00014500,66830.924,1.0,0.5101091635454027,1.0,1.0
google/gemini-3.1-flash-lite,google/gemini-3.1-flash-lite-20260507,off,parens.word-brackets-plain-v1,parens,text,3. hard,True,reduce-infer-v1,4,4,0,920,28,0,0.000136,68648.99900000001,0.0,0.0,0.4898908364545973,1.0
google/gemini-3.1-flash-lite,google/gemini-3.1-flash-lite-20260507,off,parens.word-brackets-plain-v1,parens,text,3. hard,True,reduce-taught-v1,4,4,0,992,28,0,0.00014500,71566.281,0.0,0.0,0.4898908364545973,1.0
google/gemini-3.1-flash-lite,google/gemini-3.1-flash-lite-20260507,off,parens.word-brackets-plain-v1,parens,text,4. lunatic,False,reduce-infer-v1,4,4,4,960,28,0,0.00014100,68003.512,1.0,0.5101091635454027,1.0,1.0
google/gemini-3.1-flash-lite,google/gemini-3.1-flash-lite-20260507,off,parens.word-brackets-plain-v1,parens,text,4. lunatic,False,reduce-taught-v1,4,4,4,1032,28,0,0.0001500,66521.792,1.0,0.5101091635454027,1.0,1.0
google/gemini-3.1-flash-lite,google/gemini-3.1-flash-lite-20260507,off,parens.word-brackets-plain-v1,parens,text,4. lunatic,True,reduce-infer-v1,4,4,0,960,33,0,0.00014475,71413.04000000001,0.0,0.0,0.4898908364545973,1.0
google/gemini-3.1-flash-lite,google/gemini-3.1-flash-lite-20260507,off,parens.word-brackets-plain-v1,parens,text,4. lunatic,True,reduce-taught-v1,4,4,0,1032,28,0,0.0001500,66530.25200000001,0.0,0.0,0.4898908364545973,1.0
google/gemini-3.1-flash-lite,google/gemini-3.1-flash-lite-20260507,off,parens.word-brackets-plain-v1,parens,text,5. extra,False,reduce-infer-v1,4,4,4,1000,28,0,0.0001460,67443.209,1.0,0.5101091635454027,1.0,1.0
google/gemini-3.1-flash-lite,google/gemini-3.1-flash-lite-20260507,off,parens.word-brackets-plain-v1,parens,text,5. extra,False,reduce-taught-v1,4,4,4,1072,28,0,0.00015500,69071.23300000001,1.0,0.5101091635454027,1.0,1.0
google/gemini-3.1-flash-lite,google/gemini-3.1-flash-lite-20260507,off,parens.word-brackets-plain-v1,parens,text,5. extra,True,reduce-infer-v1,4,4,0,1000,28,0,0.0001460,67460.688,0.0,0.0,0.4898908364545973,1.0
google/gemini-3.1-flash-lite,google/gemini-3.1-flash-lite-20260507,off,parens.word-brackets-plain-v1,parens,text,5. extra,True,reduce-taught-v1,4,4,0,1072,28,0,0.00015500,70356.30900000001,0.0,0.0,0.4898908364545973,1.0
google/gemini-3.1-flash-lite,google/gemini-3.1-flash-lite-20260507,off,paths.arc-nest-plain-v1,paths,image,1. easy,False,reduce-infer-v1,4,4,0,5020,24,0,0.000645500,65964.621,0.0,0.0,0.4898908364545973,1.0
google/gemini-3.1-flash-lite,google/gemini-3.1-flash-lite-20260507,off,paths.arc-nest-plain-v1,paths,image,1. easy,False,reduce-taught-v1,4,4,4,5088,28,0,0.00065700,65318.643000000004,1.0,0.5101091635454027,1.0,1.0
google/gemini-3.1-flash-lite,google/gemini-3.1-flash-lite-20260507,off,paths.arc-nest-plain-v1,paths,image,1. easy,True,reduce-infer-v1,4,4,4,5020,24,0,0.000645500,68728.70599999999,1.0,0.5101091635454027,1.0,1.0
google/gemini-3.1-flash-lite,google/gemini-3.1-flash-lite-20260507,off,paths.arc-nest-plain-v1,paths,image,1. easy,True,reduce-taught-v1,4,4,0,5088,28,0,0.00065700,67315.755,0.0,0.0,0.4898908364545973,1.0
google/gemini-3.1-flash-lite,google/gemini-3.1-flash-lite-20260507,off,paths.arc-nest-plain-v1,paths,image,2. medium,False,reduce-infer-v1,4,4,0,5020,24,0,0.000645500,67180.527,0.0,0.0,0.4898908364545973,1.0
google/gemini-3.1-flash-lite,google/gemini-3.1-flash-lite-20260507,off,paths.arc-nest-plain-v1,paths,image,2. medium,False,reduce-taught-v1,4,4,4,5088,28,0,0.00065700,65937.77900000001,1.0,0.5101091635454027,1.0,1.0
google/gemini-3.1-flash-lite,google/gemini-3.1-flash-lite-20260507,off,paths.arc-nest-plain-v1,paths,image,2. medium,True,reduce-infer-v1,4,4,4,5020,24,0,0.000645500,66613.418,1.0,0.5101091635454027,1.0,1.0
google/gemini-3.1-flash-lite,google/gemini-3.1-flash-lite-20260507,off,paths.arc-nest-plain-v1,paths,image,2. medium,True,reduce-taught-v1,4,4,0,5088,28,0,0.00065700,67806.762,0.0,0.0,0.4898908364545973,1.0
google/gemini-3.1-flash-lite,google/gemini-3.1-flash-lite-20260507,off,paths.arc-nest-plain-v1,paths,image,3. hard,False,reduce-infer-v1,4,4,0,5020,24,0,0.000645500,73330.09199999999,0.0,0.0,0.4898908364545973,1.0
google/gemini-3.1-flash-lite,google/gemini-3.1-flash-lite-20260507,off,paths.arc-nest-plain-v1,paths,image,3. hard,False,reduce-taught-v1,4,4,4,5088,28,0,0.00065700,71431.93100000001,1.0,0.5101091635454027,1.0,1.0
google/gemini-3.1-flash-lite,google/gemini-3.1-flash-lite-20260507,off,paths.arc-nest-plain-v1,paths,image,3. hard,True,reduce-infer-v1,4,4,4,5020,24,0,0.000645500,70794.575,1.0,0.5101091635454027,1.0,1.0
google/gemini-3.1-flash-lite,google/gemini-3.1-flash-lite-20260507,off,paths.arc-nest-plain-v1,paths,image,3. hard,True,reduce-taught-v1,4,4,0,5088,28,0,0.00065700,69876.041,0.0,0.0,0.4898908364545973,1.0
google/gemini-3.1-flash-lite,google/gemini-3.1-flash-lite-20260507,off,paths.arc-nest-plain-v1,paths,image,4. lunatic,False,reduce-infer-v1,4,4,0,5020,24,0,0.000645500,72103.428,0.0,0.0,0.4898908364545973,1.0
google/gemini-3.1-flash-lite,google/gemini-3.1-flash-lite-20260507,off,paths.arc-nest-plain-v1,paths,image,4. lunatic,False,reduce-taught-v1,4,4,4,5088,28,0,0.00065700,72327.446,1.0,0.5101091635454027,1.0,1.0
google/gemini-3.1-flash-lite,google/gemini-3.1-flash-lite-20260507,off,paths.arc-nest-plain-v1,paths,image,4. lunatic,True,reduce-infer-v1,4,4,4,5020,24,0,0.000645500,74707.156,1.0,0.5101091635454027,1.0,1.0
google/gemini-3.1-flash-lite,google/gemini-3.1-flash-lite-20260507,off,paths.arc-nest-plain-v1,paths,image,4. lunatic,True,reduce-taught-v1,4,4,0,5088,28,0,0.00065700,80815.419,0.0,0.0,0.4898908364545973,1.0
google/gemini-3.1-flash-lite,google/gemini-3.1-flash-lite-20260507,off,paths.arc-nest-plain-v1,paths,image,5. extra,False,reduce-infer-v1,4,4,0,5020,24,0,0.000645500,74167.77,0.0,0.0,0.4898908364545973,1.0
google/gemini-3.1-flash-lite,google/gemini-3.1-flash-lite-20260507,off,paths.arc-nest-plain-v1,paths,image,5. extra,False,reduce-taught-v1,4,4,4,5088,28,0,0.00065700,74028.18900000001,1.0,0.5101091635454027,1.0,1.0
google/gemini-3.1-flash-lite,google/gemini-3.1-flash-lite-20260507,off,paths.arc-nest-plain-v1,paths,image,5. extra,True,reduce-infer-v1,4,4,4,5020,24,0,0.000645500,73830.291,1.0,0.5101091635454027,1.0,1.0
google/gemini-3.1-flash-lite,google/gemini-3.1-flash-lite-20260507,off,paths.arc-nest-plain-v1,paths,image,5. extra,True,reduce-taught-v1,4,4,0,5088,28,0,0.00065700,74853.499,0.0,0.0,0.4898908364545973,1.0
google/gemini-3.1-flash-lite,google/gemini-3.1-flash-lite-20260507,off,pattern.java-v1,pattern,text,1. easy,False,reduce-infer-v1,4,4,1,831,25,0,0.000122625,63082.433000000005,0.25,0.04558726080970055,0.6993581574175981,1.0
google/gemini-3.1-flash-lite,google/gemini-3.1-flash-lite-20260507,off,pattern.java-v1,pattern,text,1. easy,False,reduce-taught-v1,4,4,0,907,24,0,0.000131375,63612.394,0.0,0.0,0.4898908364545973,1.0
google/gemini-3.1-flash-lite,google/gemini-3.1-flash-lite-20260507,off,pattern.java-v1,pattern,text,1. easy,True,reduce-infer-v1,4,4,4,829,24,0,0.000121625,62670.755,1.0,0.5101091635454027,1.0,1.0
google/gemini-3.1-flash-lite,google/gemini-3.1-flash-lite-20260507,off,pattern.java-v1,pattern,text,1. easy,True,reduce-taught-v1,4,4,4,905,24,0,0.000131125,63965.315,1.0,0.5101091635454027,1.0,1.0
google/gemini-3.1-flash-lite,google/gemini-3.1-flash-lite-20260507,off,pattern.java-v1,pattern,text,2. medium,False,reduce-infer-v1,4,4,0,950,29,0,0.000140500,67262.662,0.0,0.0,0.4898908364545973,1.0
google/gemini-3.1-flash-lite,google/gemini-3.1-flash-lite-20260507,off,pattern.java-v1,pattern,text,2. medium,False,reduce-taught-v1,4,4,0,1026,34,0,0.000153750,65689.807,0.0,0.0,0.4898908364545973,1.0
google/gemini-3.1-flash-lite,google/gemini-3.1-flash-lite-20260507,off,pattern.java-v1,pattern,text,2. medium,True,reduce-infer-v1,4,4,4,933,24,0,0.000134625,63619.878,1.0,0.5101091635454027,1.0,1.0
google/gemini-3.1-flash-lite,google/gemini-3.1-flash-lite-20260507,off,pattern.java-v1,pattern,text,2. medium,True,reduce-taught-v1,4,4,4,1009,24,0,0.000144125,64598.698,1.0,0.5101091635454027,1.0,1.0
google/gemini-3.1-flash-lite,google/gemini-3.1-flash-lite-20260507,off,pattern.java-v1,pattern,text,3. hard,False,reduce-infer-v1,4,4,0,1085,24,0,0.000153625,65051.034999999996,0.0,0.0,0.4898908364545973,1.0
google/gemini-3.1-flash-lite,google/gemini-3.1-flash-lite-20260507,off,pattern.java-v1,pattern,text,3. hard,False,reduce-taught-v1,4,4,0,1161,24,0,0.000163125,66526.416,0.0,0.0,0.4898908364545973,1.0
google/gemini-3.1-flash-lite,google/gemini-3.1-flash-lite-20260507,off,pattern.java-v1,pattern,text,3. hard,True,reduce-infer-v1,4,4,4,1090,24,0,0.000154250,69154.981,1.0,0.5101091635454027,1.0,1.0
google/gemini-3.1-flash-lite,google/gemini-3.1-flash-lite-20260507,off,pattern.java-v1,pattern,text,3. hard,True,reduce-taught-v1,4,4,4,1166,39,0,0.000175000,68366.369,1.0,0.5101091635454027,1.0,1.0
google/gemini-3.1-flash-lite,google/gemini-3.1-flash-lite-20260507,off,pattern.java-v1,pattern,text,4. lunatic,False,reduce-infer-v1,4,4,0,1159,24,0,0.000162875,71406.03700000001,0.0,0.0,0.4898908364545973,1.0
google/gemini-3.1-flash-lite,google/gemini-3.1-flash-lite-20260507,off,pattern.java-v1,pattern,text,4. lunatic,False,reduce-taught-v1,4,4,0,1235,24,0,0.000172375,66910.90400000001,0.0,0.0,0.4898908364545973,1.0
google/gemini-3.1-flash-lite,google/gemini-3.1-flash-lite-20260507,off,pattern.java-v1,pattern,text,4. lunatic,True,reduce-infer-v1,4,4,4,1162,24,0,0.000163250,70854.79699999999,1.0,0.5101091635454027,1.0,1.0
google/gemini-3.1-flash-lite,google/gemini-3.1-flash-lite-20260507,off,pattern.java-v1,pattern,text,4. lunatic,True,reduce-taught-v1,4,4,4,1238,29,0,0.00017650,65178.963,1.0,0.5101091635454027,1.0,1.0
google/gemini-3.1-flash-lite,google/gemini-3.1-flash-lite-20260507,off,pattern.java-v1,pattern,text,5. extra,False,reduce-infer-v1,4,4,0,1208,24,0,0.000169000,69380.969,0.0,0.0,0.4898908364545973,1.0
google/gemini-3.1-flash-lite,google/gemini-3.1-flash-lite-20260507,off,pattern.java-v1,pattern,text,5. extra,False,reduce-taught-v1,4,4,0,1284,24,0,0.000178500,69872.97899999999,0.0,0.0,0.4898908364545973,1.0
google/gemini-3.1-flash-lite,google/gemini-3.1-flash-lite-20260507,off,pattern.java-v1,pattern,text,5. extra,True,reduce-infer-v1,4,4,4,1213,24,0,0.000169625,72463.23999999999,1.0,0.5101091635454027,1.0,1.0
google/gemini-3.1-flash-lite,google/gemini-3.1-flash-lite-20260507,off,pattern.java-v1,pattern,text,5. extra,True,reduce-taught-v1,4,4,4,1289,24,0,0.000179125,65502.384999999995,1.0,0.5101091635454027,1.0,1.0
google/gemini-3.1-flash-lite,google/gemini-3.1-flash-lite-20260507,off,pattern.lisp-v1,pattern,text,1. easy,False,reduce-infer-v1,4,4,3,800,27,0,0.000120250,64886.168,0.75,0.30064184258240184,0.9544127391902995,1.0
google/gemini-3.1-flash-lite,google/gemini-3.1-flash-lite-20260507,off,pattern.lisp-v1,pattern,text,1. easy,False,reduce-taught-v1,4,4,1,876,25,0,0.000128250,63177.018,0.25,0.04558726080970055,0.6993581574175981,1.0
google/gemini-3.1-flash-lite,google/gemini-3.1-flash-lite-20260507,off,pattern.lisp-v1,pattern,text,1. easy,True,reduce-infer-v1,4,4,2,798,26,0,0.000119250,64650.664000000004,0.5,0.15003898915214947,0.8499610108478506,1.0
google/gemini-3.1-flash-lite,google/gemini-3.1-flash-lite-20260507,off,pattern.lisp-v1,pattern,text,1. easy,True,reduce-taught-v1,4,4,2,874,26,0,0.000128750,63613.319,0.5,0.15003898915214947,0.8499610108478506,1.0
google/gemini-3.1-flash-lite,google/gemini-3.1-flash-lite-20260507,off,pattern.lisp-v1,pattern,text,2. medium,False,reduce-infer-v1,4,4,1,885,30,0,0.000133125,64336.44499999999,0.25,0.04558726080970055,0.6993581574175981,1.0
google/gemini-3.1-flash-lite,google/gemini-3.1-flash-lite-20260507,off,pattern.lisp-v1,pattern,text,2. medium,False,reduce-taught-v1,4,4,1,961,25,0,0.000138875,64687.48099999999,0.25,0.04558726080970055,0.6993581574175981,1.0
google/gemini-3.1-flash-lite,google/gemini-3.1-flash-lite-20260507,off,pattern.lisp-v1,pattern,text,2. medium,True,reduce-infer-v1,4,4,4,873,24,0,0.000127125,66147.81700000001,1.0,0.5101091635454027,1.0,1.0
google/gemini-3.1-flash-lite,google/gemini-3.1-flash-lite-20260507,off,pattern.lisp-v1,pattern,text,2. medium,True,reduce-taught-v1,4,4,4,949,24,0,0.000136625,65716.94,1.0,0.5101091635454027,1.0,1.0
google/gemini-3.1-flash-lite,google/gemini-3.1-flash-lite-20260507,off,pattern.lisp-v1,pattern,text,3. hard,False,reduce-infer-v1,4,4,0,985,29,0,0.000144875,70670.048,0.0,0.0,0.4898908364545973,1.0
google/gemini-3.1-flash-lite,google/gemini-3.1-flash-lite-20260507,off,pattern.lisp-v1,pattern,text,3. hard,False,reduce-taught-v1,4,4,0,1061,24,0,0.000150625,72714.46299999999,0.0,0.0,0.4898908364545973,1.0
google/gemini-3.1-flash-lite,google/gemini-3.1-flash-lite-20260507,off,pattern.lisp-v1,pattern,text,3. hard,True,reduce-infer-v1,4,4,4,990,29,0,0.000145500,65504.331000000006,1.0,0.5101091635454027,1.0,1.0
google/gemini-3.1-flash-lite,google/gemini-3.1-flash-lite-20260507,off,pattern.lisp-v1,pattern,text,3. hard,True,reduce-taught-v1,4,4,4,1066,24,0,0.000151250,65234.842000000004,1.0,0.5101091635454027,1.0,1.0
google/gemini-3.1-flash-lite,google/gemini-3.1-flash-lite-20260507,off,pattern.lisp-v1,pattern,text,4. lunatic,False,reduce-infer-v1,4,4,0,1039,29,0,0.000151625,67462.57299999999,0.0,0.0,0.4898908364545973,1.0
google/gemini-3.1-flash-lite,google/gemini-3.1-flash-lite-20260507,off,pattern.lisp-v1,pattern,text,4. lunatic,False,reduce-taught-v1,4,4,0,1115,29,0,0.000161125,68381.737,0.0,0.0,0.4898908364545973,1.0
google/gemini-3.1-flash-lite,google/gemini-3.1-flash-lite-20260507,off,pattern.lisp-v1,pattern,text,4. lunatic,True,reduce-infer-v1,4,4,4,1042,24,0,0.000148250,67627.69699999999,1.0,0.5101091635454027,1.0,1.0
google/gemini-3.1-flash-lite,google/gemini-3.1-flash-lite-20260507,off,pattern.lisp-v1,pattern,text,4. lunatic,True,reduce-taught-v1,4,4,4,1118,24,0,0.00015775,68177.092,1.0,0.5101091635454027,1.0,1.0
google/gemini-3.1-flash-lite,google/gemini-3.1-flash-lite-20260507,off,pattern.lisp-v1,pattern,text,5. extra,False,reduce-infer-v1,4,4,0,1068,24,0,0.000151500,71771.967,0.0,0.0,0.4898908364545973,1.0
google/gemini-3.1-flash-lite,google/gemini-3.1-flash-lite-20260507,off,pattern.lisp-v1,pattern,text,5. extra,False,reduce-taught-v1,4,4,0,1144,24,0,0.000161000,68497.01299999999,0.0,0.0,0.4898908364545973,1.0
google/gemini-3.1-flash-lite,google/gemini-3.1-flash-lite-20260507,off,pattern.lisp-v1,pattern,text,5. extra,True,reduce-infer-v1,4,4,4,1073,24,0,0.000152125,67205.209,1.0,0.5101091635454027,1.0,1.0
google/gemini-3.1-flash-lite,google/gemini-3.1-flash-lite-20260507,off,pattern.lisp-v1,pattern,text,5. extra,True,reduce-taught-v1,4,4,4,1149,24,0,0.000161625,68303.741,1.0,0.5101091635454027,1.0,1.0
google/gemini-3.1-flash-lite,google/gemini-3.1-flash-lite-20260507,off,pattern.plain-v1,pattern,text,1. easy,False,reduce-infer-v1,4,4,2,800,31,0,0.000123250,63828.661,0.5,0.15003898915214947,0.8499610108478506,1.0
google/gemini-3.1-flash-lite,google/gemini-3.1-flash-lite-20260507,off,pattern.plain-v1,pattern,text,1. easy,False,reduce-taught-v1,4,4,2,876,31,0,0.000132750,63337.064,0.5,0.15003898915214947,0.8499610108478506,1.0
google/gemini-3.1-flash-lite,google/gemini-3.1-flash-lite-20260507,off,pattern.plain-v1,pattern,text,1. easy,True,reduce-infer-v1,4,4,4,798,24,0,0.000117750,70108.003,1.0,0.5101091635454027,1.0,1.0
google/gemini-3.1-flash-lite,google/gemini-3.1-flash-lite-20260507,off,pattern.plain-v1,pattern,text,1. easy,True,reduce-taught-v1,4,4,4,874,34,0,0.000134750,62946.868,1.0,0.5101091635454027,1.0,1.0
google/gemini-3.1-flash-lite,google/gemini-3.1-flash-lite-20260507,off,pattern.plain-v1,pattern,text,2. medium,False,reduce-infer-v1,4,4,0,885,24,0,0.000128625,64887.827000000005,0.0,0.0,0.4898908364545973,1.0
google/gemini-3.1-flash-lite,google/gemini-3.1-flash-lite-20260507,off,pattern.plain-v1,pattern,text,2. medium,False,reduce-taught-v1,4,4,0,961,24,0,0.000138125,66980.307,0.0,0.0,0.4898908364545973,1.0
google/gemini-3.1-flash-lite,google/gemini-3.1-flash-lite-20260507,off,pattern.plain-v1,pattern,text,2. medium,True,reduce-infer-v1,4,4,4,873,29,0,0.000130875,64254.843,1.0,0.5101091635454027,1.0,1.0
google/gemini-3.1-flash-lite,google/gemini-3.1-flash-lite-20260507,off,pattern.plain-v1,pattern,text,2. medium,True,reduce-taught-v1,4,4,4,949,24,0,0.000136625,63839.80699999999,1.0,0.5101091635454027,1.0,1.0
google/gemini-3.1-flash-lite,google/gemini-3.1-flash-lite-20260507,off,pattern.plain-v1,pattern,text,3. hard,False,reduce-infer-v1,4,4,0,985,24,0,0.000141125,70060.075,0.0,0.0,0.4898908364545973,1.0
google/gemini-3.1-flash-lite,google/gemini-3.1-flash-lite-20260507,off,pattern.plain-v1,pattern,text,3. hard,False,reduce-taught-v1,4,4,0,1061,29,0,0.000154375,67343.71599999999,0.0,0.0,0.4898908364545973,1.0
google/gemini-3.1-flash-lite,google/gemini-3.1-flash-lite-20260507,off,pattern.plain-v1,pattern,text,3. hard,True,reduce-infer-v1,4,4,4,990,34,0,0.000149250,66915.613,1.0,0.5101091635454027,1.0,1.0
google/gemini-3.1-flash-lite,google/gemini-3.1-flash-lite-20260507,off,pattern.plain-v1,pattern,text,3. hard,True,reduce-taught-v1,4,4,4,1066,24,0,0.000151250,69036.944,1.0,0.5101091635454027,1.0,1.0
google/gemini-3.1-flash-lite,google/gemini-3.1-flash-lite-20260507,off,pattern.plain-v1,pattern,text,4. lunatic,False,reduce-infer-v1,4,4,0,1039,24,0,0.000147875,69466.644,0.0,0.0,0.4898908364545973,1.0
google/gemini-3.1-flash-lite,google/gemini-3.1-flash-lite-20260507,off,pattern.plain-v1,pattern,text,4. lunatic,False,reduce-taught-v1,4,4,0,1115,24,0,0.000157375,67899.367,0.0,0.0,0.4898908364545973,1.0
google/gemini-3.1-flash-lite,google/gemini-3.1-flash-lite-20260507,off,pattern.plain-v1,pattern,text,4. lunatic,True,reduce-infer-v1,4,4,4,1042,29,0,0.000152000,66481.185,1.0,0.5101091635454027,1.0,1.0
google/gemini-3.1-flash-lite,google/gemini-3.1-flash-lite-20260507,off,pattern.plain-v1,pattern,text,4. lunatic,True,reduce-taught-v1,4,4,4,1118,29,0,0.00016150,67472.22,1.0,0.5101091635454027,1.0,1.0
google/gemini-3.1-flash-lite,google/gemini-3.1-flash-lite-20260507,off,pattern.plain-v1,pattern,text,5. extra,False,reduce-infer-v1,4,4,0,1068,24,0,0.000151500,68896.795,0.0,0.0,0.4898908364545973,1.0
google/gemini-3.1-flash-lite,google/gemini-3.1-flash-lite-20260507,off,pattern.plain-v1,pattern,text,5. extra,False,reduce-taught-v1,4,4,0,1144,24,0,0.000161000,69568.11399999999,0.0,0.0,0.4898908364545973,1.0
google/gemini-3.1-flash-lite,google/gemini-3.1-flash-lite-20260507,off,pattern.plain-v1,pattern,text,5. extra,True,reduce-infer-v1,4,4,4,1073,24,0,0.000152125,68050.932,1.0,0.5101091635454027,1.0,1.0
google/gemini-3.1-flash-lite,google/gemini-3.1-flash-lite-20260507,off,pattern.plain-v1,pattern,text,5. extra,True,reduce-taught-v1,4,4,3,1149,25,0,0.000162375,69410.597,0.75,0.30064184258240184,0.9544127391902995,1.0
google/gemini-3.1-flash-lite,google/gemini-3.1-flash-lite-20260507,off,pattern.python-v1,pattern,text,1. easy,False,reduce-infer-v1,4,4,1,800,25,0,0.000118750,63421.428,0.25,0.04558726080970055,0.6993581574175981,1.0
google/gemini-3.1-flash-lite,google/gemini-3.1-flash-lite-20260507,off,pattern.python-v1,pattern,text,1. easy,False,reduce-taught-v1,4,4,0,876,24,0,0.000127500,63125.251000000004,0.0,0.0,0.4898908364545973,1.0
google/gemini-3.1-flash-lite,google/gemini-3.1-flash-lite-20260507,off,pattern.python-v1,pattern,text,1. easy,True,reduce-infer-v1,4,4,4,798,24,0,0.000117750,63348.562,1.0,0.5101091635454027,1.0,1.0
google/gemini-3.1-flash-lite,google/gemini-3.1-flash-lite-20260507,off,pattern.python-v1,pattern,text,1. easy,True,reduce-taught-v1,4,4,4,874,24,0,0.000127250,63182.889,1.0,0.5101091635454027,1.0,1.0
google/gemini-3.1-flash-lite,google/gemini-3.1-flash-lite-20260507,off,pattern.python-v1,pattern,text,2. medium,False,reduce-infer-v1,4,4,0,885,29,0,0.000132375,64605.875,0.0,0.0,0.4898908364545973,1.0
google/gemini-3.1-flash-lite,google/gemini-3.1-flash-lite-20260507,off,pattern.python-v1,pattern,text,2. medium,False,reduce-taught-v1,4,4,0,961,24,0,0.000138125,64168.222,0.0,0.0,0.4898908364545973,1.0
google/gemini-3.1-flash-lite,google/gemini-3.1-flash-lite-20260507,off,pattern.python-v1,pattern,text,2. medium,True,reduce-infer-v1,4,4,4,873,29,0,0.000130875,77713.928,1.0,0.5101091635454027,1.0,1.0
google/gemini-3.1-flash-lite,google/gemini-3.1-flash-lite-20260507,off,pattern.python-v1,pattern,text,2. medium,True,reduce-taught-v1,4,4,4,949,34,0,0.000144125,65089.19900000001,1.0,0.5101091635454027,1.0,1.0
google/gemini-3.1-flash-lite,google/gemini-3.1-flash-lite-20260507,off,pattern.python-v1,pattern,text,3. hard,False,reduce-infer-v1,4,4,0,985,24,0,0.000141125,66692.12199999999,0.0,0.0,0.4898908364545973,1.0
google/gemini-3.1-flash-lite,google/gemini-3.1-flash-lite-20260507,off,pattern.python-v1,pattern,text,3. hard,False,reduce-taught-v1,4,4,0,1061,24,0,0.000150625,65445.257000000005,0.0,0.0,0.4898908364545973,1.0
google/gemini-3.1-flash-lite,google/gemini-3.1-flash-lite-20260507,off,pattern.python-v1,pattern,text,3. hard,True,reduce-infer-v1,4,4,4,990,24,0,0.000141750,68275.971,1.0,0.5101091635454027,1.0,1.0
google/gemini-3.1-flash-lite,google/gemini-3.1-flash-lite-20260507,off,pattern.python-v1,pattern,text,3. hard,True,reduce-taught-v1,4,4,4,1066,24,0,0.000151250,65851.794,1.0,0.5101091635454027,1.0,1.0
google/gemini-3.1-flash-lite,google/gemini-3.1-flash-lite-20260507,off,pattern.python-v1,pattern,text,4. lunatic,False,reduce-infer-v1,4,4,0,1039,24,0,0.000147875,67580.117,0.0,0.0,0.4898908364545973,1.0
google/gemini-3.1-flash-lite,google/gemini-3.1-flash-lite-20260507,off,pattern.python-v1,pattern,text,4. lunatic,False,reduce-taught-v1,4,4,0,1115,29,0,0.000161125,68658.906,0.0,0.0,0.4898908364545973,1.0
google/gemini-3.1-flash-lite,google/gemini-3.1-flash-lite-20260507,off,pattern.python-v1,pattern,text,4. lunatic,True,reduce-infer-v1,4,4,4,1042,24,0,0.000148250,67637.261,1.0,0.5101091635454027,1.0,1.0
google/gemini-3.1-flash-lite,google/gemini-3.1-flash-lite-20260507,off,pattern.python-v1,pattern,text,4. lunatic,True,reduce-taught-v1,4,4,3,1118,25,0,0.0001585,67745.24,0.75,0.30064184258240184,0.9544127391902995,1.0
google/gemini-3.1-flash-lite,google/gemini-3.1-flash-lite-20260507,off,pattern.python-v1,pattern,text,5. extra,False,reduce-infer-v1,4,4,0,1068,24,0,0.000151500,70274.252,0.0,0.0,0.4898908364545973,1.0
google/gemini-3.1-flash-lite,google/gemini-3.1-flash-lite-20260507,off,pattern.python-v1,pattern,text,5. extra,False,reduce-taught-v1,4,4,0,1144,24,0,0.000161000,68454.678,0.0,0.0,0.4898908364545973,1.0
google/gemini-3.1-flash-lite,google/gemini-3.1-flash-lite-20260507,off,pattern.python-v1,pattern,text,5. extra,True,reduce-infer-v1,4,4,4,1073,24,0,0.000152125,66598.866,1.0,0.5101091635454027,1.0,1.0
google/gemini-3.1-flash-lite,google/gemini-3.1-flash-lite-20260507,off,pattern.python-v1,pattern,text,5. extra,True,reduce-taught-v1,4,4,3,1149,25,0,0.000162375,69434.94699999999,0.75,0.30064184258240184,0.9544127391902995,1.0
google/gemini-3.1-flash-lite,google/gemini-3.1-flash-lite-20260507,off,pattern.rust-v1,pattern,text,1. easy,False,reduce-infer-v1,4,4,0,862,29,0,0.000129500,63948.577999999994,0.0,0.0,0.4898908364545973,1.0
google/gemini-3.1-flash-lite,google/gemini-3.1-flash-lite-20260507,off,pattern.rust-v1,pattern,text,1. easy,False,reduce-taught-v1,4,4,0,938,24,0,0.000135250,64198.677,0.0,0.0,0.4898908364545973,1.0
google/gemini-3.1-flash-lite,google/gemini-3.1-flash-lite-20260507,off,pattern.rust-v1,pattern,text,1. easy,True,reduce-infer-v1,4,4,4,860,29,0,0.000129250,63843.745,1.0,0.5101091635454027,1.0,1.0
google/gemini-3.1-flash-lite,google/gemini-3.1-flash-lite-20260507,off,pattern.rust-v1,pattern,text,1. easy,True,reduce-taught-v1,4,4,4,936,24,0,0.000135000,64709.019,1.0,0.5101091635454027,1.0,1.0
google/gemini-3.1-flash-lite,google/gemini-3.1-flash-lite-20260507,off,pattern.rust-v1,pattern,text,2. medium,False,reduce-infer-v1,4,4,0,1015,24,0,0.000144875,74197.958,0.0,0.0,0.4898908364545973,1.0
google/gemini-3.1-flash-lite,google/gemini-3.1-flash-lite-20260507,off,pattern.rust-v1,pattern,text,2. medium,False,reduce-taught-v1,4,4,0,1091,24,0,0.000154375,65052.455,0.0,0.0,0.4898908364545973,1.0
google/gemini-3.1-flash-lite,google/gemini-3.1-flash-lite-20260507,off,pattern.rust-v1,pattern,text,2. medium,True,reduce-infer-v1,4,4,4,993,29,0,0.000145875,64423.028,1.0,0.5101091635454027,1.0,1.0
google/gemini-3.1-flash-lite,google/gemini-3.1-flash-lite-20260507,off,pattern.rust-v1,pattern,text,2. medium,True,reduce-taught-v1,4,4,4,1069,29,0,0.000155375,64787.636000000006,1.0,0.5101091635454027,1.0,1.0
google/gemini-3.1-flash-lite,google/gemini-3.1-flash-lite-20260507,off,pattern.rust-v1,pattern,text,3. hard,False,reduce-infer-v1,4,4,0,1185,24,0,0.000166125,66285.42,0.0,0.0,0.4898908364545973,1.0
google/gemini-3.1-flash-lite,google/gemini-3.1-flash-lite-20260507,off,pattern.rust-v1,pattern,text,3. hard,False,reduce-taught-v1,4,4,0,1261,34,0,0.000183125,67432.498,0.0,0.0,0.4898908364545973,1.0
google/gemini-3.1-flash-lite,google/gemini-3.1-flash-lite-20260507,off,pattern.rust-v1,pattern,text,3. hard,True,reduce-infer-v1,4,4,4,1190,24,0,0.000166750,69343.39300000001,1.0,0.5101091635454027,1.0,1.0
google/gemini-3.1-flash-lite,google/gemini-3.1-flash-lite-20260507,off,pattern.rust-v1,pattern,text,3. hard,True,reduce-taught-v1,4,4,4,1266,24,0,0.000176250,69733.954,1.0,0.5101091635454027,1.0,1.0
google/gemini-3.1-flash-lite,google/gemini-3.1-flash-lite-20260507,off,pattern.rust-v1,pattern,text,4. lunatic,False,reduce-infer-v1,4,4,0,1279,24,0,0.000177875,69101.829,0.0,0.0,0.4898908364545973,1.0
google/gemini-3.1-flash-lite,google/gemini-3.1-flash-lite-20260507,off,pattern.rust-v1,pattern,text,4. lunatic,False,reduce-taught-v1,4,4,0,1355,24,0,0.000187375,68113.314,0.0,0.0,0.4898908364545973,1.0
google/gemini-3.1-flash-lite,google/gemini-3.1-flash-lite-20260507,off,pattern.rust-v1,pattern,text,4. lunatic,True,reduce-infer-v1,4,4,4,1282,24,0,0.000178250,66599.15199999999,1.0,0.5101091635454027,1.0,1.0
google/gemini-3.1-flash-lite,google/gemini-3.1-flash-lite-20260507,off,pattern.rust-v1,pattern,text,4. lunatic,True,reduce-taught-v1,4,4,4,1358,24,0,0.00018775,66837.495,1.0,0.5101091635454027,1.0,1.0
google/gemini-3.1-flash-lite,google/gemini-3.1-flash-lite-20260507,off,pattern.rust-v1,pattern,text,5. extra,False,reduce-infer-v1,4,4,0,1348,24,0,0.000186500,68881.556,0.0,0.0,0.4898908364545973,1.0
google/gemini-3.1-flash-lite,google/gemini-3.1-flash-lite-20260507,off,pattern.rust-v1,pattern,text,5. extra,False,reduce-taught-v1,4,4,0,1424,24,0,0.000196000,69026.123,0.0,0.0,0.4898908364545973,1.0
google/gemini-3.1-flash-lite,google/gemini-3.1-flash-lite-20260507,off,pattern.rust-v1,pattern,text,5. extra,True,reduce-infer-v1,4,4,4,1353,24,0,0.000187125,71935.819,1.0,0.5101091635454027,1.0,1.0
google/gemini-3.1-flash-lite,google/gemini-3.1-flash-lite-20260507,off,pattern.rust-v1,pattern,text,5. extra,True,reduce-taught-v1,4,4,4,1429,24,0,0.000196625,71902.02100000001,1.0,0.5101091635454027,1.0,1.0
google/gemini-3.1-flash-lite,google/gemini-3.1-flash-lite-20260507,off,pattern.scheme-v1,pattern,text,1. easy,False,reduce-infer-v1,4,4,1,800,25,0,0.000118750,63608.662,0.25,0.04558726080970055,0.6993581574175981,1.0
google/gemini-3.1-flash-lite,google/gemini-3.1-flash-lite-20260507,off,pattern.scheme-v1,pattern,text,1. easy,False,reduce-taught-v1,4,4,2,876,36,0,0.000136500,63777.043,0.5,0.15003898915214947,0.8499610108478506,1.0
google/gemini-3.1-flash-lite,google/gemini-3.1-flash-lite-20260507,off,pattern.scheme-v1,pattern,text,1. easy,True,reduce-infer-v1,4,4,3,798,35,0,0.000126000,63823.725000000006,0.75,0.30064184258240184,0.9544127391902995,1.0
google/gemini-3.1-flash-lite,google/gemini-3.1-flash-lite-20260507,off,pattern.scheme-v1,pattern,text,1. easy,True,reduce-taught-v1,4,4,3,874,25,0,0.000128000,65330.27799999999,0.75,0.30064184258240184,0.9544127391902995,1.0
google/gemini-3.1-flash-lite,google/gemini-3.1-flash-lite-20260507,off,pattern.scheme-v1,pattern,text,2. medium,False,reduce-infer-v1,4,4,0,885,24,0,0.000128625,65419.31100000001,0.0,0.0,0.4898908364545973,1.0
google/gemini-3.1-flash-lite,google/gemini-3.1-flash-lite-20260507,off,pattern.scheme-v1,pattern,text,2. medium,False,reduce-taught-v1,4,4,0,961,29,0,0.000141875,64322.66300000001,0.0,0.0,0.4898908364545973,1.0
google/gemini-3.1-flash-lite,google/gemini-3.1-flash-lite-20260507,off,pattern.scheme-v1,pattern,text,2. medium,True,reduce-infer-v1,4,4,4,873,24,0,0.000127125,64881.338,1.0,0.5101091635454027,1.0,1.0
google/gemini-3.1-flash-lite,google/gemini-3.1-flash-lite-20260507,off,pattern.scheme-v1,pattern,text,2. medium,True,reduce-taught-v1,4,4,4,949,24,0,0.000136625,64845.246,1.0,0.5101091635454027,1.0,1.0
google/gemini-3.1-flash-lite,google/gemini-3.1-flash-lite-20260507,off,pattern.scheme-v1,pattern,text,3. hard,False,reduce-infer-v1,4,4,0,985,24,0,0.000141125,68487.385,0.0,0.0,0.4898908364545973,1.0
google/gemini-3.1-flash-lite,google/gemini-3.1-flash-lite-20260507,off,pattern.scheme-v1,pattern,text,3. hard,False,reduce-taught-v1,4,4,0,1061,29,0,0.000154375,68369.729,0.0,0.0,0.4898908364545973,1.0
google/gemini-3.1-flash-lite,google/gemini-3.1-flash-lite-20260507,off,pattern.scheme-v1,pattern,text,3. hard,True,reduce-infer-v1,4,4,4,990,24,0,0.000141750,70787.956,1.0,0.5101091635454027,1.0,1.0
google/gemini-3.1-flash-lite,google/gemini-3.1-flash-lite-20260507,off,pattern.scheme-v1,pattern,text,3. hard,True,reduce-taught-v1,4,4,4,1066,29,0,0.000155000,69478.458,1.0,0.5101091635454027,1.0,1.0
google/gemini-3.1-flash-lite,google/gemini-3.1-flash-lite-20260507,off,pattern.scheme-v1,pattern,text,4. lunatic,False,reduce-infer-v1,4,4,0,1039,24,0,0.000147875,67119.47899999999,0.0,0.0,0.4898908364545973,1.0
google/gemini-3.1-flash-lite,google/gemini-3.1-flash-lite-20260507,off,pattern.scheme-v1,pattern,text,4. lunatic,False,reduce-taught-v1,4,4,0,1115,24,0,0.000157375,66142.625,0.0,0.0,0.4898908364545973,1.0
google/gemini-3.1-flash-lite,google/gemini-3.1-flash-lite-20260507,off,pattern.scheme-v1,pattern,text,4. lunatic,True,reduce-infer-v1,4,4,3,1042,25,0,0.000149000,85676.198,0.75,0.30064184258240184,0.9544127391902995,1.0
google/gemini-3.1-flash-lite,google/gemini-3.1-flash-lite-20260507,off,pattern.scheme-v1,pattern,text,4. lunatic,True,reduce-taught-v1,4,4,4,1118,29,0,0.0001615,68261.789,1.0,0.5101091635454027,1.0,1.0
google/gemini-3.1-flash-lite,google/gemini-3.1-flash-lite-20260507,off,pattern.scheme-v1,pattern,text,5. extra,False,reduce-infer-v1,4,4,0,1068,24,0,0.000151500,68592.84,0.0,0.0,0.4898908364545973,1.0
google/gemini-3.1-flash-lite,google/gemini-3.1-flash-lite-20260507,off,pattern.scheme-v1,pattern,text,5. extra,False,reduce-taught-v1,4,4,0,1144,24,0,0.000161000,67257.122,0.0,0.0,0.4898908364545973,1.0
google/gemini-3.1-flash-lite,google/gemini-3.1-flash-lite-20260507,off,pattern.scheme-v1,pattern,text,5. extra,True,reduce-infer-v1,4,4,4,1073,24,0,0.000152125,69061.242,1.0,0.5101091635454027,1.0,1.0
google/gemini-3.1-flash-lite,google/gemini-3.1-flash-lite-20260507,off,pattern.scheme-v1,pattern,text,5. extra,True,reduce-taught-v1,4,4,4,1149,24,0,0.000161625,68870.175,1.0,0.5101091635454027,1.0,1.0
google/gemini-3.1-flash-lite,google/gemini-3.1-flash-lite-20260507,off,prose.containment-jitter-v1,prose,text,1. easy,False,reduce-infer-v1,4,4,1,838,30,0,0.000127250,63627.818,0.25,0.04558726080970055,0.6993581574175981,1.0
google/gemini-3.1-flash-lite,google/gemini-3.1-flash-lite-20260507,off,prose.containment-jitter-v1,prose,text,1. easy,False,reduce-taught-v1,4,4,1,910,35,0,0.000140000,64209.166000000005,0.25,0.04558726080970055,0.6993581574175981,1.0
google/gemini-3.1-flash-lite,google/gemini-3.1-flash-lite-20260507,off,prose.containment-jitter-v1,prose,text,1. easy,True,reduce-infer-v1,4,4,3,823,25,0,0.000121625,63630.577999999994,0.75,0.30064184258240184,0.9544127391902995,1.0
google/gemini-3.1-flash-lite,google/gemini-3.1-flash-lite-20260507,off,prose.containment-jitter-v1,prose,text,1. easy,True,reduce-taught-v1,4,4,2,895,31,0,0.000135125,64193.702000000005,0.5,0.15003898915214947,0.8499610108478506,1.0
google/gemini-3.1-flash-lite,google/gemini-3.1-flash-lite-20260507,off,prose.containment-jitter-v1,prose,text,2. medium,False,reduce-infer-v1,4,4,4,928,33,0,0.000140750,66600.55799999999,1.0,0.5101091635454027,1.0,1.0
google/gemini-3.1-flash-lite,google/gemini-3.1-flash-lite-20260507,off,prose.containment-jitter-v1,prose,text,2. medium,False,reduce-taught-v1,4,4,3,1000,27,0,0.000145250,64790.098,0.75,0.30064184258240184,0.9544127391902995,1.0
google/gemini-3.1-flash-lite,google/gemini-3.1-flash-lite-20260507,off,prose.containment-jitter-v1,prose,text,2. medium,True,reduce-infer-v1,4,4,3,912,30,0,0.000136500,64049.022999999994,0.75,0.30064184258240184,0.9544127391902995,1.0
google/gemini-3.1-flash-lite,google/gemini-3.1-flash-lite-20260507,off,prose.containment-jitter-v1,prose,text,2. medium,True,reduce-taught-v1,4,4,3,984,30,0,0.000145500,66289.219,0.75,0.30064184258240184,0.9544127391902995,1.0
google/gemini-3.1-flash-lite,google/gemini-3.1-flash-lite-20260507,off,prose.containment-jitter-v1,prose,text,3. hard,False,reduce-infer-v1,4,4,2,963,31,0,0.000143625,70503.605,0.5,0.15003898915214947,0.8499610108478506,1.0
google/gemini-3.1-flash-lite,google/gemini-3.1-flash-lite-20260507,off,prose.containment-jitter-v1,prose,text,3. hard,False,reduce-taught-v1,4,4,1,1035,25,0,0.000148125,68769.183,0.25,0.04558726080970055,0.6993581574175981,1.0
google/gemini-3.1-flash-lite,google/gemini-3.1-flash-lite-20260507,off,prose.containment-jitter-v1,prose,text,3. hard,True,reduce-infer-v1,4,4,4,907,24,0,0.000131375,69522.82,1.0,0.5101091635454027,1.0,1.0
google/gemini-3.1-flash-lite,google/gemini-3.1-flash-lite-20260507,off,prose.containment-jitter-v1,prose,text,3. hard,True,reduce-taught-v1,4,4,4,979,24,0,0.000140375,71207.444,1.0,0.5101091635454027,1.0,1.0
google/gemini-3.1-flash-lite,google/gemini-3.1-flash-lite-20260507,off,prose.containment-jitter-v1,prose,text,4. lunatic,False,reduce-infer-v1,4,4,2,972,31,0,0.000144750,69721.26800000001,0.5,0.15003898915214947,0.8499610108478506,1.0
google/gemini-3.1-flash-lite,google/gemini-3.1-flash-lite-20260507,off,prose.containment-jitter-v1,prose,text,4. lunatic,False,reduce-taught-v1,4,4,0,1044,29,0,0.000152250,67241.62400000001,0.0,0.0,0.4898908364545973,1.0
google/gemini-3.1-flash-lite,google/gemini-3.1-flash-lite-20260507,off,prose.containment-jitter-v1,prose,text,4. lunatic,True,reduce-infer-v1,4,4,4,958,24,0,0.00013775,69134.35800000001,1.0,0.5101091635454027,1.0,1.0
google/gemini-3.1-flash-lite,google/gemini-3.1-flash-lite-20260507,off,prose.containment-jitter-v1,prose,text,4. lunatic,True,reduce-taught-v1,4,4,4,1030,24,0,0.00014675,73303.50200000001,1.0,0.5101091635454027,1.0,1.0
google/gemini-3.1-flash-lite,google/gemini-3.1-flash-lite-20260507,off,prose.containment-jitter-v1,prose,text,5. extra,False,reduce-infer-v1,4,4,1,1202,25,0,0.000169000,68026.387,0.25,0.04558726080970055,0.6993581574175981,1.0
google/gemini-3.1-flash-lite,google/gemini-3.1-flash-lite-20260507,off,prose.containment-jitter-v1,prose,text,5. extra,False,reduce-taught-v1,4,4,1,1274,25,0,0.000178000,72279.077,0.25,0.04558726080970055,0.6993581574175981,1.0
google/gemini-3.1-flash-lite,google/gemini-3.1-flash-lite-20260507,off,prose.containment-jitter-v1,prose,text,5. extra,True,reduce-infer-v1,4,4,1,1184,37,0,0.000175750,70725.78,0.25,0.04558726080970055,0.6993581574175981,1.0
google/gemini-3.1-flash-lite,google/gemini-3.1-flash-lite-20260507,off,prose.containment-jitter-v1,prose,text,5. extra,True,reduce-taught-v1,4,4,2,1256,31,0,0.000180250,69361.563,0.5,0.15003898915214947,0.8499610108478506,1.0
google/gemini-3.1-flash-lite,google/gemini-3.1-flash-lite-20260507,off,prose.containment-plain-v1,prose,text,1. easy,False,reduce-infer-v1,4,4,1,838,25,0,0.000123500,63887.509000000005,0.25,0.04558726080970055,0.6993581574175981,1.0
google/gemini-3.1-flash-lite,google/gemini-3.1-flash-lite-20260507,off,prose.containment-plain-v1,prose,text,1. easy,False,reduce-taught-v1,4,4,1,910,30,0,0.000136250,64713.56700000001,0.25,0.04558726080970055,0.6993581574175981,1.0
google/gemini-3.1-flash-lite,google/gemini-3.1-flash-lite-20260507,off,prose.containment-plain-v1,prose,text,1. easy,True,reduce-infer-v1,4,4,4,823,24,0,0.000120875,63740.761,1.0,0.5101091635454027,1.0,1.0
google/gemini-3.1-flash-lite,google/gemini-3.1-flash-lite-20260507,off,prose.containment-plain-v1,prose,text,1. easy,True,reduce-taught-v1,4,4,3,895,25,0,0.000130625,63733.962,0.75,0.30064184258240184,0.9544127391902995,1.0
google/gemini-3.1-flash-lite,google/gemini-3.1-flash-lite-20260507,off,prose.containment-plain-v1,prose,text,2. medium,False,reduce-infer-v1,4,4,2,928,41,0,0.000146750,65052.312999999995,0.5,0.15003898915214947,0.8499610108478506,1.0
google/gemini-3.1-flash-lite,google/gemini-3.1-flash-lite-20260507,off,prose.containment-plain-v1,prose,text,2. medium,False,reduce-taught-v1,4,4,3,1000,32,0,0.000149000,64566.255000000005,0.75,0.30064184258240184,0.9544127391902995,1.0
google/gemini-3.1-flash-lite,google/gemini-3.1-flash-lite-20260507,off,prose.containment-plain-v1,prose,text,2. medium,True,reduce-infer-v1,4,4,4,912,29,0,0.000135750,64779.37,1.0,0.5101091635454027,1.0,1.0
google/gemini-3.1-flash-lite,google/gemini-3.1-flash-lite-20260507,off,prose.containment-plain-v1,prose,text,2. medium,True,reduce-taught-v1,4,4,4,984,29,0,0.000144750,65800.564,1.0,0.5101091635454027,1.0,1.0
google/gemini-3.1-flash-lite,google/gemini-3.1-flash-lite-20260507,off,prose.containment-plain-v1,prose,text,3. hard,False,reduce-infer-v1,4,4,0,963,29,0,0.000142125,69235.049,0.0,0.0,0.4898908364545973,1.0
google/gemini-3.1-flash-lite,google/gemini-3.1-flash-lite-20260507,off,prose.containment-plain-v1,prose,text,3. hard,False,reduce-taught-v1,4,4,0,1035,29,0,0.000151125,69198.10200000001,0.0,0.0,0.4898908364545973,1.0
google/gemini-3.1-flash-lite,google/gemini-3.1-flash-lite-20260507,off,prose.containment-plain-v1,prose,text,3. hard,True,reduce-infer-v1,4,4,3,907,35,0,0.000139625,70929.738,0.75,0.30064184258240184,0.9544127391902995,1.0
google/gemini-3.1-flash-lite,google/gemini-3.1-flash-lite-20260507,off,prose.containment-plain-v1,prose,text,3. hard,True,reduce-taught-v1,4,4,3,979,30,0,0.000144875,67252.417,0.75,0.30064184258240184,0.9544127391902995,1.0
google/gemini-3.1-flash-lite,google/gemini-3.1-flash-lite-20260507,off,prose.containment-plain-v1,prose,text,4. lunatic,False,reduce-infer-v1,4,4,0,972,24,0,0.000139500,66448.20999999999,0.0,0.0,0.4898908364545973,1.0
google/gemini-3.1-flash-lite,google/gemini-3.1-flash-lite-20260507,off,prose.containment-plain-v1,prose,text,4. lunatic,False,reduce-taught-v1,4,4,0,1044,29,0,0.000152250,69848.446,0.0,0.0,0.4898908364545973,1.0
google/gemini-3.1-flash-lite,google/gemini-3.1-flash-lite-20260507,off,prose.containment-plain-v1,prose,text,4. lunatic,True,reduce-infer-v1,4,4,4,958,29,0,0.00014150,68401.77100000001,1.0,0.5101091635454027,1.0,1.0
google/gemini-3.1-flash-lite,google/gemini-3.1-flash-lite-20260507,off,prose.containment-plain-v1,prose,text,4. lunatic,True,reduce-taught-v1,4,4,4,1030,34,0,0.00015425,67695.444,1.0,0.5101091635454027,1.0,1.0
google/gemini-3.1-flash-lite,google/gemini-3.1-flash-lite-20260507,off,prose.containment-plain-v1,prose,text,5. extra,False,reduce-infer-v1,4,4,1,1202,30,0,0.000172750,68703.954,0.25,0.04558726080970055,0.6993581574175981,1.0
google/gemini-3.1-flash-lite,google/gemini-3.1-flash-lite-20260507,off,prose.containment-plain-v1,prose,text,5. extra,False,reduce-taught-v1,4,4,0,1274,24,0,0.000177250,68604.285,0.0,0.0,0.4898908364545973,1.0
google/gemini-3.1-flash-lite,google/gemini-3.1-flash-lite-20260507,off,prose.containment-plain-v1,prose,text,5. extra,True,reduce-infer-v1,4,4,4,1184,24,0,0.000166000,69301.938,1.0,0.5101091635454027,1.0,1.0
google/gemini-3.1-flash-lite,google/gemini-3.1-flash-lite-20260507,off,prose.containment-plain-v1,prose,text,5. extra,True,reduce-taught-v1,4,4,4,1256,29,0,0.000178750,67403.687,1.0,0.5101091635454027,1.0,1.0
google/gemini-3.1-flash-lite,google/gemini-3.1-flash-lite-20260507,off,rooms.plain-v1,rooms,image,1. easy,False,reduce-infer-v1,4,4,0,5056,24,0,0.0006500,65535.444,0.0,0.0,0.4898908364545973,1.0
google/gemini-3.1-flash-lite,google/gemini-3.1-flash-lite-20260507,off,rooms.plain-v1,rooms,image,1. easy,False,reduce-taught-v1,4,4,0,5128,24,0,0.00065900,66116.057,0.0,0.0,0.4898908364545973,1.0
google/gemini-3.1-flash-lite,google/gemini-3.1-flash-lite-20260507,off,rooms.plain-v1,rooms,image,1. easy,True,reduce-infer-v1,4,4,4,5056,24,0,0.0006500,69778.47200000001,1.0,0.5101091635454027,1.0,1.0
google/gemini-3.1-flash-lite,google/gemini-3.1-flash-lite-20260507,off,rooms.plain-v1,rooms,image,1. easy,True,reduce-taught-v1,4,4,4,5128,24,0,0.00065900,67210.465,1.0,0.5101091635454027,1.0,1.0
google/gemini-3.1-flash-lite,google/gemini-3.1-flash-lite-20260507,off,rooms.plain-v1,rooms,image,2. medium,False,reduce-infer-v1,4,4,0,5056,24,0,0.0006500,69308.571,0.0,0.0,0.4898908364545973,1.0
google/gemini-3.1-flash-lite,google/gemini-3.1-flash-lite-20260507,off,rooms.plain-v1,rooms,image,2. medium,False,reduce-taught-v1,4,4,0,5128,24,0,0.00065900,80142.796,0.0,0.0,0.4898908364545973,1.0
google/gemini-3.1-flash-lite,google/gemini-3.1-flash-lite-20260507,off,rooms.plain-v1,rooms,image,2. medium,True,reduce-infer-v1,4,4,4,5056,24,0,0.0006500,66962.17300000001,1.0,0.5101091635454027,1.0,1.0
google/gemini-3.1-flash-lite,google/gemini-3.1-flash-lite-20260507,off,rooms.plain-v1,rooms,image,2. medium,True,reduce-taught-v1,4,4,4,5128,24,0,0.00065900,65797.00600000001,1.0,0.5101091635454027,1.0,1.0
google/gemini-3.1-flash-lite,google/gemini-3.1-flash-lite-20260507,off,rooms.plain-v1,rooms,image,3. hard,False,reduce-infer-v1,4,4,0,5056,24,0,0.0006500,70177.73199999999,0.0,0.0,0.4898908364545973,1.0
google/gemini-3.1-flash-lite,google/gemini-3.1-flash-lite-20260507,off,rooms.plain-v1,rooms,image,3. hard,False,reduce-taught-v1,4,4,0,5128,24,0,0.00065900,71328.86300000001,0.0,0.0,0.4898908364545973,1.0
google/gemini-3.1-flash-lite,google/gemini-3.1-flash-lite-20260507,off,rooms.plain-v1,rooms,image,3. hard,True,reduce-infer-v1,4,4,4,5056,24,0,0.0006500,71496.638,1.0,0.5101091635454027,1.0,1.0
google/gemini-3.1-flash-lite,google/gemini-3.1-flash-lite-20260507,off,rooms.plain-v1,rooms,image,3. hard,True,reduce-taught-v1,4,4,4,5128,24,0,0.00065900,134190.37300000002,1.0,0.5101091635454027,1.0,1.0
google/gemini-3.1-flash-lite,google/gemini-3.1-flash-lite-20260507,off,rooms.plain-v1,rooms,image,4. lunatic,False,reduce-infer-v1,4,4,0,5056,24,0,0.0006500,73552.687,0.0,0.0,0.4898908364545973,1.0
google/gemini-3.1-flash-lite,google/gemini-3.1-flash-lite-20260507,off,rooms.plain-v1,rooms,image,4. lunatic,False,reduce-taught-v1,4,4,0,5128,24,0,0.00065900,70946.532,0.0,0.0,0.4898908364545973,1.0
google/gemini-3.1-flash-lite,google/gemini-3.1-flash-lite-20260507,off,rooms.plain-v1,rooms,image,4. lunatic,True,reduce-infer-v1,4,4,4,5056,24,0,0.0006500,69075.0,1.0,0.5101091635454027,1.0,1.0
google/gemini-3.1-flash-lite,google/gemini-3.1-flash-lite-20260507,off,rooms.plain-v1,rooms,image,4. lunatic,True,reduce-taught-v1,4,4,4,5128,24,0,0.00065900,78835.331,1.0,0.5101091635454027,1.0,1.0
google/gemini-3.1-flash-lite,google/gemini-3.1-flash-lite-20260507,off,rooms.plain-v1,rooms,image,5. extra,False,reduce-infer-v1,4,4,0,5056,24,0,0.0006500,72032.978,0.0,0.0,0.4898908364545973,1.0
google/gemini-3.1-flash-lite,google/gemini-3.1-flash-lite-20260507,off,rooms.plain-v1,rooms,image,5. extra,False,reduce-taught-v1,4,4,0,5128,24,0,0.00065900,69735.339,0.0,0.0,0.4898908364545973,1.0
google/gemini-3.1-flash-lite,google/gemini-3.1-flash-lite-20260507,off,rooms.plain-v1,rooms,image,5. extra,True,reduce-infer-v1,4,4,4,5056,24,0,0.0006500,74791.36899999999,1.0,0.5101091635454027,1.0,1.0
google/gemini-3.1-flash-lite,google/gemini-3.1-flash-lite-20260507,off,rooms.plain-v1,rooms,image,5. extra,True,reduce-taught-v1,4,4,4,5128,24,0,0.00065900,124611.60899999998,1.0,0.5101091635454027,1.0,1.0
google/gemini-3.1-flash-lite,google/gemini-3.1-flash-lite-20260507,off,trees.indent-jitter-v1,trees,text,1. easy,False,reduce-infer-v1,4,4,0,804,24,0,0.000118500,64318.943,0.0,0.0,0.4898908364545973,1.0
google/gemini-3.1-flash-lite,google/gemini-3.1-flash-lite-20260507,off,trees.indent-jitter-v1,trees,text,1. easy,False,reduce-taught-v1,4,4,0,872,24,0,0.00012700,63068.985,0.0,0.0,0.4898908364545973,1.0
google/gemini-3.1-flash-lite,google/gemini-3.1-flash-lite-20260507,off,trees.indent-jitter-v1,trees,text,1. easy,True,reduce-infer-v1,4,4,2,813,26,0,0.000121125,63772.068999999996,0.5,0.15003898915214947,0.8499610108478506,1.0
google/gemini-3.1-flash-lite,google/gemini-3.1-flash-lite-20260507,off,trees.indent-jitter-v1,trees,text,1. easy,True,reduce-taught-v1,4,4,4,881,24,0,0.000128125,63566.12000000001,1.0,0.5101091635454027,1.0,1.0
google/gemini-3.1-flash-lite,google/gemini-3.1-flash-lite-20260507,off,trees.indent-jitter-v1,trees,text,2. medium,False,reduce-infer-v1,4,4,0,942,29,0,0.000139500,67209.749,0.0,0.0,0.4898908364545973,1.0
google/gemini-3.1-flash-lite,google/gemini-3.1-flash-lite-20260507,off,trees.indent-jitter-v1,trees,text,2. medium,False,reduce-taught-v1,4,4,0,1010,34,0,0.000151750,65838.877,0.0,0.0,0.4898908364545973,1.0
google/gemini-3.1-flash-lite,google/gemini-3.1-flash-lite-20260507,off,trees.indent-jitter-v1,trees,text,2. medium,True,reduce-infer-v1,4,4,4,888,24,0,0.000129000,65163.853,1.0,0.5101091635454027,1.0,1.0
google/gemini-3.1-flash-lite,google/gemini-3.1-flash-lite-20260507,off,trees.indent-jitter-v1,trees,text,2. medium,True,reduce-taught-v1,4,4,4,956,29,0,0.000141250,63348.705,1.0,0.5101091635454027,1.0,1.0
google/gemini-3.1-flash-lite,google/gemini-3.1-flash-lite-20260507,off,trees.indent-jitter-v1,trees,text,3. hard,False,reduce-infer-v1,4,4,0,1055,29,0,0.000153625,67116.99,0.0,0.0,0.4898908364545973,1.0
google/gemini-3.1-flash-lite,google/gemini-3.1-flash-lite-20260507,off,trees.indent-jitter-v1,trees,text,3. hard,False,reduce-taught-v1,4,4,0,1123,24,0,0.000158375,66357.659,0.0,0.0,0.4898908364545973,1.0
google/gemini-3.1-flash-lite,google/gemini-3.1-flash-lite-20260507,off,trees.indent-jitter-v1,trees,text,3. hard,True,reduce-infer-v1,4,4,4,1057,29,0,0.000153875,68908.149,1.0,0.5101091635454027,1.0,1.0
google/gemini-3.1-flash-lite,google/gemini-3.1-flash-lite-20260507,off,trees.indent-jitter-v1,trees,text,3. hard,True,reduce-taught-v1,4,4,4,1125,34,0,0.000166125,74842.37299999999,1.0,0.5101091635454027,1.0,1.0
google/gemini-3.1-flash-lite,google/gemini-3.1-flash-lite-20260507,off,trees.indent-jitter-v1,trees,text,4. lunatic,False,reduce-infer-v1,4,4,1,1173,35,0,0.000172875,67772.08200000001,0.25,0.04558726080970055,0.6993581574175981,1.0
google/gemini-3.1-flash-lite,google/gemini-3.1-flash-lite-20260507,off,trees.indent-jitter-v1,trees,text,4. lunatic,False,reduce-taught-v1,4,4,0,1241,24,0,0.000173125,65913.648,0.0,0.0,0.4898908364545973,1.0
google/gemini-3.1-flash-lite,google/gemini-3.1-flash-lite-20260507,off,trees.indent-jitter-v1,trees,text,4. lunatic,True,reduce-infer-v1,4,4,4,1202,24,0,0.00016825,66207.92,1.0,0.5101091635454027,1.0,1.0
google/gemini-3.1-flash-lite,google/gemini-3.1-flash-lite-20260507,off,trees.indent-jitter-v1,trees,text,4. lunatic,True,reduce-taught-v1,4,4,4,1270,29,0,0.000180500,67205.701,1.0,0.5101091635454027,1.0,1.0
google/gemini-3.1-flash-lite,google/gemini-3.1-flash-lite-20260507,off,trees.indent-jitter-v1,trees,text,5. extra,False,reduce-infer-v1,4,4,0,1172,29,0,0.00016825,66998.98999999999,0.0,0.0,0.4898908364545973,1.0
google/gemini-3.1-flash-lite,google/gemini-3.1-flash-lite-20260507,off,trees.indent-jitter-v1,trees,text,5. extra,False,reduce-taught-v1,4,4,0,1240,34,0,0.000180500,66994.48000000001,0.0,0.0,0.4898908364545973,1.0
google/gemini-3.1-flash-lite,google/gemini-3.1-flash-lite-20260507,off,trees.indent-jitter-v1,trees,text,5. extra,True,reduce-infer-v1,4,4,4,1204,29,0,0.000172250,72944.519,1.0,0.5101091635454027,1.0,1.0
google/gemini-3.1-flash-lite,google/gemini-3.1-flash-lite-20260507,off,trees.indent-jitter-v1,trees,text,5. extra,True,reduce-taught-v1,4,4,4,1272,29,0,0.000180750,66175.01199999999,1.0,0.5101091635454027,1.0,1.0
google/gemini-3.1-flash-lite,google/gemini-3.1-flash-lite-20260507,off,trees.indent-plain-v1,trees,text,1. easy,False,reduce-infer-v1,4,4,0,801,34,0,0.000125625,63860.864,0.0,0.0,0.4898908364545973,1.0
google/gemini-3.1-flash-lite,google/gemini-3.1-flash-lite-20260507,off,trees.indent-plain-v1,trees,text,1. easy,False,reduce-taught-v1,4,4,1,869,30,0,0.000131125,64077.58,0.25,0.04558726080970055,0.6993581574175981,1.0
google/gemini-3.1-flash-lite,google/gemini-3.1-flash-lite-20260507,off,trees.indent-plain-v1,trees,text,1. easy,True,reduce-infer-v1,4,4,4,802,34,0,0.000125750,62814.059,1.0,0.5101091635454027,1.0,1.0
google/gemini-3.1-flash-lite,google/gemini-3.1-flash-lite-20260507,off,trees.indent-plain-v1,trees,text,1. easy,True,reduce-taught-v1,4,4,3,870,35,0,0.000135000,63785.32,0.75,0.30064184258240184,0.9544127391902995,1.0
google/gemini-3.1-flash-lite,google/gemini-3.1-flash-lite-20260507,off,trees.indent-plain-v1,trees,text,2. medium,False,reduce-infer-v1,4,4,1,906,30,0,0.000135750,66002.645,0.25,0.04558726080970055,0.6993581574175981,1.0
google/gemini-3.1-flash-lite,google/gemini-3.1-flash-lite-20260507,off,trees.indent-plain-v1,trees,text,2. medium,False,reduce-taught-v1,4,4,1,974,35,0,0.000148000,65483.73300000001,0.25,0.04558726080970055,0.6993581574175981,1.0
google/gemini-3.1-flash-lite,google/gemini-3.1-flash-lite-20260507,off,trees.indent-plain-v1,trees,text,2. medium,True,reduce-infer-v1,4,4,4,887,34,0,0.000136375,65745.422,1.0,0.5101091635454027,1.0,1.0
google/gemini-3.1-flash-lite,google/gemini-3.1-flash-lite-20260507,off,trees.indent-plain-v1,trees,text,2. medium,True,reduce-taught-v1,4,4,2,955,36,0,0.000146375,63463.458,0.5,0.15003898915214947,0.8499610108478506,1.0
google/gemini-3.1-flash-lite,google/gemini-3.1-flash-lite-20260507,off,trees.indent-plain-v1,trees,text,3. hard,False,reduce-infer-v1,4,4,0,1012,24,0,0.000144500,66770.337,0.0,0.0,0.4898908364545973,1.0
google/gemini-3.1-flash-lite,google/gemini-3.1-flash-lite-20260507,off,trees.indent-plain-v1,trees,text,3. hard,False,reduce-taught-v1,4,4,0,1080,24,0,0.00015300,66901.59599999999,0.0,0.0,0.4898908364545973,1.0
google/gemini-3.1-flash-lite,google/gemini-3.1-flash-lite-20260507,off,trees.indent-plain-v1,trees,text,3. hard,True,reduce-infer-v1,4,4,4,1012,24,0,0.000144500,68213.506,1.0,0.5101091635454027,1.0,1.0
google/gemini-3.1-flash-lite,google/gemini-3.1-flash-lite-20260507,off,trees.indent-plain-v1,trees,text,3. hard,True,reduce-taught-v1,4,4,4,1080,34,0,0.00016050,67026.73,1.0,0.5101091635454027,1.0,1.0
google/gemini-3.1-flash-lite,google/gemini-3.1-flash-lite-20260507,off,trees.indent-plain-v1,trees,text,4. lunatic,False,reduce-infer-v1,4,4,0,1072,29,0,0.00015575,67750.825,0.0,0.0,0.4898908364545973,1.0
google/gemini-3.1-flash-lite,google/gemini-3.1-flash-lite-20260507,off,trees.indent-plain-v1,trees,text,4. lunatic,False,reduce-taught-v1,4,4,0,1140,39,0,0.000171750,77603.382,0.0,0.0,0.4898908364545973,1.0
google/gemini-3.1-flash-lite,google/gemini-3.1-flash-lite-20260507,off,trees.indent-plain-v1,trees,text,4. lunatic,True,reduce-infer-v1,4,4,4,1072,39,0,0.00016325,70158.859,1.0,0.5101091635454027,1.0,1.0
google/gemini-3.1-flash-lite,google/gemini-3.1-flash-lite-20260507,off,trees.indent-plain-v1,trees,text,4. lunatic,True,reduce-taught-v1,4,4,4,1140,34,0,0.000168000,74150.012,1.0,0.5101091635454027,1.0,1.0
google/gemini-3.1-flash-lite,google/gemini-3.1-flash-lite-20260507,off,trees.indent-plain-v1,trees,text,5. extra,False,reduce-infer-v1,4,4,0,1132,24,0,0.000159500,68057.174,0.0,0.0,0.4898908364545973,1.0
google/gemini-3.1-flash-lite,google/gemini-3.1-flash-lite-20260507,off,trees.indent-plain-v1,trees,text,5. extra,False,reduce-taught-v1,4,4,0,1200,24,0,0.000168,71060.37899999999,0.0,0.0,0.4898908364545973,1.0
google/gemini-3.1-flash-lite,google/gemini-3.1-flash-lite-20260507,off,trees.indent-plain-v1,trees,text,5. extra,True,reduce-infer-v1,4,4,4,1129,34,0,0.000166625,66663.80900000001,1.0,0.5101091635454027,1.0,1.0
google/gemini-3.1-flash-lite,google/gemini-3.1-flash-lite-20260507,off,trees.indent-plain-v1,trees,text,5. extra,True,reduce-taught-v1,4,4,4,1197,34,0,0.000175125,68697.28,1.0,0.5101091635454027,1.0,1.0
google/gemini-3.1-flash-lite,google/gemini-3.1-flash-lite-20260507,off,trees.plain-v1,trees,image,1. easy,False,reduce-infer-v1,4,4,2,4956,26,0,0.000639000,68081.044,0.5,0.15003898915214947,0.8499610108478506,1.0
google/gemini-3.1-flash-lite,google/gemini-3.1-flash-lite-20260507,off,trees.plain-v1,trees,image,1. easy,False,reduce-taught-v1,4,4,2,5024,26,0,0.00064750,67009.065,0.5,0.15003898915214947,0.8499610108478506,1.0
google/gemini-3.1-flash-lite,google/gemini-3.1-flash-lite-20260507,off,trees.plain-v1,trees,image,1. easy,True,reduce-infer-v1,4,4,2,4956,26,0,0.000639000,66637.431,0.5,0.15003898915214947,0.8499610108478506,1.0
google/gemini-3.1-flash-lite,google/gemini-3.1-flash-lite-20260507,off,trees.plain-v1,trees,image,1. easy,True,reduce-taught-v1,4,4,3,5024,25,0,0.00064675,64509.61,0.75,0.30064184258240184,0.9544127391902995,1.0
google/gemini-3.1-flash-lite,google/gemini-3.1-flash-lite-20260507,off,trees.plain-v1,trees,image,2. medium,False,reduce-infer-v1,4,4,1,4956,25,0,0.000638250,68833.505,0.25,0.04558726080970055,0.6993581574175981,1.0
google/gemini-3.1-flash-lite,google/gemini-3.1-flash-lite-20260507,off,trees.plain-v1,trees,image,2. medium,False,reduce-taught-v1,4,4,1,5024,25,0,0.00064675,67069.924,0.25,0.04558726080970055,0.6993581574175981,1.0
google/gemini-3.1-flash-lite,google/gemini-3.1-flash-lite-20260507,off,trees.plain-v1,trees,image,2. medium,True,reduce-infer-v1,4,4,4,4956,24,0,0.000637500,68524.615,1.0,0.5101091635454027,1.0,1.0
google/gemini-3.1-flash-lite,google/gemini-3.1-flash-lite-20260507,off,trees.plain-v1,trees,image,2. medium,True,reduce-taught-v1,4,4,4,5024,24,0,0.0006460,68142.97,1.0,0.5101091635454027,1.0,1.0
google/gemini-3.1-flash-lite,google/gemini-3.1-flash-lite-20260507,off,trees.plain-v1,trees,image,3. hard,False,reduce-infer-v1,4,4,1,4956,25,0,0.000638250,74621.476,0.25,0.04558726080970055,0.6993581574175981,1.0
google/gemini-3.1-flash-lite,google/gemini-3.1-flash-lite-20260507,off,trees.plain-v1,trees,image,3. hard,False,reduce-taught-v1,4,4,0,5024,24,0,0.0006460,72414.832,0.0,0.0,0.4898908364545973,1.0
google/gemini-3.1-flash-lite,google/gemini-3.1-flash-lite-20260507,off,trees.plain-v1,trees,image,3. hard,True,reduce-infer-v1,4,4,3,4956,30,0,0.000642000,72403.491,0.75,0.30064184258240184,0.9544127391902995,1.0
google/gemini-3.1-flash-lite,google/gemini-3.1-flash-lite-20260507,off,trees.plain-v1,trees,image,3. hard,True,reduce-taught-v1,4,4,2,5024,26,0,0.00064750,70907.457,0.5,0.15003898915214947,0.8499610108478506,1.0
google/gemini-3.1-flash-lite,google/gemini-3.1-flash-lite-20260507,off,trees.plain-v1,trees,image,4. lunatic,False,reduce-infer-v1,4,4,0,4956,24,0,0.000637500,78050.67,0.0,0.0,0.4898908364545973,1.0
google/gemini-3.1-flash-lite,google/gemini-3.1-flash-lite-20260507,off,trees.plain-v1,trees,image,4. lunatic,False,reduce-taught-v1,4,4,0,5024,24,0,0.0006460,72385.96500000001,0.0,0.0,0.4898908364545973,1.0
google/gemini-3.1-flash-lite,google/gemini-3.1-flash-lite-20260507,off,trees.plain-v1,trees,image,4. lunatic,True,reduce-infer-v1,4,4,4,4956,24,0,0.000637500,72530.907,1.0,0.5101091635454027,1.0,1.0
google/gemini-3.1-flash-lite,google/gemini-3.1-flash-lite-20260507,off,trees.plain-v1,trees,image,4. lunatic,True,reduce-taught-v1,4,4,4,5024,24,0,0.0006460,75836.10399999999,1.0,0.5101091635454027,1.0,1.0
google/gemini-3.1-flash-lite,google/gemini-3.1-flash-lite-20260507,off,trees.plain-v1,trees,image,5. extra,False,reduce-infer-v1,4,4,2,4956,26,0,0.000639000,69867.634,0.5,0.15003898915214947,0.8499610108478506,1.0
google/gemini-3.1-flash-lite,google/gemini-3.1-flash-lite-20260507,off,trees.plain-v1,trees,image,5. extra,False,reduce-taught-v1,4,4,1,5024,25,0,0.00064675,71483.01699999999,0.25,0.04558726080970055,0.6993581574175981,1.0
google/gemini-3.1-flash-lite,google/gemini-3.1-flash-lite-20260507,off,trees.plain-v1,trees,image,5. extra,True,reduce-infer-v1,4,4,1,4956,27,0,0.000639750,77245.35800000001,0.25,0.04558726080970055,0.6993581574175981,1.0
google/gemini-3.1-flash-lite,google/gemini-3.1-flash-lite-20260507,off,trees.plain-v1,trees,image,5. extra,True,reduce-taught-v1,4,4,3,5024,25,0,0.00064675,75255.18299999999,0.75,0.30064184258240184,0.9544127391902995,1.0
google/gemini-3.6-flash,google/gemini-3.6-flash-20260721,high,biopolymer.rna-dotbracket-filler-v1,biopolymer,text,1. easy,True,reduce-infer-v1,4,4,4,888,4077,4056,0.01595475,50110.344999999994,1.0,0.5101091635454027,1.0,1.0
google/gemini-3.6-flash,google/gemini-3.6-flash-20260721,high,biopolymer.rna-dotbracket-filler-v1,biopolymer,text,1. easy,True,reduce-taught-v1,4,4,4,952,6239,6219,0.02411025,58966.444,1.0,0.5101091635454027,1.0,1.0
google/gemini-3.6-flash,google/gemini-3.6-flash-20260721,high,biopolymer.rna-dotbracket-filler-v1,biopolymer,text,2. medium,True,reduce-infer-v1,4,4,4,1038,9120,9087,0.03497850,83506.784,1.0,0.5101091635454027,1.0,1.0
google/gemini-3.6-flash,google/gemini-3.6-flash-20260721,high,biopolymer.rna-dotbracket-filler-v1,biopolymer,text,2. medium,True,reduce-taught-v1,4,4,3,1102,8573,8540,0.03297525,74951.14,0.75,0.30064184258240184,0.9544127391902995,1.0
google/gemini-3.6-flash,google/gemini-3.6-flash-20260721,high,biopolymer.rna-dotbracket-filler-v1,biopolymer,text,3. hard,True,reduce-infer-v1,4,4,1,1272,13306,13264,0.0508515,92093.52600000001,0.25,0.04558726080970055,0.6993581574175981,1.0
google/gemini-3.6-flash,google/gemini-3.6-flash-20260721,high,biopolymer.rna-dotbracket-filler-v1,biopolymer,text,3. hard,True,reduce-taught-v1,4,4,2,1336,15759,15723,0.06009825,97344.565,0.5,0.15003898915214947,0.8499610108478506,1.0
google/gemini-3.6-flash,google/gemini-3.6-flash-20260721,high,biopolymer.rna-dotbracket-filler-v1,biopolymer,text,4. lunatic,True,reduce-infer-v1,4,4,3,1368,15761,15726,0.06012975,107408.244,0.75,0.30064184258240184,0.9544127391902995,1.0
google/gemini-3.6-flash,google/gemini-3.6-flash-20260721,high,biopolymer.rna-dotbracket-filler-v1,biopolymer,text,4. lunatic,True,reduce-taught-v1,4,4,3,1432,15378,15338,0.05874150,97209.038,0.75,0.30064184258240184,0.9544127391902995,1.0
google/gemini-3.6-flash,google/gemini-3.6-flash-20260721,high,biopolymer.rna-dotbracket-filler-v1,biopolymer,text,5. extra,True,reduce-infer-v1,4,4,4,1430,15765,15726,0.06019125,103854.616,1.0,0.5101091635454027,1.0,1.0
google/gemini-3.6-flash,google/gemini-3.6-flash-20260721,high,biopolymer.rna-dotbracket-filler-v1,biopolymer,text,5. extra,True,reduce-taught-v1,4,4,4,1494,15761,15727,0.06022425,103899.42599999999,1.0,0.5101091635454027,1.0,1.0
google/gemini-3.6-flash,google/gemini-3.6-flash-20260721,high,biopolymer.rna-dotbracket-plain-v1,biopolymer,text,1. easy,True,reduce-infer-v1,4,4,4,864,4554,4527,0.0177255,59424.137,1.0,0.5101091635454027,1.0,1.0
google/gemini-3.6-flash,google/gemini-3.6-flash-20260721,high,biopolymer.rna-dotbracket-plain-v1,biopolymer,text,1. easy,True,reduce-taught-v1,4,4,4,928,4228,4208,0.01655100,53775.95,1.0,0.5101091635454027,1.0,1.0
google/gemini-3.6-flash,google/gemini-3.6-flash-20260721,high,biopolymer.rna-dotbracket-plain-v1,biopolymer,text,2. medium,True,reduce-infer-v1,4,4,4,980,7277,7239,0.02802375,65294.796,1.0,0.5101091635454027,1.0,1.0
google/gemini-3.6-flash,google/gemini-3.6-flash-20260721,high,biopolymer.rna-dotbracket-plain-v1,biopolymer,text,2. medium,True,reduce-taught-v1,4,4,4,1044,9205,9172,0.03530175,73948.26299999999,1.0,0.5101091635454027,1.0,1.0
google/gemini-3.6-flash,google/gemini-3.6-flash-20260721,high,biopolymer.rna-dotbracket-plain-v1,biopolymer,text,3. hard,True,reduce-infer-v1,4,4,2,1140,15720,15684,0.05980500,95992.93100000001,0.5,0.15003898915214947,0.8499610108478506,1.0
google/gemini-3.6-flash,google/gemini-3.6-flash-20260721,high,biopolymer.rna-dotbracket-plain-v1,biopolymer,text,3. hard,True,reduce-taught-v1,4,4,3,1204,14994,14964,0.05713050,97167.153,0.75,0.30064184258240184,0.9544127391902995,1.0
google/gemini-3.6-flash,google/gemini-3.6-flash-20260721,high,biopolymer.rna-dotbracket-plain-v1,biopolymer,text,4. lunatic,True,reduce-infer-v1,4,4,1,1220,14699,14672,0.05603625,90585.836,0.25,0.04558726080970055,0.6993581574175981,1.0
google/gemini-3.6-flash,google/gemini-3.6-flash-20260721,high,biopolymer.rna-dotbracket-plain-v1,biopolymer,text,4. lunatic,True,reduce-taught-v1,4,4,1,1284,15756,15719,0.06004800,97453.799,0.25,0.04558726080970055,0.6993581574175981,1.0
google/gemini-3.6-flash,google/gemini-3.6-flash-20260721,high,biopolymer.rna-dotbracket-plain-v1,biopolymer,text,5. extra,True,reduce-infer-v1,4,4,4,1300,15763,15719,0.06008625,127457.82100000001,1.0,0.5101091635454027,1.0,1.0
google/gemini-3.6-flash,google/gemini-3.6-flash-20260721,high,biopolymer.rna-dotbracket-plain-v1,biopolymer,text,5. extra,True,reduce-taught-v1,4,4,3,1364,15770,15725,0.06016050,146935.729,0.75,0.30064184258240184,0.9544127391902995,1.0
google/gemini-3.6-flash,google/gemini-3.6-flash-20260721,high,embedding.center-clause-jitter-v1,embedding,text,1. easy,True,reduce-infer-v1,4,4,4,871,11195,11156,0.04263450,90413.47099999999,1.0,0.5101091635454027,1.0,1.0
google/gemini-3.6-flash,google/gemini-3.6-flash-20260721,high,embedding.center-clause-jitter-v1,embedding,text,1. easy,True,reduce-taught-v1,4,4,3,939,12851,12811,0.04889550,86141.234,0.75,0.30064184258240184,0.9544127391902995,1.0
google/gemini-3.6-flash,google/gemini-3.6-flash-20260721,high,embedding.center-clause-jitter-v1,embedding,text,2. medium,True,reduce-infer-v1,4,4,4,1016,13954,13916,0.05308950,90677.463,1.0,0.5101091635454027,1.0,1.0
google/gemini-3.6-flash,google/gemini-3.6-flash-20260721,high,embedding.center-clause-jitter-v1,embedding,text,2. medium,True,reduce-taught-v1,4,4,4,1084,15245,15206,0.05798175,98098.01999999999,1.0,0.5101091635454027,1.0,1.0
google/gemini-3.6-flash,google/gemini-3.6-flash-20260721,high,embedding.center-clause-jitter-v1,embedding,text,3. hard,True,reduce-infer-v1,4,4,3,1205,14137,14115,0.05391750,89154.26800000001,0.75,0.30064184258240184,0.9544127391902995,1.0
google/gemini-3.6-flash,google/gemini-3.6-flash-20260721,high,embedding.center-clause-jitter-v1,embedding,text,3. hard,True,reduce-taught-v1,4,4,3,1273,15755,15720,0.06003600,100525.785,0.75,0.30064184258240184,0.9544127391902995,1.0
google/gemini-3.6-flash,google/gemini-3.6-flash-20260721,high,embedding.center-clause-jitter-v1,embedding,text,4. lunatic,True,reduce-infer-v1,4,4,3,1276,14046,14007,0.05362950,90183.323,0.75,0.30064184258240184,0.9544127391902995,1.0
google/gemini-3.6-flash,google/gemini-3.6-flash-20260721,high,embedding.center-clause-jitter-v1,embedding,text,4. lunatic,True,reduce-taught-v1,4,4,3,1344,15759,15719,0.06010425,99610.103,0.75,0.30064184258240184,0.9544127391902995,1.0
google/gemini-3.6-flash,google/gemini-3.6-flash-20260721,high,embedding.center-clause-jitter-v1,embedding,text,5. extra,True,reduce-infer-v1,4,4,2,1426,15755,15719,0.06015075,108506.524,0.5,0.15003898915214947,0.8499610108478506,1.0
google/gemini-3.6-flash,google/gemini-3.6-flash-20260721,high,embedding.center-clause-jitter-v1,embedding,text,5. extra,True,reduce-taught-v1,4,4,2,1494,15754,15719,0.06019800,109882.031,0.5,0.15003898915214947,0.8499610108478506,1.0
google/gemini-3.6-flash,google/gemini-3.6-flash-20260721,high,embedding.center-clause-plain-v1,embedding,text,1. easy,True,reduce-infer-v1,4,4,4,871,6743,6717,0.02593950,59763.608,1.0,0.5101091635454027,1.0,1.0
google/gemini-3.6-flash,google/gemini-3.6-flash-20260721,high,embedding.center-clause-plain-v1,embedding,text,1. easy,True,reduce-taught-v1,4,4,3,939,9251,9217,0.03539550,71443.731,0.75,0.30064184258240184,0.9544127391902995,1.0
google/gemini-3.6-flash,google/gemini-3.6-flash-20260721,high,embedding.center-clause-plain-v1,embedding,text,2. medium,True,reduce-infer-v1,4,4,4,1016,12739,12701,0.04853325,83505.931,1.0,0.5101091635454027,1.0,1.0
google/gemini-3.6-flash,google/gemini-3.6-flash-20260721,high,embedding.center-clause-plain-v1,embedding,text,2. medium,True,reduce-taught-v1,4,4,4,1084,15575,15531,0.05921925,110431.361,1.0,0.5101091635454027,1.0,1.0
google/gemini-3.6-flash,google/gemini-3.6-flash-20260721,high,embedding.center-clause-plain-v1,embedding,text,3. hard,True,reduce-infer-v1,4,4,4,1205,12822,12793,0.04898625,83450.125,1.0,0.5101091635454027,1.0,1.0
google/gemini-3.6-flash,google/gemini-3.6-flash-20260721,high,embedding.center-clause-plain-v1,embedding,text,3. hard,True,reduce-taught-v1,4,4,4,1273,14392,14354,0.05492475,95575.036,1.0,0.5101091635454027,1.0,1.0
google/gemini-3.6-flash,google/gemini-3.6-flash-20260721,high,embedding.center-clause-plain-v1,embedding,text,4. lunatic,True,reduce-infer-v1,4,4,4,1276,10429,10401,0.04006575,77487.234,1.0,0.5101091635454027,1.0,1.0
google/gemini-3.6-flash,google/gemini-3.6-flash-20260721,high,embedding.center-clause-plain-v1,embedding,text,4. lunatic,True,reduce-taught-v1,4,4,3,1344,14837,14798,0.05664675,100946.93400000001,0.75,0.30064184258240184,0.9544127391902995,1.0
google/gemini-3.6-flash,google/gemini-3.6-flash-20260721,high,embedding.center-clause-plain-v1,embedding,text,5. extra,True,reduce-infer-v1,4,4,3,1426,15756,15722,0.06015450,118564.074,0.75,0.30064184258240184,0.9544127391902995,1.0
google/gemini-3.6-flash,google/gemini-3.6-flash-20260721,high,embedding.center-clause-plain-v1,embedding,text,5. extra,True,reduce-taught-v1,4,4,3,1494,15762,15722,0.06022800,98240.79500000001,0.75,0.30064184258240184,0.9544127391902995,1.0
google/gemini-3.6-flash,google/gemini-3.6-flash-20260721,high,parens.jitter-v1,parens,text,1. easy,True,reduce-infer-v1,4,4,4,751,5531,5505,0.02130450,54897.626000000004,1.0,0.5101091635454027,1.0,1.0
google/gemini-3.6-flash,google/gemini-3.6-flash-20260721,high,parens.jitter-v1,parens,text,1. easy,True,reduce-taught-v1,4,4,4,815,6274,6252,0.02413875,57040.498999999996,1.0,0.5101091635454027,1.0,1.0
google/gemini-3.6-flash,google/gemini-3.6-flash-20260721,high,parens.jitter-v1,parens,text,2. medium,True,reduce-infer-v1,4,4,4,785,10184,10151,0.03877875,75305.984,1.0,0.5101091635454027,1.0,1.0
google/gemini-3.6-flash,google/gemini-3.6-flash-20260721,high,parens.jitter-v1,parens,text,2. medium,True,reduce-taught-v1,4,4,4,849,9230,9198,0.03524925,75832.321,1.0,0.5101091635454027,1.0,1.0
google/gemini-3.6-flash,google/gemini-3.6-flash-20260721,high,parens.jitter-v1,parens,text,3. hard,True,reduce-infer-v1,4,4,0,824,15762,15724,0.05972550,105715.293,0.0,0.0,0.4898908364545973,1.0
google/gemini-3.6-flash,google/gemini-3.6-flash-20260721,high,parens.jitter-v1,parens,text,3. hard,True,reduce-taught-v1,4,4,4,888,15631,15587,0.05928225,110716.453,1.0,0.5101091635454027,1.0,1.0
google/gemini-3.6-flash,google/gemini-3.6-flash-20260721,high,parens.jitter-v1,parens,text,4. lunatic,True,reduce-infer-v1,4,4,1,847,15751,15714,0.0597015,113284.794,0.25,0.04558726080970055,0.6993581574175981,1.0
google/gemini-3.6-flash,google/gemini-3.6-flash-20260721,high,parens.jitter-v1,parens,text,4. lunatic,True,reduce-taught-v1,4,4,3,911,15759,15719,0.05977950,107217.75200000001,0.75,0.30064184258240184,0.9544127391902995,1.0
google/gemini-3.6-flash,google/gemini-3.6-flash-20260721,high,parens.jitter-v1,parens,text,5. extra,True,reduce-infer-v1,4,4,4,870,15767,15723,0.05977875,104456.64899999999,1.0,0.5101091635454027,1.0,1.0
google/gemini-3.6-flash,google/gemini-3.6-flash-20260721,high,parens.jitter-v1,parens,text,5. extra,True,reduce-taught-v1,4,4,2,934,15769,15723,0.05983425,115341.51999999999,0.5,0.15003898915214947,0.8499610108478506,1.0
google/gemini-3.6-flash,google/gemini-3.6-flash-20260721,high,parens.noisy-mismatched-v1,parens,text,1. easy,True,reduce-infer-v1,4,4,4,777,11486,11459,0.04365525,82507.91,1.0,0.5101091635454027,1.0,1.0
google/gemini-3.6-flash,google/gemini-3.6-flash-20260721,high,parens.noisy-mismatched-v1,parens,text,1. easy,True,reduce-taught-v1,4,4,3,841,12754,12721,0.04845825,89130.777,0.75,0.30064184258240184,0.9544127391902995,1.0
google/gemini-3.6-flash,google/gemini-3.6-flash-20260721,high,parens.noisy-mismatched-v1,parens,text,2. medium,True,reduce-infer-v1,4,4,3,829,15742,15716,0.05965425,99645.39600000001,0.75,0.30064184258240184,0.9544127391902995,1.0
google/gemini-3.6-flash,google/gemini-3.6-flash-20260721,high,parens.noisy-mismatched-v1,parens,text,2. medium,True,reduce-taught-v1,4,4,3,893,15759,15725,0.059766,106294.739,0.75,0.30064184258240184,0.9544127391902995,1.0
google/gemini-3.6-flash,google/gemini-3.6-flash-20260721,high,parens.noisy-mismatched-v1,parens,text,3. hard,True,reduce-infer-v1,4,4,4,900,15764,15720,0.05979000,93294.52900000001,1.0,0.5101091635454027,1.0,1.0
google/gemini-3.6-flash,google/gemini-3.6-flash-20260721,high,parens.noisy-mismatched-v1,parens,text,3. hard,True,reduce-taught-v1,4,4,2,964,15754,15719,0.05980050,104130.902,0.5,0.15003898915214947,0.8499610108478506,1.0
google/gemini-3.6-flash,google/gemini-3.6-flash-20260721,high,parens.noisy-mismatched-v1,parens,text,4. lunatic,True,reduce-infer-v1,4,4,3,929,15755,15715,0.05977800,94404.398,0.75,0.30064184258240184,0.9544127391902995,1.0
google/gemini-3.6-flash,google/gemini-3.6-flash-20260721,high,parens.noisy-mismatched-v1,parens,text,4. lunatic,True,reduce-taught-v1,4,4,3,993,15748,15718,0.05979975,107098.734,0.75,0.30064184258240184,0.9544127391902995,1.0
google/gemini-3.6-flash,google/gemini-3.6-flash-20260721,high,parens.noisy-mismatched-v1,parens,text,5. extra,True,reduce-infer-v1,4,4,3,966,15756,15722,0.05980950,101140.62900000002,0.75,0.30064184258240184,0.9544127391902995,1.0
google/gemini-3.6-flash,google/gemini-3.6-flash-20260721,high,parens.noisy-mismatched-v1,parens,text,5. extra,True,reduce-taught-v1,4,4,4,1030,15747,15713,0.05982375,99365.76000000001,1.0,0.5101091635454027,1.0,1.0
google/gemini-3.6-flash,google/gemini-3.6-flash-20260721,high,parens.noisy-v1,parens,text,1. easy,True,reduce-infer-v1,4,4,3,765,5051,5030,0.01951500,53663.094999999994,0.75,0.30064184258240184,0.9544127391902995,1.0
google/gemini-3.6-flash,google/gemini-3.6-flash-20260721,high,parens.noisy-v1,parens,text,1. easy,True,reduce-taught-v1,4,4,4,829,5293,5266,0.02047050,53429.179000000004,1.0,0.5101091635454027,1.0,1.0
google/gemini-3.6-flash,google/gemini-3.6-flash-20260721,high,parens.noisy-v1,parens,text,2. medium,True,reduce-infer-v1,4,4,4,820,8342,8315,0.03189750,74067.236,1.0,0.5101091635454027,1.0,1.0
google/gemini-3.6-flash,google/gemini-3.6-flash-20260721,high,parens.noisy-v1,parens,text,2. medium,True,reduce-taught-v1,4,4,4,884,9984,9951,0.03810300,85421.679,1.0,0.5101091635454027,1.0,1.0
google/gemini-3.6-flash,google/gemini-3.6-flash-20260721,high,parens.noisy-v1,parens,text,3. hard,True,reduce-infer-v1,4,4,3,874,7060,7026,0.02713050,81659.45199999999,0.75,0.30064184258240184,0.9544127391902995,1.0
google/gemini-3.6-flash,google/gemini-3.6-flash-20260721,high,parens.noisy-v1,parens,text,3. hard,True,reduce-taught-v1,4,4,3,938,7370,7341,0.02834100,66432.148,0.75,0.30064184258240184,0.9544127391902995,1.0
google/gemini-3.6-flash,google/gemini-3.6-flash-20260721,high,parens.noisy-v1,parens,text,4. lunatic,True,reduce-infer-v1,4,4,4,880,12049,12010,0.04584375,85262.83,1.0,0.5101091635454027,1.0,1.0
google/gemini-3.6-flash,google/gemini-3.6-flash-20260721,high,parens.noisy-v1,parens,text,4. lunatic,True,reduce-taught-v1,4,4,4,944,10705,10676,0.04085175,95930.755,1.0,0.5101091635454027,1.0,1.0
google/gemini-3.6-flash,google/gemini-3.6-flash-20260721,high,parens.noisy-v1,parens,text,5. extra,True,reduce-infer-v1,4,4,4,948,14262,14224,0.05419350,91564.262,1.0,0.5101091635454027,1.0,1.0
google/gemini-3.6-flash,google/gemini-3.6-flash-20260721,high,parens.noisy-v1,parens,text,5. extra,True,reduce-taught-v1,4,4,4,1012,15757,15718,0.05984775,114043.94900000002,1.0,0.5101091635454027,1.0,1.0
google/gemini-3.6-flash,google/gemini-3.6-flash-20260721,high,parens.reference-v1,parens,text,1. easy,True,reduce-infer-v1,4,4,4,745,4514,4488,0.01748625,82815.95,1.0,0.5101091635454027,1.0,1.0
google/gemini-3.6-flash,google/gemini-3.6-flash-20260721,high,parens.reference-v1,parens,text,1. easy,True,reduce-taught-v1,4,4,3,809,7677,7644,0.02939550,63102.672999999995,0.75,0.30064184258240184,0.9544127391902995,1.0
google/gemini-3.6-flash,google/gemini-3.6-flash-20260721,high,parens.reference-v1,parens,text,2. medium,True,reduce-infer-v1,4,4,4,763,7695,7668,0.02942850,77073.288,1.0,0.5101091635454027,1.0,1.0
google/gemini-3.6-flash,google/gemini-3.6-flash-20260721,high,parens.reference-v1,parens,text,2. medium,True,reduce-taught-v1,4,4,4,827,10959,10931,0.04171650,84048.503,1.0,0.5101091635454027,1.0,1.0
google/gemini-3.6-flash,google/gemini-3.6-flash-20260721,high,parens.reference-v1,parens,text,3. hard,True,reduce-infer-v1,4,4,3,812,11897,11869,0.04522275,84154.574,0.75,0.30064184258240184,0.9544127391902995,1.0
google/gemini-3.6-flash,google/gemini-3.6-flash-20260721,high,parens.reference-v1,parens,text,3. hard,True,reduce-taught-v1,4,4,4,876,13015,12976,0.04946325,88325.292,1.0,0.5101091635454027,1.0,1.0
google/gemini-3.6-flash,google/gemini-3.6-flash-20260721,high,parens.reference-v1,parens,text,4. lunatic,True,reduce-infer-v1,4,4,4,826,15716,15678,0.05955450,115199.773,1.0,0.5101091635454027,1.0,1.0
google/gemini-3.6-flash,google/gemini-3.6-flash-20260721,high,parens.reference-v1,parens,text,4. lunatic,True,reduce-taught-v1,4,4,0,890,14756,14723,0.05600250,103305.962,0.0,0.0,0.4898908364545973,1.0
google/gemini-3.6-flash,google/gemini-3.6-flash-20260721,high,parens.reference-v1,parens,text,5. extra,True,reduce-infer-v1,4,4,2,833,12958,12923,0.04921725,93788.859,0.5,0.15003898915214947,0.8499610108478506,1.0
google/gemini-3.6-flash,google/gemini-3.6-flash-20260721,high,parens.reference-v1,parens,text,5. extra,True,reduce-taught-v1,4,4,3,897,12917,12872,0.0491115,88884.892,0.75,0.30064184258240184,0.9544127391902995,1.0
google/gemini-3.6-flash,google/gemini-3.6-flash-20260721,high,parens.word-brackets-mismatched-v1,parens,text,1. easy,True,reduce-infer-v1,4,4,2,782,7099,7069,0.02720775,68880.90900000001,0.5,0.15003898915214947,0.8499610108478506,1.0
google/gemini-3.6-flash,google/gemini-3.6-flash-20260721,high,parens.word-brackets-mismatched-v1,parens,text,1. easy,True,reduce-taught-v1,4,4,3,854,9550,9516,0.03645300,72856.045,0.75,0.30064184258240184,0.9544127391902995,1.0
google/gemini-3.6-flash,google/gemini-3.6-flash-20260721,high,parens.word-brackets-mismatched-v1,parens,text,2. medium,True,reduce-infer-v1,4,4,4,840,12499,12472,0.04750125,92633.303,1.0,0.5101091635454027,1.0,1.0
google/gemini-3.6-flash,google/gemini-3.6-flash-20260721,high,parens.word-brackets-mismatched-v1,parens,text,2. medium,True,reduce-taught-v1,4,4,4,912,14043,14005,0.05334525,97186.636,1.0,0.5101091635454027,1.0,1.0
google/gemini-3.6-flash,google/gemini-3.6-flash-20260721,high,parens.word-brackets-mismatched-v1,parens,text,3. hard,True,reduce-infer-v1,4,4,4,920,15567,15523,0.05906625,89312.231,1.0,0.5101091635454027,1.0,1.0
google/gemini-3.6-flash,google/gemini-3.6-flash-20260721,high,parens.word-brackets-mismatched-v1,parens,text,3. hard,True,reduce-taught-v1,4,4,4,992,15484,15456,0.05880900,99409.499,1.0,0.5101091635454027,1.0,1.0
google/gemini-3.6-flash,google/gemini-3.6-flash-20260721,high,parens.word-brackets-mismatched-v1,parens,text,4. lunatic,True,reduce-infer-v1,4,4,3,960,15582,15549,0.0591525,118884.89000000001,0.75,0.30064184258240184,0.9544127391902995,1.0
google/gemini-3.6-flash,google/gemini-3.6-flash-20260721,high,parens.word-brackets-mismatched-v1,parens,text,4. lunatic,True,reduce-taught-v1,4,4,4,1032,14865,14832,0.05651775,100321.498,1.0,0.5101091635454027,1.0,1.0
google/gemini-3.6-flash,google/gemini-3.6-flash-20260721,high,parens.word-brackets-mismatched-v1,parens,text,5. extra,True,reduce-infer-v1,4,4,2,1000,15756,15721,0.05983500,111764.29,0.5,0.15003898915214947,0.8499610108478506,1.0
google/gemini-3.6-flash,google/gemini-3.6-flash-20260721,high,parens.word-brackets-mismatched-v1,parens,text,5. extra,True,reduce-taught-v1,4,4,4,1072,15756,15724,0.05988900,95502.90599999999,1.0,0.5101091635454027,1.0,1.0
google/gemini-3.6-flash,google/gemini-3.6-flash-20260721,high,parens.word-brackets-plain-v1,parens,text,1. easy,True,reduce-infer-v1,4,4,4,782,8169,8143,0.03122025,84939.047,1.0,0.5101091635454027,1.0,1.0
google/gemini-3.6-flash,google/gemini-3.6-flash-20260721,high,parens.word-brackets-plain-v1,parens,text,1. easy,True,reduce-taught-v1,4,4,3,854,8101,8067,0.03101925,67365.05900000001,0.75,0.30064184258240184,0.9544127391902995,1.0
google/gemini-3.6-flash,google/gemini-3.6-flash-20260721,high,parens.word-brackets-plain-v1,parens,text,2. medium,True,reduce-infer-v1,4,4,4,840,12398,12360,0.04712250,87779.99900000001,1.0,0.5101091635454027,1.0,1.0
google/gemini-3.6-flash,google/gemini-3.6-flash-20260721,high,parens.word-brackets-plain-v1,parens,text,2. medium,True,reduce-taught-v1,4,4,4,912,9039,9013,0.03458025,68140.09700000001,1.0,0.5101091635454027,1.0,1.0
google/gemini-3.6-flash,google/gemini-3.6-flash-20260721,high,parens.word-brackets-plain-v1,parens,text,3. hard,True,reduce-infer-v1,4,4,2,920,13439,13405,0.05108625,90861.345,0.5,0.15003898915214947,0.8499610108478506,1.0
google/gemini-3.6-flash,google/gemini-3.6-flash-20260721,high,parens.word-brackets-plain-v1,parens,text,3. hard,True,reduce-taught-v1,4,4,4,992,13172,13139,0.05013900,81233.08,1.0,0.5101091635454027,1.0,1.0
google/gemini-3.6-flash,google/gemini-3.6-flash-20260721,high,parens.word-brackets-plain-v1,parens,text,4. lunatic,True,reduce-infer-v1,4,4,3,960,15415,15385,0.05852625,100622.37999999999,0.75,0.30064184258240184,0.9544127391902995,1.0
google/gemini-3.6-flash,google/gemini-3.6-flash-20260721,high,parens.word-brackets-plain-v1,parens,text,4. lunatic,True,reduce-taught-v1,4,4,2,1032,15447,15401,0.05870025,99325.693,0.5,0.15003898915214947,0.8499610108478506,1.0
google/gemini-3.6-flash,google/gemini-3.6-flash-20260721,high,parens.word-brackets-plain-v1,parens,text,5. extra,True,reduce-infer-v1,4,4,4,1000,15755,15721,0.05983125,96119.34199999999,1.0,0.5101091635454027,1.0,1.0
google/gemini-3.6-flash,google/gemini-3.6-flash-20260721,high,parens.word-brackets-plain-v1,parens,text,5. extra,True,reduce-taught-v1,4,4,4,1072,15745,15717,0.05984775,99117.129,1.0,0.5101091635454027,1.0,1.0
google/gemini-3.6-flash,google/gemini-3.6-flash-20260721,high,pattern.java-v1,pattern,text,1. easy,True,reduce-infer-v1,4,4,3,829,12325,12291,0.0468405,89999.34999999999,0.75,0.30064184258240184,0.9544127391902995,1.0
google/gemini-3.6-flash,google/gemini-3.6-flash-20260721,high,pattern.java-v1,pattern,text,1. easy,True,reduce-taught-v1,4,4,2,905,12589,12549,0.04788750,89375.046,0.5,0.15003898915214947,0.8499610108478506,1.0
google/gemini-3.6-flash,google/gemini-3.6-flash-20260721,high,pattern.java-v1,pattern,text,2. medium,True,reduce-infer-v1,4,4,4,933,15653,15614,0.05939850,105413.736,1.0,0.5101091635454027,1.0,1.0
google/gemini-3.6-flash,google/gemini-3.6-flash-20260721,high,pattern.java-v1,pattern,text,2. medium,True,reduce-taught-v1,4,4,4,1009,9223,9189,0.0353430,73900.044,1.0,0.5101091635454027,1.0,1.0
google/gemini-3.6-flash,google/gemini-3.6-flash-20260721,high,pattern.java-v1,pattern,text,3. hard,True,reduce-infer-v1,4,4,1,1090,15763,15727,0.05992875,97975.139,0.25,0.04558726080970055,0.6993581574175981,1.0
google/gemini-3.6-flash,google/gemini-3.6-flash-20260721,high,pattern.java-v1,pattern,text,3. hard,True,reduce-taught-v1,4,4,2,1166,15345,15304,0.05841825,102355.425,0.5,0.15003898915214947,0.8499610108478506,1.0
google/gemini-3.6-flash,google/gemini-3.6-flash-20260721,high,pattern.java-v1,pattern,text,4. lunatic,True,reduce-infer-v1,4,4,1,1162,15760,15723,0.05997150,99092.875,0.25,0.04558726080970055,0.6993581574175981,1.0
google/gemini-3.6-flash,google/gemini-3.6-flash-20260721,high,pattern.java-v1,pattern,text,4. lunatic,True,reduce-taught-v1,4,4,4,1238,14843,14815,0.05658975,144105.30599999998,1.0,0.5101091635454027,1.0,1.0
google/gemini-3.6-flash,google/gemini-3.6-flash-20260721,high,pattern.java-v1,pattern,text,5. extra,True,reduce-infer-v1,4,4,3,1213,14177,14143,0.05407350,102518.168,0.75,0.30064184258240184,0.9544127391902995,1.0
google/gemini-3.6-flash,google/gemini-3.6-flash-20260721,high,pattern.java-v1,pattern,text,5. extra,True,reduce-taught-v1,4,4,3,1289,13525,13491,0.05168550,97049.622,0.75,0.30064184258240184,0.9544127391902995,1.0
google/gemini-3.6-flash,google/gemini-3.6-flash-20260721,high,pattern.lisp-v1,pattern,text,1. easy,True,reduce-infer-v1,4,4,4,798,8265,8239,0.03159225,81785.06399999998,1.0,0.5101091635454027,1.0,1.0
google/gemini-3.6-flash,google/gemini-3.6-flash-20260721,high,pattern.lisp-v1,pattern,text,1. easy,True,reduce-taught-v1,4,4,4,874,6766,6738,0.02602800,59931.005000000005,1.0,0.5101091635454027,1.0,1.0
google/gemini-3.6-flash,google/gemini-3.6-flash-20260721,high,pattern.lisp-v1,pattern,text,2. medium,True,reduce-infer-v1,4,4,4,873,7106,7080,0.02730225,77092.001,1.0,0.5101091635454027,1.0,1.0
google/gemini-3.6-flash,google/gemini-3.6-flash-20260721,high,pattern.lisp-v1,pattern,text,2. medium,True,reduce-taught-v1,4,4,2,949,8562,8527,0.03281925,72137.33499999999,0.5,0.15003898915214947,0.8499610108478506,1.0
google/gemini-3.6-flash,google/gemini-3.6-flash-20260721,high,pattern.lisp-v1,pattern,text,3. hard,True,reduce-infer-v1,4,4,1,990,10440,10399,0.0398925,83397.36499999999,0.25,0.04558726080970055,0.6993581574175981,1.0
google/gemini-3.6-flash,google/gemini-3.6-flash-20260721,high,pattern.lisp-v1,pattern,text,3. hard,True,reduce-taught-v1,4,4,3,1066,12318,12284,0.04699200,81515.006,0.75,0.30064184258240184,0.9544127391902995,1.0
google/gemini-3.6-flash,google/gemini-3.6-flash-20260721,high,pattern.lisp-v1,pattern,text,4. lunatic,True,reduce-infer-v1,4,4,0,1042,14960,14922,0.05688150,105084.35700000002,0.0,0.0,0.4898908364545973,1.0
google/gemini-3.6-flash,google/gemini-3.6-flash-20260721,high,pattern.lisp-v1,pattern,text,4. lunatic,True,reduce-taught-v1,4,4,2,1118,15679,15638,0.05963475,112398.899,0.5,0.15003898915214947,0.8499610108478506,1.0
google/gemini-3.6-flash,google/gemini-3.6-flash-20260721,high,pattern.lisp-v1,pattern,text,5. extra,True,reduce-infer-v1,2,2,2,537,6510,6494,0.02481525,55266.28200000001,1.0,0.34238022750665303,1.0,1.0
google/gemini-3.6-flash,google/gemini-3.6-flash-20260721,high,pattern.lisp-v1,pattern,text,5. extra,True,reduce-taught-v1,4,4,3,1149,14379,14345,0.05478300,107441.50099999999,0.75,0.30064184258240184,0.9544127391902995,1.0
google/gemini-3.6-flash,google/gemini-3.6-flash-20260721,high,pattern.plain-v1,pattern,text,1. easy,True,reduce-infer-v1,4,4,3,798,13423,13389,0.05093475,96679.28499999999,0.75,0.30064184258240184,0.9544127391902995,1.0
google/gemini-3.6-flash,google/gemini-3.6-flash-20260721,high,pattern.plain-v1,pattern,text,1. easy,True,reduce-taught-v1,4,4,4,874,7926,7905,0.03037800,77123.418,1.0,0.5101091635454027,1.0,1.0
google/gemini-3.6-flash,google/gemini-3.6-flash-20260721,high,pattern.plain-v1,pattern,text,2. medium,True,reduce-infer-v1,4,4,3,873,15750,15716,0.05971725,113933.897,0.75,0.30064184258240184,0.9544127391902995,1.0
google/gemini-3.6-flash,google/gemini-3.6-flash-20260721,high,pattern.plain-v1,pattern,text,2. medium,True,reduce-taught-v1,4,4,3,949,12425,12392,0.0473055,86700.10399999999,0.75,0.30064184258240184,0.9544127391902995,1.0
google/gemini-3.6-flash,google/gemini-3.6-flash-20260721,high,pattern.plain-v1,pattern,text,3. hard,True,reduce-infer-v1,4,4,4,990,15763,15724,0.05985375,100489.12100000001,1.0,0.5101091635454027,1.0,1.0
google/gemini-3.6-flash,google/gemini-3.6-flash-20260721,high,pattern.plain-v1,pattern,text,3. hard,True,reduce-taught-v1,4,4,3,1066,14770,14736,0.05618700,93715.906,0.75,0.30064184258240184,0.9544127391902995,1.0
google/gemini-3.6-flash,google/gemini-3.6-flash-20260721,high,pattern.plain-v1,pattern,text,4. lunatic,True,reduce-infer-v1,4,4,3,1042,15766,15726,0.05990400,132166.81,0.75,0.30064184258240184,0.9544127391902995,1.0
google/gemini-3.6-flash,google/gemini-3.6-flash-20260721,high,pattern.plain-v1,pattern,text,4. lunatic,True,reduce-taught-v1,4,4,2,1118,14448,14413,0.05501850,93212.095,0.5,0.15003898915214947,0.8499610108478506,1.0
google/gemini-3.6-flash,google/gemini-3.6-flash-20260721,high,pattern.plain-v1,pattern,text,5. extra,True,reduce-infer-v1,4,4,2,1073,14597,14562,0.0555435,103957.14600000001,0.5,0.15003898915214947,0.8499610108478506,1.0
google/gemini-3.6-flash,google/gemini-3.6-flash-20260721,high,pattern.plain-v1,pattern,text,5. extra,True,reduce-taught-v1,4,4,3,1149,14036,13997,0.05349675,128118.87400000001,0.75,0.30064184258240184,0.9544127391902995,1.0
google/gemini-3.6-flash,google/gemini-3.6-flash-20260721,high,pattern.python-v1,pattern,text,1. easy,True,reduce-infer-v1,4,4,4,798,8052,8020,0.03079350,66739.97,1.0,0.5101091635454027,1.0,1.0
google/gemini-3.6-flash,google/gemini-3.6-flash-20260721,high,pattern.python-v1,pattern,text,1. easy,True,reduce-taught-v1,4,4,4,874,6427,6406,0.02475675,62077.651000000005,1.0,0.5101091635454027,1.0,1.0
google/gemini-3.6-flash,google/gemini-3.6-flash-20260721,high,pattern.python-v1,pattern,text,2. medium,True,reduce-infer-v1,4,4,4,873,10349,10327,0.03946350,85640.054,1.0,0.5101091635454027,1.0,1.0
google/gemini-3.6-flash,google/gemini-3.6-flash-20260721,high,pattern.python-v1,pattern,text,2. medium,True,reduce-taught-v1,4,4,3,949,10790,10757,0.04117425,80781.67,0.75,0.30064184258240184,0.9544127391902995,1.0
google/gemini-3.6-flash,google/gemini-3.6-flash-20260721,high,pattern.python-v1,pattern,text,3. hard,True,reduce-infer-v1,4,4,3,990,10954,10919,0.04182000,80199.64600000001,0.75,0.30064184258240184,0.9544127391902995,1.0
google/gemini-3.6-flash,google/gemini-3.6-flash-20260721,high,pattern.python-v1,pattern,text,3. hard,True,reduce-taught-v1,4,4,3,1066,12089,12050,0.04613325,86472.326,0.75,0.30064184258240184,0.9544127391902995,1.0
google/gemini-3.6-flash,google/gemini-3.6-flash-20260721,high,pattern.python-v1,pattern,text,4. lunatic,True,reduce-infer-v1,4,4,1,1042,15222,15185,0.05786400,116650.678,0.25,0.04558726080970055,0.6993581574175981,1.0
google/gemini-3.6-flash,google/gemini-3.6-flash-20260721,high,pattern.python-v1,pattern,text,4. lunatic,True,reduce-taught-v1,4,4,0,1118,14802,14769,0.05634600,96670.736,0.0,0.0,0.4898908364545973,1.0
google/gemini-3.6-flash,google/gemini-3.6-flash-20260721,high,pattern.python-v1,pattern,text,5. extra,True,reduce-infer-v1,4,4,3,1073,13441,13408,0.05120850,141781.108,0.75,0.30064184258240184,0.9544127391902995,1.0
google/gemini-3.6-flash,google/gemini-3.6-flash-20260721,high,pattern.python-v1,pattern,text,5. extra,True,reduce-taught-v1,4,4,3,1149,14032,13999,0.05348175,97886.046,0.75,0.30064184258240184,0.9544127391902995,1.0
google/gemini-3.6-flash,google/gemini-3.6-flash-20260721,high,pattern.rust-v1,pattern,text,1. easy,True,reduce-infer-v1,4,4,4,860,12153,12127,0.04621875,88216.966,1.0,0.5101091635454027,1.0,1.0
google/gemini-3.6-flash,google/gemini-3.6-flash-20260721,high,pattern.rust-v1,pattern,text,1. easy,True,reduce-taught-v1,4,4,1,936,13140,13109,0.0499770,106129.689,0.25,0.04558726080970055,0.6993581574175981,1.0
google/gemini-3.6-flash,google/gemini-3.6-flash-20260721,high,pattern.rust-v1,pattern,text,2. medium,True,reduce-infer-v1,4,4,4,993,11840,11807,0.04514475,81358.063,1.0,0.5101091635454027,1.0,1.0
google/gemini-3.6-flash,google/gemini-3.6-flash-20260721,high,pattern.rust-v1,pattern,text,2. medium,True,reduce-taught-v1,4,4,3,1069,12974,12946,0.04945425,86868.644,0.75,0.30064184258240184,0.9544127391902995,1.0
google/gemini-3.6-flash,google/gemini-3.6-flash-20260721,high,pattern.rust-v1,pattern,text,3. hard,True,reduce-infer-v1,4,4,1,1190,14992,14961,0.05711250,97150.0,0.25,0.04558726080970055,0.6993581574175981,1.0
google/gemini-3.6-flash,google/gemini-3.6-flash-20260721,high,pattern.rust-v1,pattern,text,3. hard,True,reduce-taught-v1,4,4,1,1266,13629,13592,0.05205825,90883.736,0.25,0.04558726080970055,0.6993581574175981,1.0
google/gemini-3.6-flash,google/gemini-3.6-flash-20260721,high,pattern.rust-v1,pattern,text,4. lunatic,True,reduce-infer-v1,4,4,2,1282,15753,15717,0.06003525,119953.644,0.5,0.15003898915214947,0.8499610108478506,1.0
google/gemini-3.6-flash,google/gemini-3.6-flash-20260721,high,pattern.rust-v1,pattern,text,4. lunatic,True,reduce-taught-v1,4,4,3,1358,15765,15726,0.06013725,123276.041,0.75,0.30064184258240184,0.9544127391902995,1.0
google/gemini-3.6-flash,google/gemini-3.6-flash-20260721,high,pattern.rust-v1,pattern,text,5. extra,True,reduce-infer-v1,4,4,3,1353,13150,13105,0.05032725,89978.27299999999,0.75,0.30064184258240184,0.9544127391902995,1.0
google/gemini-3.6-flash,google/gemini-3.6-flash-20260721,high,pattern.rust-v1,pattern,text,5. extra,True,reduce-taught-v1,4,4,1,1429,13144,13103,0.05036175,100775.608,0.25,0.04558726080970055,0.6993581574175981,1.0
google/gemini-3.6-flash,google/gemini-3.6-flash-20260721,high,pattern.scheme-v1,pattern,text,1. easy,True,reduce-infer-v1,4,4,4,798,4554,4533,0.01767600,69541.728,1.0,0.5101091635454027,1.0,1.0
google/gemini-3.6-flash,google/gemini-3.6-flash-20260721,high,pattern.scheme-v1,pattern,text,1. easy,True,reduce-taught-v1,4,4,4,874,6065,6038,0.02339925,57411.458999999995,1.0,0.5101091635454027,1.0,1.0
google/gemini-3.6-flash,google/gemini-3.6-flash-20260721,high,pattern.scheme-v1,pattern,text,2. medium,True,reduce-infer-v1,4,4,4,873,8097,8070,0.03101850,68172.85200000001,1.0,0.5101091635454027,1.0,1.0
google/gemini-3.6-flash,google/gemini-3.6-flash-20260721,high,pattern.scheme-v1,pattern,text,2. medium,True,reduce-taught-v1,4,4,1,949,9423,9387,0.03604800,82082.6,0.25,0.04558726080970055,0.6993581574175981,1.0
google/gemini-3.6-flash,google/gemini-3.6-flash-20260721,high,pattern.scheme-v1,pattern,text,3. hard,True,reduce-infer-v1,4,4,3,990,14671,14631,0.05575875,92852.51299999999,0.75,0.30064184258240184,0.9544127391902995,1.0
google/gemini-3.6-flash,google/gemini-3.6-flash-20260721,high,pattern.scheme-v1,pattern,text,3. hard,True,reduce-taught-v1,4,4,2,1066,13545,13514,0.05159325,89954.324,0.5,0.15003898915214947,0.8499610108478506,1.0
google/gemini-3.6-flash,google/gemini-3.6-flash-20260721,high,pattern.scheme-v1,pattern,text,4. lunatic,True,reduce-infer-v1,4,4,2,1042,15744,15718,0.05982150,147316.032,0.5,0.15003898915214947,0.8499610108478506,1.0
google/gemini-3.6-flash,google/gemini-3.6-flash-20260721,high,pattern.scheme-v1,pattern,text,4. lunatic,True,reduce-taught-v1,4,4,0,1118,15744,15716,0.05987850,110846.52799999999,0.0,0.0,0.4898908364545973,1.0
google/gemini-3.6-flash,google/gemini-3.6-flash-20260721,high,pattern.scheme-v1,pattern,text,5. extra,True,reduce-infer-v1,4,4,2,1073,12525,12484,0.04777350,89224.458,0.5,0.15003898915214947,0.8499610108478506,1.0
google/gemini-3.6-flash,google/gemini-3.6-flash-20260721,high,pattern.scheme-v1,pattern,text,5. extra,True,reduce-taught-v1,4,4,4,1149,13590,13561,0.05182425,93471.29,1.0,0.5101091635454027,1.0,1.0
google/gemini-3.6-flash,google/gemini-3.6-flash-20260721,high,prose.containment-jitter-v1,prose,text,1. easy,True,reduce-infer-v1,4,4,4,823,7399,7373,0.0283635,63980.313,1.0,0.5101091635454027,1.0,1.0
google/gemini-3.6-flash,google/gemini-3.6-flash-20260721,high,prose.containment-jitter-v1,prose,text,1. easy,True,reduce-taught-v1,4,4,4,895,7783,7762,0.0298575,66931.47,1.0,0.5101091635454027,1.0,1.0
google/gemini-3.6-flash,google/gemini-3.6-flash-20260721,high,prose.containment-jitter-v1,prose,text,2. medium,True,reduce-infer-v1,4,4,4,912,8793,8760,0.03365775,68147.446,1.0,0.5101091635454027,1.0,1.0
google/gemini-3.6-flash,google/gemini-3.6-flash-20260721,high,prose.containment-jitter-v1,prose,text,2. medium,True,reduce-taught-v1,4,4,4,984,8303,8281,0.03187425,73364.312,1.0,0.5101091635454027,1.0,1.0
google/gemini-3.6-flash,google/gemini-3.6-flash-20260721,high,prose.containment-jitter-v1,prose,text,3. hard,True,reduce-infer-v1,4,4,4,907,6830,6803,0.02629275,64679.522,1.0,0.5101091635454027,1.0,1.0
google/gemini-3.6-flash,google/gemini-3.6-flash-20260721,high,prose.containment-jitter-v1,prose,text,3. hard,True,reduce-taught-v1,4,4,4,979,8934,8907,0.03423675,68612.68299999999,1.0,0.5101091635454027,1.0,1.0
google/gemini-3.6-flash,google/gemini-3.6-flash-20260721,high,prose.containment-jitter-v1,prose,text,4. lunatic,True,reduce-infer-v1,4,4,4,958,7144,7111,0.02750850,100077.51000000001,1.0,0.5101091635454027,1.0,1.0
google/gemini-3.6-flash,google/gemini-3.6-flash-20260721,high,prose.containment-jitter-v1,prose,text,4. lunatic,True,reduce-taught-v1,4,4,4,1030,8180,8153,0.03144750,86404.886,1.0,0.5101091635454027,1.0,1.0
google/gemini-3.6-flash,google/gemini-3.6-flash-20260721,high,prose.containment-jitter-v1,prose,text,5. extra,True,reduce-infer-v1,4,4,4,1184,15257,15213,0.05810175,105610.74599999998,1.0,0.5101091635454027,1.0,1.0
google/gemini-3.6-flash,google/gemini-3.6-flash-20260721,high,prose.containment-jitter-v1,prose,text,5. extra,True,reduce-taught-v1,4,4,4,1256,14626,14587,0.05578950,103740.677,1.0,0.5101091635454027,1.0,1.0
google/gemini-3.6-flash,google/gemini-3.6-flash-20260721,high,prose.containment-plain-v1,prose,text,1. easy,True,reduce-infer-v1,4,4,4,823,5392,5371,0.02083725,52531.43000000001,1.0,0.5101091635454027,1.0,1.0
google/gemini-3.6-flash,google/gemini-3.6-flash-20260721,high,prose.containment-plain-v1,prose,text,1. easy,True,reduce-taught-v1,4,4,4,895,4702,4675,0.01830375,49953.219000000005,1.0,0.5101091635454027,1.0,1.0
google/gemini-3.6-flash,google/gemini-3.6-flash-20260721,high,prose.containment-plain-v1,prose,text,2. medium,True,reduce-infer-v1,4,4,4,912,8406,8373,0.03220650,71315.039,1.0,0.5101091635454027,1.0,1.0
google/gemini-3.6-flash,google/gemini-3.6-flash-20260721,high,prose.containment-plain-v1,prose,text,2. medium,True,reduce-taught-v1,3,3,3,723,7235,7212,0.02767350,58552.64000000001,1.0,0.4385029682449546,1.0,1.0
google/gemini-3.6-flash,google/gemini-3.6-flash-20260721,high,prose.containment-plain-v1,prose,text,3. hard,True,reduce-infer-v1,4,4,4,907,8125,8100,0.03114900,71964.817,1.0,0.5101091635454027,1.0,1.0
google/gemini-3.6-flash,google/gemini-3.6-flash-20260721,high,prose.containment-plain-v1,prose,text,3. hard,True,reduce-taught-v1,4,4,4,979,8378,8345,0.03215175,65284.956,1.0,0.5101091635454027,1.0,1.0
google/gemini-3.6-flash,google/gemini-3.6-flash-20260721,high,prose.containment-plain-v1,prose,text,4. lunatic,True,reduce-infer-v1,4,4,4,958,7582,7555,0.02915100,95837.33600000001,1.0,0.5101091635454027,1.0,1.0
google/gemini-3.6-flash,google/gemini-3.6-flash-20260721,high,prose.containment-plain-v1,prose,text,4. lunatic,True,reduce-taught-v1,4,4,4,1030,6825,6797,0.02636625,58348.975999999995,1.0,0.5101091635454027,1.0,1.0
google/gemini-3.6-flash,google/gemini-3.6-flash-20260721,high,prose.containment-plain-v1,prose,text,5. extra,True,reduce-infer-v1,4,4,4,1184,14641,14603,0.05579175,94612.076,1.0,0.5101091635454027,1.0,1.0
google/gemini-3.6-flash,google/gemini-3.6-flash-20260721,high,prose.containment-plain-v1,prose,text,5. extra,True,reduce-taught-v1,3,3,3,943,10377,10354,0.0396210,81451.241,1.0,0.4385029682449546,1.0,1.0
google/gemini-3.6-flash,google/gemini-3.6-flash-20260721,high,trees.indent-jitter-v1,trees,text,1. easy,True,reduce-infer-v1,4,4,3,813,12166,12136,0.04623225,88023.661,0.75,0.30064184258240184,0.9544127391902995,1.0
google/gemini-3.6-flash,google/gemini-3.6-flash-20260721,high,trees.indent-jitter-v1,trees,text,1. easy,True,reduce-taught-v1,4,4,4,881,6740,6714,0.02593575,68359.12999999999,1.0,0.5101091635454027,1.0,1.0
google/gemini-3.6-flash,google/gemini-3.6-flash-20260721,high,trees.indent-jitter-v1,trees,text,2. medium,True,reduce-infer-v1,4,4,3,888,14947,14912,0.05671725,109788.247,0.75,0.30064184258240184,0.9544127391902995,1.0
google/gemini-3.6-flash,google/gemini-3.6-flash-20260721,high,trees.indent-jitter-v1,trees,text,2. medium,True,reduce-taught-v1,4,4,4,956,9335,9302,0.03572325,92766.34,1.0,0.5101091635454027,1.0,1.0
google/gemini-3.6-flash,google/gemini-3.6-flash-20260721,high,trees.indent-jitter-v1,trees,text,3. hard,True,reduce-infer-v1,4,4,2,1057,15758,15717,0.05988525,105941.26199999999,0.5,0.15003898915214947,0.8499610108478506,1.0
google/gemini-3.6-flash,google/gemini-3.6-flash-20260721,high,trees.indent-jitter-v1,trees,text,3. hard,True,reduce-taught-v1,4,4,4,1125,12610,12566,0.04813125,80810.194,1.0,0.5101091635454027,1.0,1.0
google/gemini-3.6-flash,google/gemini-3.6-flash-20260721,high,trees.indent-jitter-v1,trees,text,4. lunatic,True,reduce-infer-v1,4,4,2,1202,14937,14907,0.05691525,114295.50600000001,0.5,0.15003898915214947,0.8499610108478506,1.0
google/gemini-3.6-flash,google/gemini-3.6-flash-20260721,high,trees.indent-jitter-v1,trees,text,4. lunatic,True,reduce-taught-v1,4,4,4,1270,15724,15691,0.0599175,91803.059,1.0,0.5101091635454027,1.0,1.0
google/gemini-3.6-flash,google/gemini-3.6-flash-20260721,high,trees.indent-jitter-v1,trees,text,5. extra,True,reduce-infer-v1,4,4,4,1204,15746,15718,0.05995050,102482.15100000001,1.0,0.5101091635454027,1.0,1.0
google/gemini-3.6-flash,google/gemini-3.6-flash-20260721,high,trees.indent-jitter-v1,trees,text,5. extra,True,reduce-taught-v1,4,4,4,1272,15761,15722,0.06005775,120317.51199999999,1.0,0.5101091635454027,1.0,1.0
google/gemini-3.6-flash,google/gemini-3.6-flash-20260721,high,trees.indent-plain-v1,trees,text,1. easy,True,reduce-infer-v1,4,4,4,802,4238,4217,0.01649400,54555.166,1.0,0.5101091635454027,1.0,1.0
google/gemini-3.6-flash,google/gemini-3.6-flash-20260721,high,trees.indent-plain-v1,trees,text,1. easy,True,reduce-taught-v1,4,4,4,870,4667,4634,0.01815375,65689.631,1.0,0.5101091635454027,1.0,1.0
google/gemini-3.6-flash,google/gemini-3.6-flash-20260721,high,trees.indent-plain-v1,trees,text,2. medium,True,reduce-infer-v1,4,4,4,887,7468,7440,0.02867025,64642.094,1.0,0.5101091635454027,1.0,1.0
google/gemini-3.6-flash,google/gemini-3.6-flash-20260721,high,trees.indent-plain-v1,trees,text,2. medium,True,reduce-taught-v1,4,4,4,955,7402,7375,0.02847375,62073.094,1.0,0.5101091635454027,1.0,1.0
google/gemini-3.6-flash,google/gemini-3.6-flash-20260721,high,trees.indent-plain-v1,trees,text,3. hard,True,reduce-infer-v1,4,4,4,1012,9965,9943,0.03812775,81590.608,1.0,0.5101091635454027,1.0,1.0
google/gemini-3.6-flash,google/gemini-3.6-flash-20260721,high,trees.indent-plain-v1,trees,text,3. hard,True,reduce-taught-v1,4,4,4,1080,7515,7482,0.02899125,61275.175,1.0,0.5101091635454027,1.0,1.0
google/gemini-3.6-flash,google/gemini-3.6-flash-20260721,high,trees.indent-plain-v1,trees,text,4. lunatic,True,reduce-infer-v1,4,4,4,1072,10898,10865,0.04167150,73388.35399999999,1.0,0.5101091635454027,1.0,1.0
google/gemini-3.6-flash,google/gemini-3.6-flash-20260721,high,trees.indent-plain-v1,trees,text,4. lunatic,True,reduce-taught-v1,4,4,4,1140,7761,7733,0.02995875,60892.335999999996,1.0,0.5101091635454027,1.0,1.0
google/gemini-3.6-flash,google/gemini-3.6-flash-20260721,high,trees.indent-plain-v1,trees,text,5. extra,True,reduce-infer-v1,4,4,4,1129,11006,10977,0.04211925,104334.75,1.0,0.5101091635454027,1.0,1.0
google/gemini-3.6-flash,google/gemini-3.6-flash-20260721,high,trees.indent-plain-v1,trees,text,5. extra,True,reduce-taught-v1,4,4,4,1197,14138,14104,0.05391525,111272.59299999998,1.0,0.5101091635454027,1.0,1.0
google/gemini-3.6-flash,google/gemini-3.6-flash-20260721,low,biopolymer.rna-dotbracket-filler-v1,biopolymer,text,1. easy,False,reduce-infer-v1,4,4,4,892,2525,2488,0.01013775,44508.873,1.0,0.5101091635454027,1.0,1.0
google/gemini-3.6-flash,google/gemini-3.6-flash-20260721,low,biopolymer.rna-dotbracket-filler-v1,biopolymer,text,1. easy,False,reduce-taught-v1,4,4,4,956,2397,2365,0.00970575,42329.535,1.0,0.5101091635454027,1.0,1.0
google/gemini-3.6-flash,google/gemini-3.6-flash-20260721,low,biopolymer.rna-dotbracket-filler-v1,biopolymer,text,1. easy,True,reduce-infer-v1,4,4,4,888,1280,1248,0.00546600,35621.737,1.0,0.5101091635454027,1.0,1.0
google/gemini-3.6-flash,google/gemini-3.6-flash-20260721,low,biopolymer.rna-dotbracket-filler-v1,biopolymer,text,1. easy,True,reduce-taught-v1,4,4,4,952,1932,1905,0.00795900,47673.84,1.0,0.5101091635454027,1.0,1.0
google/gemini-3.6-flash,google/gemini-3.6-flash-20260721,low,biopolymer.rna-dotbracket-filler-v1,biopolymer,text,2. medium,False,reduce-infer-v1,4,4,4,1062,2991,2954,0.01201275,59619.405,1.0,0.5101091635454027,1.0,1.0
google/gemini-3.6-flash,google/gemini-3.6-flash-20260721,low,biopolymer.rna-dotbracket-filler-v1,biopolymer,text,2. medium,False,reduce-taught-v1,4,4,3,1126,2894,2852,0.01169700,48754.979999999996,0.75,0.30064184258240184,0.9544127391902995,1.0
google/gemini-3.6-flash,google/gemini-3.6-flash-20260721,low,biopolymer.rna-dotbracket-filler-v1,biopolymer,text,2. medium,True,reduce-infer-v1,4,4,4,1038,1633,1607,0.00690225,37220.864,1.0,0.5101091635454027,1.0,1.0
google/gemini-3.6-flash,google/gemini-3.6-flash-20260721,low,biopolymer.rna-dotbracket-filler-v1,biopolymer,text,2. medium,True,reduce-taught-v1,4,4,4,1102,3179,3156,0.01274775,47413.850000000006,1.0,0.5101091635454027,1.0,1.0
google/gemini-3.6-flash,google/gemini-3.6-flash-20260721,low,biopolymer.rna-dotbracket-filler-v1,biopolymer,text,3. hard,False,reduce-infer-v1,4,4,3,1262,2493,2451,0.01029525,141440.452,0.75,0.30064184258240184,0.9544127391902995,1.0
google/gemini-3.6-flash,google/gemini-3.6-flash-20260721,low,biopolymer.rna-dotbracket-filler-v1,biopolymer,text,3. hard,False,reduce-taught-v1,4,4,4,1326,4348,4311,0.01729950,109530.356,1.0,0.5101091635454027,1.0,1.0
google/gemini-3.6-flash,google/gemini-3.6-flash-20260721,low,biopolymer.rna-dotbracket-filler-v1,biopolymer,text,3. hard,True,reduce-infer-v1,4,4,4,1272,4744,4710,0.01874400,61962.604,1.0,0.5101091635454027,1.0,1.0
google/gemini-3.6-flash,google/gemini-3.6-flash-20260721,low,biopolymer.rna-dotbracket-filler-v1,biopolymer,text,3. hard,True,reduce-taught-v1,4,4,3,1336,5217,5194,0.02056575,78169.95199999999,0.75,0.30064184258240184,0.9544127391902995,1.0
google/gemini-3.6-flash,google/gemini-3.6-flash-20260721,low,biopolymer.rna-dotbracket-filler-v1,biopolymer,text,4. lunatic,False,reduce-infer-v1,4,4,2,1362,3361,3326,0.01362525,50658.903000000006,0.5,0.15003898915214947,0.8499610108478506,1.0
google/gemini-3.6-flash,google/gemini-3.6-flash-20260721,low,biopolymer.rna-dotbracket-filler-v1,biopolymer,text,4. lunatic,False,reduce-taught-v1,4,4,1,1426,6364,6329,0.02493450,131643.143,0.25,0.04558726080970055,0.6993581574175981,1.0
google/gemini-3.6-flash,google/gemini-3.6-flash-20260721,low,biopolymer.rna-dotbracket-filler-v1,biopolymer,text,4. lunatic,True,reduce-infer-v1,4,4,3,1368,1345,1300,0.00606975,40182.546,0.75,0.30064184258240184,0.9544127391902995,1.0
google/gemini-3.6-flash,google/gemini-3.6-flash-20260721,low,biopolymer.rna-dotbracket-filler-v1,biopolymer,text,4. lunatic,True,reduce-taught-v1,4,4,3,1432,3976,3937,0.0159840,56317.977,0.75,0.30064184258240184,0.9544127391902995,1.0
google/gemini-3.6-flash,google/gemini-3.6-flash-20260721,low,biopolymer.rna-dotbracket-filler-v1,biopolymer,text,5. extra,False,reduce-infer-v1,4,4,2,1418,2844,2814,0.01172850,69236.019,0.5,0.15003898915214947,0.8499610108478506,1.0
google/gemini-3.6-flash,google/gemini-3.6-flash-20260721,low,biopolymer.rna-dotbracket-filler-v1,biopolymer,text,5. extra,False,reduce-taught-v1,4,4,2,1482,2831,2791,0.01172775,64276.148,0.5,0.15003898915214947,0.8499610108478506,1.0
google/gemini-3.6-flash,google/gemini-3.6-flash-20260721,low,biopolymer.rna-dotbracket-filler-v1,biopolymer,text,5. extra,True,reduce-infer-v1,4,4,2,1430,1949,1909,0.00838125,49637.54899999999,0.5,0.15003898915214947,0.8499610108478506,1.0
google/gemini-3.6-flash,google/gemini-3.6-flash-20260721,low,biopolymer.rna-dotbracket-filler-v1,biopolymer,text,5. extra,True,reduce-taught-v1,4,4,3,1494,2263,2229,0.00960675,46192.307,0.75,0.30064184258240184,0.9544127391902995,1.0
google/gemini-3.6-flash,google/gemini-3.6-flash-20260721,low,biopolymer.rna-dotbracket-plain-v1,biopolymer,text,1. easy,False,reduce-infer-v1,4,4,4,864,1786,1755,0.00734550,37819.812000000005,1.0,0.5101091635454027,1.0,1.0
google/gemini-3.6-flash,google/gemini-3.6-flash-20260721,low,biopolymer.rna-dotbracket-plain-v1,biopolymer,text,1. easy,False,reduce-taught-v1,4,4,4,928,2326,2301,0.0094185,41019.263,1.0,0.5101091635454027,1.0,1.0
google/gemini-3.6-flash,google/gemini-3.6-flash-20260721,low,biopolymer.rna-dotbracket-plain-v1,biopolymer,text,1. easy,True,reduce-infer-v1,4,4,4,864,1611,1591,0.00668925,39059.546,1.0,0.5101091635454027,1.0,1.0
google/gemini-3.6-flash,google/gemini-3.6-flash-20260721,low,biopolymer.rna-dotbracket-plain-v1,biopolymer,text,1. easy,True,reduce-taught-v1,4,4,4,928,1551,1531,0.00651225,55355.239,1.0,0.5101091635454027,1.0,1.0
google/gemini-3.6-flash,google/gemini-3.6-flash-20260721,low,biopolymer.rna-dotbracket-plain-v1,biopolymer,text,2. medium,False,reduce-infer-v1,4,4,4,1000,3138,3102,0.01251750,52157.194,1.0,0.5101091635454027,1.0,1.0
google/gemini-3.6-flash,google/gemini-3.6-flash-20260721,low,biopolymer.rna-dotbracket-plain-v1,biopolymer,text,2. medium,False,reduce-taught-v1,4,4,3,1064,3624,3588,0.01438800,45850.863,0.75,0.30064184258240184,0.9544127391902995,1.0
google/gemini-3.6-flash,google/gemini-3.6-flash-20260721,low,biopolymer.rna-dotbracket-plain-v1,biopolymer,text,2. medium,True,reduce-infer-v1,4,4,4,980,2286,2260,0.00930750,37694.788,1.0,0.5101091635454027,1.0,1.0
google/gemini-3.6-flash,google/gemini-3.6-flash-20260721,low,biopolymer.rna-dotbracket-plain-v1,biopolymer,text,2. medium,True,reduce-taught-v1,4,4,4,1044,2377,2351,0.00969675,41459.797999999995,1.0,0.5101091635454027,1.0,1.0
google/gemini-3.6-flash,google/gemini-3.6-flash-20260721,low,biopolymer.rna-dotbracket-plain-v1,biopolymer,text,3. hard,False,reduce-infer-v1,4,4,3,1140,4895,4859,0.01921125,118830.557,0.75,0.30064184258240184,0.9544127391902995,1.0
google/gemini-3.6-flash,google/gemini-3.6-flash-20260721,low,biopolymer.rna-dotbracket-plain-v1,biopolymer,text,3. hard,False,reduce-taught-v1,4,4,3,1204,4590,4548,0.01811550,71074.554,0.75,0.30064184258240184,0.9544127391902995,1.0
google/gemini-3.6-flash,google/gemini-3.6-flash-20260721,low,biopolymer.rna-dotbracket-plain-v1,biopolymer,text,3. hard,True,reduce-infer-v1,4,4,2,1140,4862,4832,0.01908750,93075.124,0.5,0.15003898915214947,0.8499610108478506,1.0
google/gemini-3.6-flash,google/gemini-3.6-flash-20260721,low,biopolymer.rna-dotbracket-plain-v1,biopolymer,text,3. hard,True,reduce-taught-v1,4,4,2,1204,3922,3876,0.01561050,147011.282,0.5,0.15003898915214947,0.8499610108478506,1.0
google/gemini-3.6-flash,google/gemini-3.6-flash-20260721,low,biopolymer.rna-dotbracket-plain-v1,biopolymer,text,4. lunatic,False,reduce-infer-v1,4,4,1,1220,3750,3716,0.01497750,50896.661,0.25,0.04558726080970055,0.6993581574175981,1.0
google/gemini-3.6-flash,google/gemini-3.6-flash-20260721,low,biopolymer.rna-dotbracket-plain-v1,biopolymer,text,4. lunatic,False,reduce-taught-v1,4,4,0,1284,5196,5157,0.02044800,61590.46,0.0,0.0,0.4898908364545973,1.0
google/gemini-3.6-flash,google/gemini-3.6-flash-20260721,low,biopolymer.rna-dotbracket-plain-v1,biopolymer,text,4. lunatic,True,reduce-infer-v1,4,4,2,1220,7292,7256,0.02826000,64465.672,0.5,0.15003898915214947,0.8499610108478506,1.0
google/gemini-3.6-flash,google/gemini-3.6-flash-20260721,low,biopolymer.rna-dotbracket-plain-v1,biopolymer,text,4. lunatic,True,reduce-taught-v1,4,4,0,1284,6754,6721,0.02629050,63445.588,0.0,0.0,0.4898908364545973,1.0
google/gemini-3.6-flash,google/gemini-3.6-flash-20260721,low,biopolymer.rna-dotbracket-plain-v1,biopolymer,text,5. extra,False,reduce-infer-v1,4,4,2,1300,5929,5894,0.02320875,123827.15400000001,0.5,0.15003898915214947,0.8499610108478506,1.0
google/gemini-3.6-flash,google/gemini-3.6-flash-20260721,low,biopolymer.rna-dotbracket-plain-v1,biopolymer,text,5. extra,False,reduce-taught-v1,4,4,1,1364,5920,5890,0.02322300,86998.831,0.25,0.04558726080970055,0.6993581574175981,1.0
google/gemini-3.6-flash,google/gemini-3.6-flash-20260721,low,biopolymer.rna-dotbracket-plain-v1,biopolymer,text,5. extra,True,reduce-infer-v1,4,4,3,1300,3947,3902,0.01577625,54373.483,0.75,0.30064184258240184,0.9544127391902995,1.0
google/gemini-3.6-flash,google/gemini-3.6-flash-20260721,low,biopolymer.rna-dotbracket-plain-v1,biopolymer,text,5. extra,True,reduce-taught-v1,4,4,4,1364,4587,4549,0.01822425,59965.56799999999,1.0,0.5101091635454027,1.0,1.0
google/gemini-3.6-flash,google/gemini-3.6-flash-20260721,low,embedding.center-clause-jitter-v1,embedding,text,1. easy,False,reduce-infer-v1,4,4,3,874,3645,3603,0.01432425,46828.337999999996,0.75,0.30064184258240184,0.9544127391902995,1.0
google/gemini-3.6-flash,google/gemini-3.6-flash-20260721,low,embedding.center-clause-jitter-v1,embedding,text,1. easy,False,reduce-taught-v1,4,4,3,942,3072,3037,0.01222650,44194.744000000006,0.75,0.30064184258240184,0.9544127391902995,1.0
google/gemini-3.6-flash,google/gemini-3.6-flash-20260721,low,embedding.center-clause-jitter-v1,embedding,text,1. easy,True,reduce-infer-v1,4,4,4,871,3331,3293,0.01314450,56409.863,1.0,0.5101091635454027,1.0,1.0
google/gemini-3.6-flash,google/gemini-3.6-flash-20260721,low,embedding.center-clause-jitter-v1,embedding,text,1. easy,True,reduce-taught-v1,4,4,4,939,2822,2790,0.01128675,55521.897,1.0,0.5101091635454027,1.0,1.0
google/gemini-3.6-flash,google/gemini-3.6-flash-20260721,low,embedding.center-clause-jitter-v1,embedding,text,2. medium,False,reduce-infer-v1,4,4,4,1052,4736,4694,0.01854900,66275.836,1.0,0.5101091635454027,1.0,1.0
google/gemini-3.6-flash,google/gemini-3.6-flash-20260721,low,embedding.center-clause-jitter-v1,embedding,text,2. medium,False,reduce-taught-v1,4,4,3,1120,6172,6135,0.02398500,58869.658,0.75,0.30064184258240184,0.9544127391902995,1.0
google/gemini-3.6-flash,google/gemini-3.6-flash-20260721,low,embedding.center-clause-jitter-v1,embedding,text,2. medium,True,reduce-infer-v1,4,4,4,1016,3653,3626,0.01446075,48081.513,1.0,0.5101091635454027,1.0,1.0
google/gemini-3.6-flash,google/gemini-3.6-flash-20260721,low,embedding.center-clause-jitter-v1,embedding,text,2. medium,True,reduce-taught-v1,4,4,4,1084,4215,4177,0.01661925,49749.609000000004,1.0,0.5101091635454027,1.0,1.0
google/gemini-3.6-flash,google/gemini-3.6-flash-20260721,low,embedding.center-clause-jitter-v1,embedding,text,3. hard,False,reduce-infer-v1,4,4,3,1211,3780,3738,0.01508325,113947.85600000001,0.75,0.30064184258240184,0.9544127391902995,1.0
google/gemini-3.6-flash,google/gemini-3.6-flash-20260721,low,embedding.center-clause-jitter-v1,embedding,text,3. hard,False,reduce-taught-v1,4,4,2,1279,4737,4696,0.01872300,105355.232,0.5,0.15003898915214947,0.8499610108478506,1.0
google/gemini-3.6-flash,google/gemini-3.6-flash-20260721,low,embedding.center-clause-jitter-v1,embedding,text,3. hard,True,reduce-infer-v1,4,4,3,1205,3585,3540,0.01434750,48796.952999999994,0.75,0.30064184258240184,0.9544127391902995,1.0
google/gemini-3.6-flash,google/gemini-3.6-flash-20260721,low,embedding.center-clause-jitter-v1,embedding,text,3. hard,True,reduce-taught-v1,4,4,2,1273,4294,4248,0.01705725,53069.7,0.5,0.15003898915214947,0.8499610108478506,1.0
google/gemini-3.6-flash,google/gemini-3.6-flash-20260721,low,embedding.center-clause-jitter-v1,embedding,text,4. lunatic,False,reduce-infer-v1,4,4,2,1292,2646,2600,0.01089150,62833.011000000006,0.5,0.15003898915214947,0.8499610108478506,1.0
google/gemini-3.6-flash,google/gemini-3.6-flash-20260721,low,embedding.center-clause-jitter-v1,embedding,text,4. lunatic,False,reduce-taught-v1,4,4,3,1360,3280,3243,0.01332000,68251.41200000001,0.75,0.30064184258240184,0.9544127391902995,1.0
google/gemini-3.6-flash,google/gemini-3.6-flash-20260721,low,embedding.center-clause-jitter-v1,embedding,text,4. lunatic,True,reduce-infer-v1,4,4,4,1276,4989,4950,0.01966575,68629.718,1.0,0.5101091635454027,1.0,1.0
google/gemini-3.6-flash,google/gemini-3.6-flash-20260721,low,embedding.center-clause-jitter-v1,embedding,text,4. lunatic,True,reduce-taught-v1,4,4,4,1344,4298,4264,0.01712550,50208.183000000005,1.0,0.5101091635454027,1.0,1.0
google/gemini-3.6-flash,google/gemini-3.6-flash-20260721,low,embedding.center-clause-jitter-v1,embedding,text,5. extra,False,reduce-infer-v1,4,4,2,1417,2003,1963,0.00857400,70519.405,0.5,0.15003898915214947,0.8499610108478506,1.0
google/gemini-3.6-flash,google/gemini-3.6-flash-20260721,low,embedding.center-clause-jitter-v1,embedding,text,5. extra,False,reduce-taught-v1,4,4,1,1485,45,0,0.00128250,39523.899,0.25,0.04558726080970055,0.6993581574175981,1.0
google/gemini-3.6-flash,google/gemini-3.6-flash-20260721,low,embedding.center-clause-jitter-v1,embedding,text,5. extra,True,reduce-infer-v1,4,4,3,1426,1999,1965,0.00856575,46515.566999999995,0.75,0.30064184258240184,0.9544127391902995,1.0
google/gemini-3.6-flash,google/gemini-3.6-flash-20260721,low,embedding.center-clause-jitter-v1,embedding,text,5. extra,True,reduce-taught-v1,4,4,1,1494,24,0,0.00121050,34335.305,0.25,0.04558726080970055,0.6993581574175981,1.0
google/gemini-3.6-flash,google/gemini-3.6-flash-20260721,low,embedding.center-clause-plain-v1,embedding,text,1. easy,False,reduce-infer-v1,4,4,4,874,2347,2320,0.00945675,39351.767,1.0,0.5101091635454027,1.0,1.0
google/gemini-3.6-flash,google/gemini-3.6-flash-20260721,low,embedding.center-clause-plain-v1,embedding,text,1. easy,False,reduce-taught-v1,4,4,4,942,2554,2523,0.01028400,42754.691999999995,1.0,0.5101091635454027,1.0,1.0
google/gemini-3.6-flash,google/gemini-3.6-flash-20260721,low,embedding.center-clause-plain-v1,embedding,text,1. easy,True,reduce-infer-v1,4,4,2,871,2247,2218,0.00907950,40246.78,0.5,0.15003898915214947,0.8499610108478506,1.0
google/gemini-3.6-flash,google/gemini-3.6-flash-20260721,low,embedding.center-clause-plain-v1,embedding,text,1. easy,True,reduce-taught-v1,4,4,4,939,1910,1878,0.00786675,37708.604,1.0,0.5101091635454027,1.0,1.0
google/gemini-3.6-flash,google/gemini-3.6-flash-20260721,low,embedding.center-clause-plain-v1,embedding,text,2. medium,False,reduce-infer-v1,4,4,3,1052,4578,4536,0.01795650,59162.076,0.75,0.30064184258240184,0.9544127391902995,1.0
google/gemini-3.6-flash,google/gemini-3.6-flash-20260721,low,embedding.center-clause-plain-v1,embedding,text,2. medium,False,reduce-taught-v1,4,4,3,1120,4832,4790,0.01896000,65839.949,0.75,0.30064184258240184,0.9544127391902995,1.0
google/gemini-3.6-flash,google/gemini-3.6-flash-20260721,low,embedding.center-clause-plain-v1,embedding,text,2. medium,True,reduce-infer-v1,4,4,4,1016,3843,3799,0.01517325,54656.148,1.0,0.5101091635454027,1.0,1.0
google/gemini-3.6-flash,google/gemini-3.6-flash-20260721,low,embedding.center-clause-plain-v1,embedding,text,2. medium,True,reduce-taught-v1,4,4,4,1084,2840,2802,0.0114630,42695.509999999995,1.0,0.5101091635454027,1.0,1.0
google/gemini-3.6-flash,google/gemini-3.6-flash-20260721,low,embedding.center-clause-plain-v1,embedding,text,3. hard,False,reduce-infer-v1,4,4,4,1211,4381,4338,0.01733700,65176.75899999999,1.0,0.5101091635454027,1.0,1.0
google/gemini-3.6-flash,google/gemini-3.6-flash-20260721,low,embedding.center-clause-plain-v1,embedding,text,3. hard,False,reduce-taught-v1,4,4,3,1279,5651,5604,0.02215050,63856.147,0.75,0.30064184258240184,0.9544127391902995,1.0
google/gemini-3.6-flash,google/gemini-3.6-flash-20260721,low,embedding.center-clause-plain-v1,embedding,text,3. hard,True,reduce-infer-v1,4,4,2,1205,3892,3861,0.01549875,63118.396,0.5,0.15003898915214947,0.8499610108478506,1.0
google/gemini-3.6-flash,google/gemini-3.6-flash-20260721,low,embedding.center-clause-plain-v1,embedding,text,3. hard,True,reduce-taught-v1,4,4,2,1273,5547,5506,0.02175600,144239.04100000003,0.5,0.15003898915214947,0.8499610108478506,1.0
google/gemini-3.6-flash,google/gemini-3.6-flash-20260721,low,embedding.center-clause-plain-v1,embedding,text,4. lunatic,False,reduce-infer-v1,4,4,0,1292,2585,2546,0.01066275,47396.869999999995,0.0,0.0,0.4898908364545973,1.0
google/gemini-3.6-flash,google/gemini-3.6-flash-20260721,low,embedding.center-clause-plain-v1,embedding,text,4. lunatic,False,reduce-taught-v1,4,4,2,1360,4364,4329,0.01738500,55546.641,0.5,0.15003898915214947,0.8499610108478506,1.0
google/gemini-3.6-flash,google/gemini-3.6-flash-20260721,low,embedding.center-clause-plain-v1,embedding,text,4. lunatic,True,reduce-infer-v1,4,4,3,1276,2652,2612,0.01090200,44773.738000000005,0.75,0.30064184258240184,0.9544127391902995,1.0
google/gemini-3.6-flash,google/gemini-3.6-flash-20260721,low,embedding.center-clause-plain-v1,embedding,text,4. lunatic,True,reduce-taught-v1,4,4,2,1344,2456,2427,0.01021800,44223.106,0.5,0.15003898915214947,0.8499610108478506,1.0
google/gemini-3.6-flash,google/gemini-3.6-flash-20260721,low,embedding.center-clause-plain-v1,embedding,text,5. extra,False,reduce-infer-v1,4,4,3,1417,2007,1966,0.00858900,61268.609,0.75,0.30064184258240184,0.9544127391902995,1.0
google/gemini-3.6-flash,google/gemini-3.6-flash-20260721,low,embedding.center-clause-plain-v1,embedding,text,5. extra,False,reduce-taught-v1,4,4,4,1485,1186,1149,0.00556125,43538.22,1.0,0.5101091635454027,1.0,1.0
google/gemini-3.6-flash,google/gemini-3.6-flash-20260721,low,embedding.center-clause-plain-v1,embedding,text,5. extra,True,reduce-infer-v1,4,4,4,1426,977,938,0.00473325,39631.57399999999,1.0,0.5101091635454027,1.0,1.0
google/gemini-3.6-flash,google/gemini-3.6-flash-20260721,low,embedding.center-clause-plain-v1,embedding,text,5. extra,True,reduce-taught-v1,4,4,1,1494,29,0,0.00122925,41911.33899999999,0.25,0.04558726080970055,0.6993581574175981,1.0
google/gemini-3.6-flash,google/gemini-3.6-flash-20260721,low,parens.jitter-v1,parens,text,1. easy,False,reduce-infer-v1,4,4,3,753,2171,2130,0.00870600,43096.611000000004,0.75,0.30064184258240184,0.9544127391902995,1.0
google/gemini-3.6-flash,google/gemini-3.6-flash-20260721,low,parens.jitter-v1,parens,text,1. easy,False,reduce-taught-v1,4,4,4,817,2216,2180,0.00892275,55190.85799999999,1.0,0.5101091635454027,1.0,1.0
google/gemini-3.6-flash,google/gemini-3.6-flash-20260721,low,parens.jitter-v1,parens,text,1. easy,True,reduce-infer-v1,4,4,4,751,1877,1845,0.00760200,37947.801999999996,1.0,0.5101091635454027,1.0,1.0
google/gemini-3.6-flash,google/gemini-3.6-flash-20260721,low,parens.jitter-v1,parens,text,1. easy,True,reduce-taught-v1,4,4,4,815,2419,2386,0.00968250,39839.95,1.0,0.5101091635454027,1.0,1.0
google/gemini-3.6-flash,google/gemini-3.6-flash-20260721,low,parens.jitter-v1,parens,text,2. medium,False,reduce-infer-v1,4,4,4,787,2541,2499,0.01011900,45978.428,1.0,0.5101091635454027,1.0,1.0
google/gemini-3.6-flash,google/gemini-3.6-flash-20260721,low,parens.jitter-v1,parens,text,2. medium,False,reduce-taught-v1,4,4,4,851,2725,2695,0.01085700,49592.72,1.0,0.5101091635454027,1.0,1.0
google/gemini-3.6-flash,google/gemini-3.6-flash-20260721,low,parens.jitter-v1,parens,text,2. medium,True,reduce-infer-v1,4,4,4,785,2944,2924,0.01162875,68471.97,1.0,0.5101091635454027,1.0,1.0
google/gemini-3.6-flash,google/gemini-3.6-flash-20260721,low,parens.jitter-v1,parens,text,2. medium,True,reduce-taught-v1,4,4,4,849,3923,3891,0.01534800,48058.387,1.0,0.5101091635454027,1.0,1.0
google/gemini-3.6-flash,google/gemini-3.6-flash-20260721,low,parens.jitter-v1,parens,text,3. hard,False,reduce-infer-v1,4,4,3,824,4524,4488,0.01758300,56306.039000000004,0.75,0.30064184258240184,0.9544127391902995,1.0
google/gemini-3.6-flash,google/gemini-3.6-flash-20260721,low,parens.jitter-v1,parens,text,3. hard,False,reduce-taught-v1,4,4,3,888,6278,6236,0.02420850,62085.29299999999,0.75,0.30064184258240184,0.9544127391902995,1.0
google/gemini-3.6-flash,google/gemini-3.6-flash-20260721,low,parens.jitter-v1,parens,text,3. hard,True,reduce-infer-v1,4,4,3,824,3821,3782,0.01494675,49536.38799999999,0.75,0.30064184258240184,0.9544127391902995,1.0
google/gemini-3.6-flash,google/gemini-3.6-flash-20260721,low,parens.jitter-v1,parens,text,3. hard,True,reduce-taught-v1,4,4,4,888,5313,5285,0.02058975,58194.217000000004,1.0,0.5101091635454027,1.0,1.0
google/gemini-3.6-flash,google/gemini-3.6-flash-20260721,low,parens.jitter-v1,parens,text,4. lunatic,False,reduce-infer-v1,4,4,3,843,7020,6978,0.02695725,85818.336,0.75,0.30064184258240184,0.9544127391902995,1.0
google/gemini-3.6-flash,google/gemini-3.6-flash-20260721,low,parens.jitter-v1,parens,text,4. lunatic,False,reduce-taught-v1,4,4,2,907,7884,7854,0.03024525,83417.755,0.5,0.15003898915214947,0.8499610108478506,1.0
google/gemini-3.6-flash,google/gemini-3.6-flash-20260721,low,parens.jitter-v1,parens,text,4. lunatic,True,reduce-infer-v1,4,4,2,847,6148,6112,0.02369025,61214.128,0.5,0.15003898915214947,0.8499610108478506,1.0
google/gemini-3.6-flash,google/gemini-3.6-flash-20260721,low,parens.jitter-v1,parens,text,4. lunatic,True,reduce-taught-v1,4,4,1,911,6942,6912,0.02671575,64986.39200000001,0.25,0.04558726080970055,0.6993581574175981,1.0
google/gemini-3.6-flash,google/gemini-3.6-flash-20260721,low,parens.jitter-v1,parens,text,5. extra,False,reduce-infer-v1,4,4,2,866,7556,7515,0.02898450,73405.581,0.5,0.15003898915214947,0.8499610108478506,1.0
google/gemini-3.6-flash,google/gemini-3.6-flash-20260721,low,parens.jitter-v1,parens,text,5. extra,False,reduce-taught-v1,4,4,1,930,4878,4843,0.01899000,68015.262,0.25,0.04558726080970055,0.6993581574175981,1.0
google/gemini-3.6-flash,google/gemini-3.6-flash-20260721,low,parens.jitter-v1,parens,text,5. extra,True,reduce-infer-v1,4,4,4,870,6205,6161,0.02392125,125112.619,1.0,0.5101091635454027,1.0,1.0
google/gemini-3.6-flash,google/gemini-3.6-flash-20260721,low,parens.jitter-v1,parens,text,5. extra,True,reduce-taught-v1,4,4,3,934,5271,5226,0.02046675,58524.228,0.75,0.30064184258240184,0.9544127391902995,1.0
google/gemini-3.6-flash,google/gemini-3.6-flash-20260721,low,parens.noisy-mismatched-v1,parens,text,1. easy,False,reduce-infer-v1,4,4,4,777,4700,4669,0.01820775,57105.626,1.0,0.5101091635454027,1.0,1.0
google/gemini-3.6-flash,google/gemini-3.6-flash-20260721,low,parens.noisy-mismatched-v1,parens,text,1. easy,False,reduce-taught-v1,4,4,2,841,5454,5424,0.02108325,63206.136,0.5,0.15003898915214947,0.8499610108478506,1.0
google/gemini-3.6-flash,google/gemini-3.6-flash-20260721,low,parens.noisy-mismatched-v1,parens,text,1. easy,True,reduce-infer-v1,4,4,4,777,3315,3283,0.01301400,46343.185999999994,1.0,0.5101091635454027,1.0,1.0
google/gemini-3.6-flash,google/gemini-3.6-flash-20260721,low,parens.noisy-mismatched-v1,parens,text,1. easy,True,reduce-taught-v1,4,4,4,841,4501,4472,0.01750950,51439.255,1.0,0.5101091635454027,1.0,1.0
google/gemini-3.6-flash,google/gemini-3.6-flash-20260721,low,parens.noisy-mismatched-v1,parens,text,2. medium,False,reduce-infer-v1,4,4,1,839,5282,5247,0.02043675,57458.549,0.25,0.04558726080970055,0.6993581574175981,1.0
google/gemini-3.6-flash,google/gemini-3.6-flash-20260721,low,parens.noisy-mismatched-v1,parens,text,2. medium,False,reduce-taught-v1,4,4,0,903,5448,5409,0.02110725,55312.314,0.0,0.0,0.4898908364545973,1.0
google/gemini-3.6-flash,google/gemini-3.6-flash-20260721,low,parens.noisy-mismatched-v1,parens,text,2. medium,True,reduce-infer-v1,4,4,4,829,5141,5112,0.01990050,73466.731,1.0,0.5101091635454027,1.0,1.0
google/gemini-3.6-flash,google/gemini-3.6-flash-20260721,low,parens.noisy-mismatched-v1,parens,text,2. medium,True,reduce-taught-v1,4,4,4,893,4556,4528,0.01775475,57298.162000000004,1.0,0.5101091635454027,1.0,1.0
google/gemini-3.6-flash,google/gemini-3.6-flash-20260721,low,parens.noisy-mismatched-v1,parens,text,3. hard,False,reduce-infer-v1,4,4,0,900,1478,1457,0.00621750,151468.08999999997,0.0,0.0,0.4898908364545973,1.0
google/gemini-3.6-flash,google/gemini-3.6-flash-20260721,low,parens.noisy-mismatched-v1,parens,text,3. hard,False,reduce-taught-v1,4,4,0,964,1619,1592,0.00679425,77169.79000000001,0.0,0.0,0.4898908364545973,1.0
google/gemini-3.6-flash,google/gemini-3.6-flash-20260721,low,parens.noisy-mismatched-v1,parens,text,3. hard,True,reduce-infer-v1,4,4,4,900,2543,2511,0.01021125,50375.558000000005,1.0,0.5101091635454027,1.0,1.0
google/gemini-3.6-flash,google/gemini-3.6-flash-20260721,low,parens.noisy-mismatched-v1,parens,text,3. hard,True,reduce-taught-v1,4,4,2,964,4366,4336,0.01709550,98016.25399999999,0.5,0.15003898915214947,0.8499610108478506,1.0
google/gemini-3.6-flash,google/gemini-3.6-flash-20260721,low,parens.noisy-mismatched-v1,parens,text,4. lunatic,False,reduce-infer-v1,4,4,1,935,3716,3688,0.01463625,59205.727,0.25,0.04558726080970055,0.6993581574175981,1.0
google/gemini-3.6-flash,google/gemini-3.6-flash-20260721,low,parens.noisy-mismatched-v1,parens,text,4. lunatic,False,reduce-taught-v1,4,4,0,999,1185,1164,0.0051930,78926.493,0.0,0.0,0.4898908364545973,1.0
google/gemini-3.6-flash,google/gemini-3.6-flash-20260721,low,parens.noisy-mismatched-v1,parens,text,4. lunatic,True,reduce-infer-v1,4,4,2,929,5288,5259,0.02052675,62961.88100000001,0.5,0.15003898915214947,0.8499610108478506,1.0
google/gemini-3.6-flash,google/gemini-3.6-flash-20260721,low,parens.noisy-mismatched-v1,parens,text,4. lunatic,True,reduce-taught-v1,4,4,4,993,2614,2586,0.01054725,62412.964,1.0,0.5101091635454027,1.0,1.0
google/gemini-3.6-flash,google/gemini-3.6-flash-20260721,low,parens.noisy-mismatched-v1,parens,text,5. extra,False,reduce-infer-v1,4,4,1,969,2617,2589,0.01054050,50499.894,0.25,0.04558726080970055,0.6993581574175981,1.0
google/gemini-3.6-flash,google/gemini-3.6-flash-20260721,low,parens.noisy-mismatched-v1,parens,text,5. extra,False,reduce-taught-v1,4,4,2,1033,1322,1288,0.00573225,46835.095,0.5,0.15003898915214947,0.8499610108478506,1.0
google/gemini-3.6-flash,google/gemini-3.6-flash-20260721,low,parens.noisy-mismatched-v1,parens,text,5. extra,True,reduce-infer-v1,4,4,4,966,3960,3926,0.01557450,60722.287,1.0,0.5101091635454027,1.0,1.0
google/gemini-3.6-flash,google/gemini-3.6-flash-20260721,low,parens.noisy-mismatched-v1,parens,text,5. extra,True,reduce-taught-v1,4,4,3,1030,3950,3928,0.0155850,58001.193999999996,0.75,0.30064184258240184,0.9544127391902995,1.0
google/gemini-3.6-flash,google/gemini-3.6-flash-20260721,low,parens.noisy-v1,parens,text,1. easy,False,reduce-infer-v1,4,4,4,764,2412,2382,0.00961800,43265.243,1.0,0.5101091635454027,1.0,1.0
google/gemini-3.6-flash,google/gemini-3.6-flash-20260721,low,parens.noisy-v1,parens,text,1. easy,False,reduce-taught-v1,4,4,4,828,2003,1979,0.00813225,52963.814999999995,1.0,0.5101091635454027,1.0,1.0
google/gemini-3.6-flash,google/gemini-3.6-flash-20260721,low,parens.noisy-v1,parens,text,1. easy,True,reduce-infer-v1,4,4,4,765,1922,1896,0.00778125,57295.92599999999,1.0,0.5101091635454027,1.0,1.0
google/gemini-3.6-flash,google/gemini-3.6-flash-20260721,low,parens.noisy-v1,parens,text,1. easy,True,reduce-taught-v1,4,4,3,829,1995,1968,0.00810300,42479.601,0.75,0.30064184258240184,0.9544127391902995,1.0
google/gemini-3.6-flash,google/gemini-3.6-flash-20260721,low,parens.noisy-v1,parens,text,2. medium,False,reduce-infer-v1,4,4,4,822,3121,3085,0.01232025,55774.694,1.0,0.5101091635454027,1.0,1.0
google/gemini-3.6-flash,google/gemini-3.6-flash-20260721,low,parens.noisy-v1,parens,text,2. medium,False,reduce-taught-v1,4,4,4,886,3574,3538,0.01406700,62651.53599999999,1.0,0.5101091635454027,1.0,1.0
google/gemini-3.6-flash,google/gemini-3.6-flash-20260721,low,parens.noisy-v1,parens,text,2. medium,True,reduce-infer-v1,4,4,4,820,3276,3243,0.01290000,47198.094,1.0,0.5101091635454027,1.0,1.0
google/gemini-3.6-flash,google/gemini-3.6-flash-20260721,low,parens.noisy-v1,parens,text,2. medium,True,reduce-taught-v1,4,4,4,884,2664,2626,0.0106530,47951.166,1.0,0.5101091635454027,1.0,1.0
google/gemini-3.6-flash,google/gemini-3.6-flash-20260721,low,parens.noisy-v1,parens,text,3. hard,False,reduce-infer-v1,4,4,3,879,3227,3197,0.01276050,47593.629,0.75,0.30064184258240184,0.9544127391902995,1.0
google/gemini-3.6-flash,google/gemini-3.6-flash-20260721,low,parens.noisy-v1,parens,text,3. hard,False,reduce-taught-v1,4,4,3,943,4547,4519,0.01775850,90052.44200000001,0.75,0.30064184258240184,0.9544127391902995,1.0
google/gemini-3.6-flash,google/gemini-3.6-flash-20260721,low,parens.noisy-v1,parens,text,3. hard,True,reduce-infer-v1,4,4,3,874,2748,2720,0.01096050,49093.728,0.75,0.30064184258240184,0.9544127391902995,1.0
google/gemini-3.6-flash,google/gemini-3.6-flash-20260721,low,parens.noisy-v1,parens,text,3. hard,True,reduce-taught-v1,4,4,3,938,3635,3601,0.01433475,70584.185,0.75,0.30064184258240184,0.9544127391902995,1.0
google/gemini-3.6-flash,google/gemini-3.6-flash-20260721,low,parens.noisy-v1,parens,text,4. lunatic,False,reduce-infer-v1,4,4,4,912,4893,4855,0.01903275,58056.456999999995,1.0,0.5101091635454027,1.0,1.0
google/gemini-3.6-flash,google/gemini-3.6-flash-20260721,low,parens.noisy-v1,parens,text,4. lunatic,False,reduce-taught-v1,4,4,3,976,4867,4820,0.01898325,62917.993,0.75,0.30064184258240184,0.9544127391902995,1.0
google/gemini-3.6-flash,google/gemini-3.6-flash-20260721,low,parens.noisy-v1,parens,text,4. lunatic,True,reduce-infer-v1,4,4,4,880,4041,3997,0.01581375,52225.600000000006,1.0,0.5101091635454027,1.0,1.0
google/gemini-3.6-flash,google/gemini-3.6-flash-20260721,low,parens.noisy-v1,parens,text,4. lunatic,True,reduce-taught-v1,4,4,3,944,4137,4103,0.01622175,51530.666,0.75,0.30064184258240184,0.9544127391902995,1.0
google/gemini-3.6-flash,google/gemini-3.6-flash-20260721,low,parens.noisy-v1,parens,text,5. extra,False,reduce-infer-v1,4,4,3,942,5584,5542,0.02164650,61093.132000000005,0.75,0.30064184258240184,0.9544127391902995,1.0
google/gemini-3.6-flash,google/gemini-3.6-flash-20260721,low,parens.noisy-v1,parens,text,5. extra,False,reduce-taught-v1,4,4,3,1006,6370,6323,0.02464200,76889.046,0.75,0.30064184258240184,0.9544127391902995,1.0
google/gemini-3.6-flash,google/gemini-3.6-flash-20260721,low,parens.noisy-v1,parens,text,5. extra,True,reduce-infer-v1,4,4,4,948,3802,3764,0.0149685,51490.113,1.0,0.5101091635454027,1.0,1.0
google/gemini-3.6-flash,google/gemini-3.6-flash-20260721,low,parens.noisy-v1,parens,text,5. extra,True,reduce-taught-v1,4,4,4,1012,5023,4979,0.01959525,57698.038,1.0,0.5101091635454027,1.0,1.0
google/gemini-3.6-flash,google/gemini-3.6-flash-20260721,low,parens.reference-v1,parens,text,1. easy,False,reduce-infer-v1,4,4,4,743,2574,2537,0.01020975,43288.713,1.0,0.5101091635454027,1.0,1.0
google/gemini-3.6-flash,google/gemini-3.6-flash-20260721,low,parens.reference-v1,parens,text,1. easy,False,reduce-taught-v1,4,4,4,807,2428,2404,0.00971025,50267.693,1.0,0.5101091635454027,1.0,1.0
google/gemini-3.6-flash,google/gemini-3.6-flash-20260721,low,parens.reference-v1,parens,text,1. easy,True,reduce-infer-v1,4,4,4,745,1652,1620,0.00675375,68597.90400000001,1.0,0.5101091635454027,1.0,1.0
google/gemini-3.6-flash,google/gemini-3.6-flash-20260721,low,parens.reference-v1,parens,text,1. easy,True,reduce-taught-v1,4,4,4,809,1541,1509,0.00638550,37343.821,1.0,0.5101091635454027,1.0,1.0
google/gemini-3.6-flash,google/gemini-3.6-flash-20260721,low,parens.reference-v1,parens,text,2. medium,False,reduce-infer-v1,4,4,4,769,3541,3510,0.01385550,70061.341,1.0,0.5101091635454027,1.0,1.0
google/gemini-3.6-flash,google/gemini-3.6-flash-20260721,low,parens.reference-v1,parens,text,2. medium,False,reduce-taught-v1,4,4,4,833,4102,4070,0.01600725,50292.24399999999,1.0,0.5101091635454027,1.0,1.0
google/gemini-3.6-flash,google/gemini-3.6-flash-20260721,low,parens.reference-v1,parens,text,2. medium,True,reduce-infer-v1,4,4,4,763,3655,3628,0.01427850,50553.383,1.0,0.5101091635454027,1.0,1.0
google/gemini-3.6-flash,google/gemini-3.6-flash-20260721,low,parens.reference-v1,parens,text,2. medium,True,reduce-taught-v1,4,4,4,827,3270,3232,0.01288275,53160.64599999999,1.0,0.5101091635454027,1.0,1.0
google/gemini-3.6-flash,google/gemini-3.6-flash-20260721,low,parens.reference-v1,parens,text,3. hard,False,reduce-infer-v1,4,4,2,808,4570,4535,0.01774350,55275.19899999999,0.5,0.15003898915214947,0.8499610108478506,1.0
google/gemini-3.6-flash,google/gemini-3.6-flash-20260721,low,parens.reference-v1,parens,text,3. hard,False,reduce-taught-v1,4,4,2,872,5089,5043,0.01973775,57278.796,0.5,0.15003898915214947,0.8499610108478506,1.0
google/gemini-3.6-flash,google/gemini-3.6-flash-20260721,low,parens.reference-v1,parens,text,3. hard,True,reduce-infer-v1,4,4,1,812,4415,4380,0.01716525,79591.985,0.25,0.04558726080970055,0.6993581574175981,1.0
google/gemini-3.6-flash,google/gemini-3.6-flash-20260721,low,parens.reference-v1,parens,text,3. hard,True,reduce-taught-v1,4,4,2,876,5391,5366,0.02087325,59979.776,0.5,0.15003898915214947,0.8499610108478506,1.0
google/gemini-3.6-flash,google/gemini-3.6-flash-20260721,low,parens.reference-v1,parens,text,4. lunatic,False,reduce-infer-v1,4,4,2,826,7187,7141,0.02757075,109474.973,0.5,0.15003898915214947,0.8499610108478506,1.0
google/gemini-3.6-flash,google/gemini-3.6-flash-20260721,low,parens.reference-v1,parens,text,4. lunatic,False,reduce-taught-v1,4,4,2,890,3608,3578,0.01419750,77573.098,0.5,0.15003898915214947,0.8499610108478506,1.0
google/gemini-3.6-flash,google/gemini-3.6-flash-20260721,low,parens.reference-v1,parens,text,4. lunatic,True,reduce-infer-v1,4,4,0,826,5431,5399,0.02098575,56394.088,0.0,0.0,0.4898908364545973,1.0
google/gemini-3.6-flash,google/gemini-3.6-flash-20260721,low,parens.reference-v1,parens,text,4. lunatic,True,reduce-taught-v1,4,4,0,890,5716,5668,0.02210250,57325.746,0.0,0.0,0.4898908364545973,1.0
google/gemini-3.6-flash,google/gemini-3.6-flash-20260721,low,parens.reference-v1,parens,text,5. extra,False,reduce-infer-v1,4,4,2,830,6653,6618,0.02557125,75640.966,0.5,0.15003898915214947,0.8499610108478506,1.0
google/gemini-3.6-flash,google/gemini-3.6-flash-20260721,low,parens.reference-v1,parens,text,5. extra,False,reduce-taught-v1,4,4,0,894,7890,7856,0.03025800,71883.187,0.0,0.0,0.4898908364545973,1.0
google/gemini-3.6-flash,google/gemini-3.6-flash-20260721,low,parens.reference-v1,parens,text,5. extra,True,reduce-infer-v1,4,4,4,833,6131,6098,0.02361600,76105.738,1.0,0.5101091635454027,1.0,1.0
google/gemini-3.6-flash,google/gemini-3.6-flash-20260721,low,parens.reference-v1,parens,text,5. extra,True,reduce-taught-v1,4,4,4,897,4052,4019,0.01586775,55713.173,1.0,0.5101091635454027,1.0,1.0
google/gemini-3.6-flash,google/gemini-3.6-flash-20260721,low,parens.word-brackets-mismatched-v1,parens,text,1. easy,False,reduce-infer-v1,4,4,4,782,2722,2691,0.01079400,51696.600000000006,1.0,0.5101091635454027,1.0,1.0
google/gemini-3.6-flash,google/gemini-3.6-flash-20260721,low,parens.word-brackets-mismatched-v1,parens,text,1. easy,False,reduce-taught-v1,4,4,4,854,2519,2488,0.01008675,48256.18400000001,1.0,0.5101091635454027,1.0,1.0
google/gemini-3.6-flash,google/gemini-3.6-flash-20260721,low,parens.word-brackets-mismatched-v1,parens,text,1. easy,True,reduce-infer-v1,4,4,2,782,2476,2448,0.00987150,49892.773,0.5,0.15003898915214947,0.8499610108478506,1.0
google/gemini-3.6-flash,google/gemini-3.6-flash-20260721,low,parens.word-brackets-mismatched-v1,parens,text,1. easy,True,reduce-taught-v1,4,4,2,854,2294,2265,0.00924300,46244.116,0.5,0.15003898915214947,0.8499610108478506,1.0
google/gemini-3.6-flash,google/gemini-3.6-flash-20260721,low,parens.word-brackets-mismatched-v1,parens,text,2. medium,False,reduce-infer-v1,4,4,2,850,6381,6345,0.02456625,68114.51199999999,0.5,0.15003898915214947,0.8499610108478506,1.0
google/gemini-3.6-flash,google/gemini-3.6-flash-20260721,low,parens.word-brackets-mismatched-v1,parens,text,2. medium,False,reduce-taught-v1,4,4,1,922,5181,5147,0.02012025,76527.909,0.25,0.04558726080970055,0.6993581574175981,1.0
google/gemini-3.6-flash,google/gemini-3.6-flash-20260721,low,parens.word-brackets-mismatched-v1,parens,text,2. medium,True,reduce-infer-v1,4,4,4,840,4976,4937,0.01929000,50902.79400000001,1.0,0.5101091635454027,1.0,1.0
google/gemini-3.6-flash,google/gemini-3.6-flash-20260721,low,parens.word-brackets-mismatched-v1,parens,text,2. medium,True,reduce-taught-v1,4,4,4,912,4039,4011,0.01583025,49589.452,1.0,0.5101091635454027,1.0,1.0
google/gemini-3.6-flash,google/gemini-3.6-flash-20260721,low,parens.word-brackets-mismatched-v1,parens,text,3. hard,False,reduce-infer-v1,4,4,1,920,6660,6625,0.02566500,74619.359,0.25,0.04558726080970055,0.6993581574175981,1.0
google/gemini-3.6-flash,google/gemini-3.6-flash-20260721,low,parens.word-brackets-mismatched-v1,parens,text,3. hard,False,reduce-taught-v1,4,4,2,992,6774,6738,0.02614650,110847.391,0.5,0.15003898915214947,0.8499610108478506,1.0
google/gemini-3.6-flash,google/gemini-3.6-flash-20260721,low,parens.word-brackets-mismatched-v1,parens,text,3. hard,True,reduce-infer-v1,4,4,3,920,5905,5865,0.02283375,55898.172,0.75,0.30064184258240184,0.9544127391902995,1.0
google/gemini-3.6-flash,google/gemini-3.6-flash-20260721,low,parens.word-brackets-mismatched-v1,parens,text,3. hard,True,reduce-taught-v1,4,4,3,992,5669,5629,0.02200275,56171.630999999994,0.75,0.30064184258240184,0.9544127391902995,1.0
google/gemini-3.6-flash,google/gemini-3.6-flash-20260721,low,parens.word-brackets-mismatched-v1,parens,text,4. lunatic,False,reduce-infer-v1,4,4,2,960,6710,6680,0.02588250,83183.265,0.5,0.15003898915214947,0.8499610108478506,1.0
google/gemini-3.6-flash,google/gemini-3.6-flash-20260721,low,parens.word-brackets-mismatched-v1,parens,text,4. lunatic,False,reduce-taught-v1,4,4,4,1032,6986,6943,0.02697150,64092.799,1.0,0.5101091635454027,1.0,1.0
google/gemini-3.6-flash,google/gemini-3.6-flash-20260721,low,parens.word-brackets-mismatched-v1,parens,text,4. lunatic,True,reduce-infer-v1,4,4,4,960,6294,6265,0.02432250,58850.891,1.0,0.5101091635454027,1.0,1.0
google/gemini-3.6-flash,google/gemini-3.6-flash-20260721,low,parens.word-brackets-mismatched-v1,parens,text,4. lunatic,True,reduce-taught-v1,4,4,3,1032,6155,6120,0.02385525,61058.210999999996,0.75,0.30064184258240184,0.9544127391902995,1.0
google/gemini-3.6-flash,google/gemini-3.6-flash-20260721,low,parens.word-brackets-mismatched-v1,parens,text,5. extra,False,reduce-infer-v1,4,4,2,1000,7885,7855,0.03031875,67854.038,0.5,0.15003898915214947,0.8499610108478506,1.0
google/gemini-3.6-flash,google/gemini-3.6-flash-20260721,low,parens.word-brackets-mismatched-v1,parens,text,5. extra,False,reduce-taught-v1,4,4,0,1072,3000,2967,0.01205400,50669.739,0.0,0.0,0.4898908364545973,1.0
google/gemini-3.6-flash,google/gemini-3.6-flash-20260721,low,parens.word-brackets-mismatched-v1,parens,text,5. extra,True,reduce-infer-v1,4,4,1,1000,6860,6829,0.02647500,67958.201,0.25,0.04558726080970055,0.6993581574175981,1.0
google/gemini-3.6-flash,google/gemini-3.6-flash-20260721,low,parens.word-brackets-mismatched-v1,parens,text,5. extra,True,reduce-taught-v1,4,4,2,1072,2702,2672,0.01093650,49557.429,0.5,0.15003898915214947,0.8499610108478506,1.0
google/gemini-3.6-flash,google/gemini-3.6-flash-20260721,low,parens.word-brackets-plain-v1,parens,text,1. easy,False,reduce-infer-v1,4,4,3,782,4144,4108,0.0161265,51551.085,0.75,0.30064184258240184,0.9544127391902995,1.0
google/gemini-3.6-flash,google/gemini-3.6-flash-20260721,low,parens.word-brackets-plain-v1,parens,text,1. easy,False,reduce-taught-v1,4,4,4,854,2675,2650,0.01067175,43382.861999999994,1.0,0.5101091635454027,1.0,1.0
google/gemini-3.6-flash,google/gemini-3.6-flash-20260721,low,parens.word-brackets-plain-v1,parens,text,1. easy,True,reduce-infer-v1,4,4,4,782,2229,2197,0.00894525,40514.935000000005,1.0,0.5101091635454027,1.0,1.0
google/gemini-3.6-flash,google/gemini-3.6-flash-20260721,low,parens.word-brackets-plain-v1,parens,text,1. easy,True,reduce-taught-v1,4,4,4,854,1666,1640,0.00688800,42131.543,1.0,0.5101091635454027,1.0,1.0
google/gemini-3.6-flash,google/gemini-3.6-flash-20260721,low,parens.word-brackets-plain-v1,parens,text,2. medium,False,reduce-infer-v1,4,4,2,850,4480,4444,0.0174375,114123.22699999998,0.5,0.15003898915214947,0.8499610108478506,1.0
google/gemini-3.6-flash,google/gemini-3.6-flash-20260721,low,parens.word-brackets-plain-v1,parens,text,2. medium,False,reduce-taught-v1,4,4,3,922,3940,3904,0.01546650,61717.312999999995,0.75,0.30064184258240184,0.9544127391902995,1.0
google/gemini-3.6-flash,google/gemini-3.6-flash-20260721,low,parens.word-brackets-plain-v1,parens,text,2. medium,True,reduce-infer-v1,4,4,4,840,2797,2759,0.01111875,44601.996,1.0,0.5101091635454027,1.0,1.0
google/gemini-3.6-flash,google/gemini-3.6-flash-20260721,low,parens.word-brackets-plain-v1,parens,text,2. medium,True,reduce-taught-v1,4,4,4,912,4505,4482,0.01757775,58935.168000000005,1.0,0.5101091635454027,1.0,1.0
google/gemini-3.6-flash,google/gemini-3.6-flash-20260721,low,parens.word-brackets-plain-v1,parens,text,3. hard,False,reduce-infer-v1,4,4,3,920,4621,4595,0.01801875,96901.603,0.75,0.30064184258240184,0.9544127391902995,1.0
google/gemini-3.6-flash,google/gemini-3.6-flash-20260721,low,parens.word-brackets-plain-v1,parens,text,3. hard,False,reduce-taught-v1,4,4,2,992,5496,5455,0.02135400,128404.889,0.5,0.15003898915214947,0.8499610108478506,1.0
google/gemini-3.6-flash,google/gemini-3.6-flash-20260721,low,parens.word-brackets-plain-v1,parens,text,3. hard,True,reduce-infer-v1,4,4,4,920,5711,5672,0.02210625,56308.681,1.0,0.5101091635454027,1.0,1.0
google/gemini-3.6-flash,google/gemini-3.6-flash-20260721,low,parens.word-brackets-plain-v1,parens,text,3. hard,True,reduce-taught-v1,4,4,3,992,5530,5501,0.02148150,55591.289,0.75,0.30064184258240184,0.9544127391902995,1.0
google/gemini-3.6-flash,google/gemini-3.6-flash-20260721,low,parens.word-brackets-plain-v1,parens,text,4. lunatic,False,reduce-infer-v1,4,4,3,960,7286,7249,0.02804250,65473.186,0.75,0.30064184258240184,0.9544127391902995,1.0
google/gemini-3.6-flash,google/gemini-3.6-flash-20260721,low,parens.word-brackets-plain-v1,parens,text,4. lunatic,False,reduce-taught-v1,4,4,3,1032,6857,6810,0.02648775,71417.113,0.75,0.30064184258240184,0.9544127391902995,1.0
google/gemini-3.6-flash,google/gemini-3.6-flash-20260721,low,parens.word-brackets-plain-v1,parens,text,4. lunatic,True,reduce-infer-v1,4,4,2,960,4013,3983,0.01576875,47829.166000000005,0.5,0.15003898915214947,0.8499610108478506,1.0
google/gemini-3.6-flash,google/gemini-3.6-flash-20260721,low,parens.word-brackets-plain-v1,parens,text,4. lunatic,True,reduce-taught-v1,4,4,1,1032,6235,6193,0.02415525,57768.978,0.25,0.04558726080970055,0.6993581574175981,1.0
google/gemini-3.6-flash,google/gemini-3.6-flash-20260721,low,parens.word-brackets-plain-v1,parens,text,5. extra,False,reduce-infer-v1,4,4,0,1000,7625,7597,0.02934375,69981.59700000001,0.0,0.0,0.4898908364545973,1.0
google/gemini-3.6-flash,google/gemini-3.6-flash-20260721,low,parens.word-brackets-plain-v1,parens,text,5. extra,False,reduce-taught-v1,4,4,1,1072,3947,3924,0.01560525,61462.609,0.25,0.04558726080970055,0.6993581574175981,1.0
google/gemini-3.6-flash,google/gemini-3.6-flash-20260721,low,parens.word-brackets-plain-v1,parens,text,5. extra,True,reduce-infer-v1,4,4,3,1000,3915,3880,0.01543125,51495.941999999995,0.75,0.30064184258240184,0.9544127391902995,1.0
google/gemini-3.6-flash,google/gemini-3.6-flash-20260721,low,parens.word-brackets-plain-v1,parens,text,5. extra,True,reduce-taught-v1,4,4,1,1072,1865,1830,0.00779775,43950.802,0.25,0.04558726080970055,0.6993581574175981,1.0
google/gemini-3.6-flash,google/gemini-3.6-flash-20260721,low,pattern.java-v1,pattern,text,1. easy,False,reduce-infer-v1,4,4,3,831,3270,3240,0.01288575,49829.93600000001,0.75,0.30064184258240184,0.9544127391902995,1.0
google/gemini-3.6-flash,google/gemini-3.6-flash-20260721,low,pattern.java-v1,pattern,text,1. easy,False,reduce-taught-v1,4,4,3,907,2540,2515,0.01020525,42773.095,0.75,0.30064184258240184,0.9544127391902995,1.0
google/gemini-3.6-flash,google/gemini-3.6-flash-20260721,low,pattern.java-v1,pattern,text,1. easy,True,reduce-infer-v1,4,4,4,829,1774,1742,0.00727425,49317.05,1.0,0.5101091635454027,1.0,1.0
google/gemini-3.6-flash,google/gemini-3.6-flash-20260721,low,pattern.java-v1,pattern,text,1. easy,True,reduce-taught-v1,4,4,2,905,1765,1737,0.00729750,40934.023,0.5,0.15003898915214947,0.8499610108478506,1.0
google/gemini-3.6-flash,google/gemini-3.6-flash-20260721,low,pattern.java-v1,pattern,text,2. medium,False,reduce-infer-v1,4,4,0,950,3631,3597,0.01432875,53418.27799999999,0.0,0.0,0.4898908364545973,1.0
google/gemini-3.6-flash,google/gemini-3.6-flash-20260721,low,pattern.java-v1,pattern,text,2. medium,False,reduce-taught-v1,4,4,1,1026,3290,3256,0.01310700,58420.798,0.25,0.04558726080970055,0.6993581574175981,1.0
google/gemini-3.6-flash,google/gemini-3.6-flash-20260721,low,pattern.java-v1,pattern,text,2. medium,True,reduce-infer-v1,4,4,3,933,2456,2423,0.00990975,44557.756,0.75,0.30064184258240184,0.9544127391902995,1.0
google/gemini-3.6-flash,google/gemini-3.6-flash-20260721,low,pattern.java-v1,pattern,text,2. medium,True,reduce-taught-v1,4,4,2,1009,2679,2645,0.01080300,43445.153000000006,0.5,0.15003898915214947,0.8499610108478506,1.0
google/gemini-3.6-flash,google/gemini-3.6-flash-20260721,low,pattern.java-v1,pattern,text,3. hard,False,reduce-infer-v1,4,4,4,1085,3633,3602,0.01443750,93472.12499999999,1.0,0.5101091635454027,1.0,1.0
google/gemini-3.6-flash,google/gemini-3.6-flash-20260721,low,pattern.java-v1,pattern,text,3. hard,False,reduce-taught-v1,4,4,1,1161,4123,4095,0.01633200,58338.056,0.25,0.04558726080970055,0.6993581574175981,1.0
google/gemini-3.6-flash,google/gemini-3.6-flash-20260721,low,pattern.java-v1,pattern,text,3. hard,True,reduce-infer-v1,4,4,3,1090,3444,3415,0.01373250,48086.941,0.75,0.30064184258240184,0.9544127391902995,1.0
google/gemini-3.6-flash,google/gemini-3.6-flash-20260721,low,pattern.java-v1,pattern,text,3. hard,True,reduce-taught-v1,4,4,2,1166,2420,2390,0.00994950,52753.282999999996,0.5,0.15003898915214947,0.8499610108478506,1.0
google/gemini-3.6-flash,google/gemini-3.6-flash-20260721,low,pattern.java-v1,pattern,text,4. lunatic,False,reduce-infer-v1,4,4,2,1159,6151,6120,0.02393550,65828.885,0.5,0.15003898915214947,0.8499610108478506,1.0
google/gemini-3.6-flash,google/gemini-3.6-flash-20260721,low,pattern.java-v1,pattern,text,4. lunatic,False,reduce-taught-v1,4,4,1,1235,6034,5994,0.02355375,85658.082,0.25,0.04558726080970055,0.6993581574175981,1.0
google/gemini-3.6-flash,google/gemini-3.6-flash-20260721,low,pattern.java-v1,pattern,text,4. lunatic,True,reduce-infer-v1,4,4,2,1162,7456,7430,0.02883150,63303.170999999995,0.5,0.15003898915214947,0.8499610108478506,1.0
google/gemini-3.6-flash,google/gemini-3.6-flash-20260721,low,pattern.java-v1,pattern,text,4. lunatic,True,reduce-taught-v1,4,4,2,1238,5173,5142,0.02032725,59943.60399999999,0.5,0.15003898915214947,0.8499610108478506,1.0
google/gemini-3.6-flash,google/gemini-3.6-flash-20260721,low,pattern.java-v1,pattern,text,5. extra,False,reduce-infer-v1,4,4,2,1208,2000,1964,0.00840600,43968.154,0.5,0.15003898915214947,0.8499610108478506,1.0
google/gemini-3.6-flash,google/gemini-3.6-flash-20260721,low,pattern.java-v1,pattern,text,5. extra,False,reduce-taught-v1,4,4,2,1284,5500,5471,0.02158800,63153.993,0.5,0.15003898915214947,0.8499610108478506,1.0
google/gemini-3.6-flash,google/gemini-3.6-flash-20260721,low,pattern.java-v1,pattern,text,5. extra,True,reduce-infer-v1,4,4,4,1213,2969,2935,0.0120435,48080.729,1.0,0.5101091635454027,1.0,1.0
google/gemini-3.6-flash,google/gemini-3.6-flash-20260721,low,pattern.java-v1,pattern,text,5. extra,True,reduce-taught-v1,4,4,1,1289,1359,1329,0.00606300,42016.231,0.25,0.04558726080970055,0.6993581574175981,1.0
google/gemini-3.6-flash,google/gemini-3.6-flash-20260721,low,pattern.lisp-v1,pattern,text,1. easy,False,reduce-infer-v1,4,4,4,800,1916,1890,0.00778500,39055.31,1.0,0.5101091635454027,1.0,1.0
google/gemini-3.6-flash,google/gemini-3.6-flash-20260721,low,pattern.lisp-v1,pattern,text,1. easy,False,reduce-taught-v1,4,4,3,876,2276,2252,0.00919200,41385.331999999995,0.75,0.30064184258240184,0.9544127391902995,1.0
google/gemini-3.6-flash,google/gemini-3.6-flash-20260721,low,pattern.lisp-v1,pattern,text,1. easy,True,reduce-infer-v1,4,4,4,798,1971,1944,0.00798975,48424.811,1.0,0.5101091635454027,1.0,1.0
google/gemini-3.6-flash,google/gemini-3.6-flash-20260721,low,pattern.lisp-v1,pattern,text,1. easy,True,reduce-taught-v1,4,4,4,874,1925,1905,0.00787425,50462.19300000001,1.0,0.5101091635454027,1.0,1.0
google/gemini-3.6-flash,google/gemini-3.6-flash-20260721,low,pattern.lisp-v1,pattern,text,2. medium,False,reduce-infer-v1,4,4,2,885,3008,2978,0.01194375,57853.46000000001,0.5,0.15003898915214947,0.8499610108478506,1.0
google/gemini-3.6-flash,google/gemini-3.6-flash-20260721,low,pattern.lisp-v1,pattern,text,2. medium,False,reduce-taught-v1,4,4,2,961,3280,3246,0.01302075,83305.62700000001,0.5,0.15003898915214947,0.8499610108478506,1.0
google/gemini-3.6-flash,google/gemini-3.6-flash-20260721,low,pattern.lisp-v1,pattern,text,2. medium,True,reduce-infer-v1,4,4,3,873,2361,2328,0.00950850,41622.681000000004,0.75,0.30064184258240184,0.9544127391902995,1.0
google/gemini-3.6-flash,google/gemini-3.6-flash-20260721,low,pattern.lisp-v1,pattern,text,2. medium,True,reduce-taught-v1,4,4,3,949,2701,2677,0.01084050,42147.574,0.75,0.30064184258240184,0.9544127391902995,1.0
google/gemini-3.6-flash,google/gemini-3.6-flash-20260721,low,pattern.lisp-v1,pattern,text,3. hard,False,reduce-infer-v1,4,4,3,985,4260,4228,0.01671375,59412.879,0.75,0.30064184258240184,0.9544127391902995,1.0
google/gemini-3.6-flash,google/gemini-3.6-flash-20260721,low,pattern.lisp-v1,pattern,text,3. hard,False,reduce-taught-v1,4,4,3,1061,4427,4401,0.01739700,52678.572,0.75,0.30064184258240184,0.9544127391902995,1.0
google/gemini-3.6-flash,google/gemini-3.6-flash-20260721,low,pattern.lisp-v1,pattern,text,3. hard,True,reduce-infer-v1,4,4,2,990,4009,3979,0.01577625,60631.549,0.5,0.15003898915214947,0.8499610108478506,1.0
google/gemini-3.6-flash,google/gemini-3.6-flash-20260721,low,pattern.lisp-v1,pattern,text,3. hard,True,reduce-taught-v1,4,4,2,1066,4273,4243,0.01682325,55286.96799999999,0.5,0.15003898915214947,0.8499610108478506,1.0
google/gemini-3.6-flash,google/gemini-3.6-flash-20260721,low,pattern.lisp-v1,pattern,text,4. lunatic,False,reduce-infer-v1,4,4,4,1039,7262,7234,0.02801175,98445.33800000002,1.0,0.5101091635454027,1.0,1.0
google/gemini-3.6-flash,google/gemini-3.6-flash-20260721,low,pattern.lisp-v1,pattern,text,4. lunatic,False,reduce-taught-v1,4,4,4,1115,5846,5813,0.02275875,71510.366,1.0,0.5101091635454027,1.0,1.0
google/gemini-3.6-flash,google/gemini-3.6-flash-20260721,low,pattern.lisp-v1,pattern,text,4. lunatic,True,reduce-infer-v1,4,4,0,1042,7198,7160,0.02777400,68389.25499999999,0.0,0.0,0.4898908364545973,1.0
google/gemini-3.6-flash,google/gemini-3.6-flash-20260721,low,pattern.lisp-v1,pattern,text,4. lunatic,True,reduce-taught-v1,4,4,2,1118,6102,6071,0.02372100,61080.811,0.5,0.15003898915214947,0.8499610108478506,1.0
google/gemini-3.6-flash,google/gemini-3.6-flash-20260721,low,pattern.lisp-v1,pattern,text,5. extra,False,reduce-infer-v1,4,4,2,1068,5326,5295,0.02077350,60353.818999999996,0.5,0.15003898915214947,0.8499610108478506,1.0
google/gemini-3.6-flash,google/gemini-3.6-flash-20260721,low,pattern.lisp-v1,pattern,text,5. extra,False,reduce-taught-v1,4,4,2,1144,6193,6147,0.02408175,59707.447,0.5,0.15003898915214947,0.8499610108478506,1.0
google/gemini-3.6-flash,google/gemini-3.6-flash-20260721,low,pattern.lisp-v1,pattern,text,5. extra,True,reduce-infer-v1,4,4,2,1073,5046,5011,0.01972725,63809.591,0.5,0.15003898915214947,0.8499610108478506,1.0
google/gemini-3.6-flash,google/gemini-3.6-flash-20260721,low,pattern.lisp-v1,pattern,text,5. extra,True,reduce-taught-v1,4,4,2,1149,3539,3503,0.01413300,60131.652,0.5,0.15003898915214947,0.8499610108478506,1.0
google/gemini-3.6-flash,google/gemini-3.6-flash-20260721,low,pattern.plain-v1,pattern,text,1. easy,False,reduce-infer-v1,4,4,4,800,2638,2612,0.01049250,42836.381,1.0,0.5101091635454027,1.0,1.0
google/gemini-3.6-flash,google/gemini-3.6-flash-20260721,low,pattern.plain-v1,pattern,text,1. easy,False,reduce-taught-v1,4,4,4,876,2734,2703,0.01090950,51442.349,1.0,0.5101091635454027,1.0,1.0
google/gemini-3.6-flash,google/gemini-3.6-flash-20260721,low,pattern.plain-v1,pattern,text,1. easy,True,reduce-infer-v1,4,4,1,798,3369,3345,0.01323225,45654.428,0.25,0.04558726080970055,0.6993581574175981,1.0
google/gemini-3.6-flash,google/gemini-3.6-flash-20260721,low,pattern.plain-v1,pattern,text,1. easy,True,reduce-taught-v1,4,4,3,874,1908,1886,0.00781050,48484.78999999999,0.75,0.30064184258240184,0.9544127391902995,1.0
google/gemini-3.6-flash,google/gemini-3.6-flash-20260721,low,pattern.plain-v1,pattern,text,2. medium,False,reduce-infer-v1,4,4,4,885,5412,5384,0.02095875,69517.515,1.0,0.5101091635454027,1.0,1.0
google/gemini-3.6-flash,google/gemini-3.6-flash-20260721,low,pattern.plain-v1,pattern,text,2. medium,False,reduce-taught-v1,4,4,3,961,3939,3902,0.01549200,54449.507,0.75,0.30064184258240184,0.9544127391902995,1.0
google/gemini-3.6-flash,google/gemini-3.6-flash-20260721,low,pattern.plain-v1,pattern,text,2. medium,True,reduce-infer-v1,4,4,0,873,4922,4896,0.01911225,53044.653999999995,0.0,0.0,0.4898908364545973,1.0
google/gemini-3.6-flash,google/gemini-3.6-flash-20260721,low,pattern.plain-v1,pattern,text,2. medium,True,reduce-taught-v1,4,4,2,949,3111,3081,0.01237800,46726.751000000004,0.5,0.15003898915214947,0.8499610108478506,1.0
google/gemini-3.6-flash,google/gemini-3.6-flash-20260721,low,pattern.plain-v1,pattern,text,3. hard,False,reduce-infer-v1,4,4,4,985,5484,5441,0.02130375,61347.089,1.0,0.5101091635454027,1.0,1.0
google/gemini-3.6-flash,google/gemini-3.6-flash-20260721,low,pattern.plain-v1,pattern,text,3. hard,False,reduce-taught-v1,4,4,2,1061,4727,4704,0.01852200,54569.523,0.5,0.15003898915214947,0.8499610108478506,1.0
google/gemini-3.6-flash,google/gemini-3.6-flash-20260721,low,pattern.plain-v1,pattern,text,3. hard,True,reduce-infer-v1,4,4,0,990,4490,4453,0.01758000,57388.664000000004,0.0,0.0,0.4898908364545973,1.0
google/gemini-3.6-flash,google/gemini-3.6-flash-20260721,low,pattern.plain-v1,pattern,text,3. hard,True,reduce-taught-v1,4,4,1,1066,5245,5208,0.02046825,64507.97899999999,0.25,0.04558726080970055,0.6993581574175981,1.0
google/gemini-3.6-flash,google/gemini-3.6-flash-20260721,low,pattern.plain-v1,pattern,text,4. lunatic,False,reduce-infer-v1,4,4,3,1039,6403,6376,0.02479050,64216.507,0.75,0.30064184258240184,0.9544127391902995,1.0
google/gemini-3.6-flash,google/gemini-3.6-flash-20260721,low,pattern.plain-v1,pattern,text,4. lunatic,False,reduce-taught-v1,4,4,4,1115,4464,4432,0.01757625,61149.184,1.0,0.5101091635454027,1.0,1.0
google/gemini-3.6-flash,google/gemini-3.6-flash-20260721,low,pattern.plain-v1,pattern,text,4. lunatic,True,reduce-infer-v1,4,4,0,1042,4383,4340,0.01721775,50690.838,0.0,0.0,0.4898908364545973,1.0
google/gemini-3.6-flash,google/gemini-3.6-flash-20260721,low,pattern.plain-v1,pattern,text,4. lunatic,True,reduce-taught-v1,4,4,1,1118,4486,4444,0.01766100,54681.483,0.25,0.04558726080970055,0.6993581574175981,1.0
google/gemini-3.6-flash,google/gemini-3.6-flash-20260721,low,pattern.plain-v1,pattern,text,5. extra,False,reduce-infer-v1,4,4,3,1068,6702,6660,0.0259335,67579.892,0.75,0.30064184258240184,0.9544127391902995,1.0
google/gemini-3.6-flash,google/gemini-3.6-flash-20260721,low,pattern.plain-v1,pattern,text,5. extra,False,reduce-taught-v1,4,4,3,1144,4698,4667,0.01847550,57110.924,0.75,0.30064184258240184,0.9544127391902995,1.0
google/gemini-3.6-flash,google/gemini-3.6-flash-20260721,low,pattern.plain-v1,pattern,text,5. extra,True,reduce-infer-v1,4,4,1,1073,2901,2860,0.01168350,50448.104999999996,0.25,0.04558726080970055,0.6993581574175981,1.0
google/gemini-3.6-flash,google/gemini-3.6-flash-20260721,low,pattern.plain-v1,pattern,text,5. extra,True,reduce-taught-v1,4,4,3,1149,3201,3161,0.01286550,60663.149,0.75,0.30064184258240184,0.9544127391902995,1.0
google/gemini-3.6-flash,google/gemini-3.6-flash-20260721,low,pattern.python-v1,pattern,text,1. easy,False,reduce-infer-v1,4,4,4,800,2435,2405,0.00973125,49948.159,1.0,0.5101091635454027,1.0,1.0
google/gemini-3.6-flash,google/gemini-3.6-flash-20260721,low,pattern.python-v1,pattern,text,1. easy,False,reduce-taught-v1,4,4,4,876,3042,3010,0.01206450,60680.433000000005,1.0,0.5101091635454027,1.0,1.0
google/gemini-3.6-flash,google/gemini-3.6-flash-20260721,low,pattern.python-v1,pattern,text,1. easy,True,reduce-infer-v1,4,4,4,798,1758,1732,0.00719100,38441.001,1.0,0.5101091635454027,1.0,1.0
google/gemini-3.6-flash,google/gemini-3.6-flash-20260721,low,pattern.python-v1,pattern,text,1. easy,True,reduce-taught-v1,4,4,3,874,2670,2636,0.01066800,42892.085999999996,0.75,0.30064184258240184,0.9544127391902995,1.0
google/gemini-3.6-flash,google/gemini-3.6-flash-20260721,low,pattern.python-v1,pattern,text,2. medium,False,reduce-infer-v1,4,4,2,885,3963,3934,0.01552500,60496.209,0.5,0.15003898915214947,0.8499610108478506,1.0
google/gemini-3.6-flash,google/gemini-3.6-flash-20260721,low,pattern.python-v1,pattern,text,2. medium,False,reduce-taught-v1,4,4,2,961,4344,4319,0.01701075,51923.412,0.5,0.15003898915214947,0.8499610108478506,1.0
google/gemini-3.6-flash,google/gemini-3.6-flash-20260721,low,pattern.python-v1,pattern,text,2. medium,True,reduce-infer-v1,4,4,1,873,4137,4107,0.01616850,48617.009,0.25,0.04558726080970055,0.6993581574175981,1.0
google/gemini-3.6-flash,google/gemini-3.6-flash-20260721,low,pattern.python-v1,pattern,text,2. medium,True,reduce-taught-v1,4,4,2,949,3143,3109,0.01249800,44494.026999999995,0.5,0.15003898915214947,0.8499610108478506,1.0
google/gemini-3.6-flash,google/gemini-3.6-flash-20260721,low,pattern.python-v1,pattern,text,3. hard,False,reduce-infer-v1,4,4,3,985,4664,4627,0.01822875,70800.851,0.75,0.30064184258240184,0.9544127391902995,1.0
google/gemini-3.6-flash,google/gemini-3.6-flash-20260721,low,pattern.python-v1,pattern,text,3. hard,False,reduce-taught-v1,4,4,1,1061,3605,3570,0.01431450,120459.015,0.25,0.04558726080970055,0.6993581574175981,1.0
google/gemini-3.6-flash,google/gemini-3.6-flash-20260721,low,pattern.python-v1,pattern,text,3. hard,True,reduce-infer-v1,4,4,2,990,3234,3199,0.01287000,46741.924999999996,0.5,0.15003898915214947,0.8499610108478506,1.0
google/gemini-3.6-flash,google/gemini-3.6-flash-20260721,low,pattern.python-v1,pattern,text,3. hard,True,reduce-taught-v1,4,4,3,1066,3934,3899,0.01555200,58175.861999999994,0.75,0.30064184258240184,0.9544127391902995,1.0
google/gemini-3.6-flash,google/gemini-3.6-flash-20260721,low,pattern.python-v1,pattern,text,4. lunatic,False,reduce-infer-v1,4,4,0,1039,7210,7186,0.02781675,72593.16,0.0,0.0,0.4898908364545973,1.0
google/gemini-3.6-flash,google/gemini-3.6-flash-20260721,low,pattern.python-v1,pattern,text,4. lunatic,False,reduce-taught-v1,4,4,2,1115,3720,3684,0.01478625,49890.347,0.5,0.15003898915214947,0.8499610108478506,1.0
google/gemini-3.6-flash,google/gemini-3.6-flash-20260721,low,pattern.python-v1,pattern,text,4. lunatic,True,reduce-infer-v1,4,4,0,1042,7188,7160,0.02773650,64188.622,0.0,0.0,0.4898908364545973,1.0
google/gemini-3.6-flash,google/gemini-3.6-flash-20260721,low,pattern.python-v1,pattern,text,4. lunatic,True,reduce-taught-v1,4,4,1,1118,3507,3471,0.01398975,52144.014,0.25,0.04558726080970055,0.6993581574175981,1.0
google/gemini-3.6-flash,google/gemini-3.6-flash-20260721,low,pattern.python-v1,pattern,text,5. extra,False,reduce-infer-v1,4,4,1,1068,6055,6026,0.02350725,78283.957,0.25,0.04558726080970055,0.6993581574175981,1.0
google/gemini-3.6-flash,google/gemini-3.6-flash-20260721,low,pattern.python-v1,pattern,text,5. extra,False,reduce-taught-v1,4,4,0,1144,3823,3789,0.01519425,51570.795,0.0,0.0,0.4898908364545973,1.0
google/gemini-3.6-flash,google/gemini-3.6-flash-20260721,low,pattern.python-v1,pattern,text,5. extra,True,reduce-infer-v1,4,4,2,1073,4512,4483,0.01772475,57957.485,0.5,0.15003898915214947,0.8499610108478506,1.0
google/gemini-3.6-flash,google/gemini-3.6-flash-20260721,low,pattern.python-v1,pattern,text,5. extra,True,reduce-taught-v1,4,4,4,1149,3307,3274,0.01326300,59994.455,1.0,0.5101091635454027,1.0,1.0
google/gemini-3.6-flash,google/gemini-3.6-flash-20260721,low,pattern.rust-v1,pattern,text,1. easy,False,reduce-infer-v1,4,4,3,862,2709,2684,0.01080525,42611.44,0.75,0.30064184258240184,0.9544127391902995,1.0
google/gemini-3.6-flash,google/gemini-3.6-flash-20260721,low,pattern.rust-v1,pattern,text,1. easy,False,reduce-taught-v1,4,4,3,938,2758,2723,0.01104600,43124.83,0.75,0.30064184258240184,0.9544127391902995,1.0
google/gemini-3.6-flash,google/gemini-3.6-flash-20260721,low,pattern.rust-v1,pattern,text,1. easy,True,reduce-infer-v1,4,4,2,860,2111,2087,0.00856125,46109.397000000004,0.5,0.15003898915214947,0.8499610108478506,1.0
google/gemini-3.6-flash,google/gemini-3.6-flash-20260721,low,pattern.rust-v1,pattern,text,1. easy,True,reduce-taught-v1,4,4,3,936,1711,1683,0.00711825,37375.379,0.75,0.30064184258240184,0.9544127391902995,1.0
google/gemini-3.6-flash,google/gemini-3.6-flash-20260721,low,pattern.rust-v1,pattern,text,2. medium,False,reduce-infer-v1,4,4,2,1015,3225,3195,0.01285500,64864.832,0.5,0.15003898915214947,0.8499610108478506,1.0
google/gemini-3.6-flash,google/gemini-3.6-flash-20260721,low,pattern.rust-v1,pattern,text,2. medium,False,reduce-taught-v1,4,4,1,1091,3672,3643,0.01458825,47480.695999999996,0.25,0.04558726080970055,0.6993581574175981,1.0
google/gemini-3.6-flash,google/gemini-3.6-flash-20260721,low,pattern.rust-v1,pattern,text,2. medium,True,reduce-infer-v1,4,4,3,993,3971,3932,0.01563600,46899.668,0.75,0.30064184258240184,0.9544127391902995,1.0
google/gemini-3.6-flash,google/gemini-3.6-flash-20260721,low,pattern.rust-v1,pattern,text,2. medium,True,reduce-taught-v1,4,4,3,1069,3965,3931,0.01567050,58116.865999999995,0.75,0.30064184258240184,0.9544127391902995,1.0
google/gemini-3.6-flash,google/gemini-3.6-flash-20260721,low,pattern.rust-v1,pattern,text,3. hard,False,reduce-infer-v1,4,4,2,1185,4651,4620,0.01833000,51389.981,0.5,0.15003898915214947,0.8499610108478506,1.0
google/gemini-3.6-flash,google/gemini-3.6-flash-20260721,low,pattern.rust-v1,pattern,text,3. hard,False,reduce-taught-v1,4,4,2,1261,3192,3152,0.01291575,49750.91,0.5,0.15003898915214947,0.8499610108478506,1.0
google/gemini-3.6-flash,google/gemini-3.6-flash-20260721,low,pattern.rust-v1,pattern,text,3. hard,True,reduce-infer-v1,4,4,0,1190,4316,4273,0.01707750,56197.102000000006,0.0,0.0,0.4898908364545973,1.0
google/gemini-3.6-flash,google/gemini-3.6-flash-20260721,low,pattern.rust-v1,pattern,text,3. hard,True,reduce-taught-v1,4,4,3,1266,4738,4703,0.01871700,53519.554000000004,0.75,0.30064184258240184,0.9544127391902995,1.0
google/gemini-3.6-flash,google/gemini-3.6-flash-20260721,low,pattern.rust-v1,pattern,text,4. lunatic,False,reduce-infer-v1,4,4,2,1279,4987,4941,0.01966050,60180.907999999996,0.5,0.15003898915214947,0.8499610108478506,1.0
google/gemini-3.6-flash,google/gemini-3.6-flash-20260721,low,pattern.rust-v1,pattern,text,4. lunatic,False,reduce-taught-v1,4,4,3,1355,5562,5535,0.02187375,59905.568,0.75,0.30064184258240184,0.9544127391902995,1.0
google/gemini-3.6-flash,google/gemini-3.6-flash-20260721,low,pattern.rust-v1,pattern,text,4. lunatic,True,reduce-infer-v1,4,4,3,1282,4969,4935,0.01959525,71131.758,0.75,0.30064184258240184,0.9544127391902995,1.0
google/gemini-3.6-flash,google/gemini-3.6-flash-20260721,low,pattern.rust-v1,pattern,text,4. lunatic,True,reduce-taught-v1,4,4,2,1358,4183,4152,0.01670475,50655.612,0.5,0.15003898915214947,0.8499610108478506,1.0
google/gemini-3.6-flash,google/gemini-3.6-flash-20260721,low,pattern.rust-v1,pattern,text,5. extra,False,reduce-infer-v1,4,4,2,1348,6021,5995,0.02358975,61327.772,0.5,0.15003898915214947,0.8499610108478506,1.0
google/gemini-3.6-flash,google/gemini-3.6-flash-20260721,low,pattern.rust-v1,pattern,text,5. extra,False,reduce-taught-v1,4,4,3,1424,3263,3239,0.01330425,49997.581000000006,0.75,0.30064184258240184,0.9544127391902995,1.0
google/gemini-3.6-flash,google/gemini-3.6-flash-20260721,low,pattern.rust-v1,pattern,text,5. extra,True,reduce-infer-v1,4,4,3,1353,2246,2212,0.00943725,65160.158,0.75,0.30064184258240184,0.9544127391902995,1.0
google/gemini-3.6-flash,google/gemini-3.6-flash-20260721,low,pattern.rust-v1,pattern,text,5. extra,True,reduce-taught-v1,4,4,3,1429,966,927,0.00469425,53224.394,0.75,0.30064184258240184,0.9544127391902995,1.0
google/gemini-3.6-flash,google/gemini-3.6-flash-20260721,low,pattern.scheme-v1,pattern,text,1. easy,False,reduce-infer-v1,4,4,4,800,1957,1926,0.00793875,40337.604999999996,1.0,0.5101091635454027,1.0,1.0
google/gemini-3.6-flash,google/gemini-3.6-flash-20260721,low,pattern.scheme-v1,pattern,text,1. easy,False,reduce-taught-v1,4,4,4,876,1831,1806,0.00752325,40602.062999999995,1.0,0.5101091635454027,1.0,1.0
google/gemini-3.6-flash,google/gemini-3.6-flash-20260721,low,pattern.scheme-v1,pattern,text,1. easy,True,reduce-infer-v1,4,4,4,798,1732,1712,0.00709350,41787.104,1.0,0.5101091635454027,1.0,1.0
google/gemini-3.6-flash,google/gemini-3.6-flash-20260721,low,pattern.scheme-v1,pattern,text,1. easy,True,reduce-taught-v1,4,4,4,874,1546,1519,0.00645300,36904.762,1.0,0.5101091635454027,1.0,1.0
google/gemini-3.6-flash,google/gemini-3.6-flash-20260721,low,pattern.scheme-v1,pattern,text,2. medium,False,reduce-infer-v1,4,4,3,885,3461,3430,0.01364250,47861.935000000005,0.75,0.30064184258240184,0.9544127391902995,1.0
google/gemini-3.6-flash,google/gemini-3.6-flash-20260721,low,pattern.scheme-v1,pattern,text,2. medium,False,reduce-taught-v1,4,4,4,961,3371,3340,0.01336200,61379.878,1.0,0.5101091635454027,1.0,1.0
google/gemini-3.6-flash,google/gemini-3.6-flash-20260721,low,pattern.scheme-v1,pattern,text,2. medium,True,reduce-infer-v1,4,4,2,873,2064,2035,0.00839475,44646.043,0.5,0.15003898915214947,0.8499610108478506,1.0
google/gemini-3.6-flash,google/gemini-3.6-flash-20260721,low,pattern.scheme-v1,pattern,text,2. medium,True,reduce-taught-v1,4,4,3,949,2382,2349,0.00964425,42260.382,0.75,0.30064184258240184,0.9544127391902995,1.0
google/gemini-3.6-flash,google/gemini-3.6-flash-20260721,low,pattern.scheme-v1,pattern,text,3. hard,False,reduce-infer-v1,4,4,2,985,3968,3933,0.01561875,55984.877,0.5,0.15003898915214947,0.8499610108478506,1.0
google/gemini-3.6-flash,google/gemini-3.6-flash-20260721,low,pattern.scheme-v1,pattern,text,3. hard,False,reduce-taught-v1,4,4,1,1061,4530,4501,0.01778325,136793.829,0.25,0.04558726080970055,0.6993581574175981,1.0
google/gemini-3.6-flash,google/gemini-3.6-flash-20260721,low,pattern.scheme-v1,pattern,text,3. hard,True,reduce-infer-v1,4,4,1,990,3085,3060,0.01231125,55422.055,0.25,0.04558726080970055,0.6993581574175981,1.0
google/gemini-3.6-flash,google/gemini-3.6-flash-20260721,low,pattern.scheme-v1,pattern,text,3. hard,True,reduce-taught-v1,4,4,0,1066,5693,5666,0.02214825,66999.467,0.0,0.0,0.4898908364545973,1.0
google/gemini-3.6-flash,google/gemini-3.6-flash-20260721,low,pattern.scheme-v1,pattern,text,4. lunatic,False,reduce-infer-v1,4,4,3,1039,6521,6484,0.02523300,78620.66,0.75,0.30064184258240184,0.9544127391902995,1.0
google/gemini-3.6-flash,google/gemini-3.6-flash-20260721,low,pattern.scheme-v1,pattern,text,4. lunatic,False,reduce-taught-v1,4,4,1,1115,3553,3523,0.01416000,49997.09,0.25,0.04558726080970055,0.6993581574175981,1.0
google/gemini-3.6-flash,google/gemini-3.6-flash-20260721,low,pattern.scheme-v1,pattern,text,4. lunatic,True,reduce-infer-v1,4,4,3,1042,4642,4607,0.01818900,72091.854,0.75,0.30064184258240184,0.9544127391902995,1.0
google/gemini-3.6-flash,google/gemini-3.6-flash-20260721,low,pattern.scheme-v1,pattern,text,4. lunatic,True,reduce-taught-v1,4,4,1,1118,6151,6119,0.02390475,63605.484,0.25,0.04558726080970055,0.6993581574175981,1.0
google/gemini-3.6-flash,google/gemini-3.6-flash-20260721,low,pattern.scheme-v1,pattern,text,5. extra,False,reduce-infer-v1,4,4,1,1068,4073,4033,0.01607475,54424.727999999996,0.25,0.04558726080970055,0.6993581574175981,1.0
google/gemini-3.6-flash,google/gemini-3.6-flash-20260721,low,pattern.scheme-v1,pattern,text,5. extra,False,reduce-taught-v1,4,4,2,1144,2973,2943,0.01200675,47925.333,0.5,0.15003898915214947,0.8499610108478506,1.0
google/gemini-3.6-flash,google/gemini-3.6-flash-20260721,low,pattern.scheme-v1,pattern,text,5. extra,True,reduce-infer-v1,4,4,4,1073,2267,2234,0.00930600,42053.123,1.0,0.5101091635454027,1.0,1.0
google/gemini-3.6-flash,google/gemini-3.6-flash-20260721,low,pattern.scheme-v1,pattern,text,5. extra,True,reduce-taught-v1,4,4,2,1149,1999,1964,0.00835800,43557.69900000001,0.5,0.15003898915214947,0.8499610108478506,1.0
google/gemini-3.6-flash,google/gemini-3.6-flash-20260721,low,prose.containment-jitter-v1,prose,text,1. easy,False,reduce-infer-v1,4,4,3,838,3093,3063,0.01222725,44396.344,0.75,0.30064184258240184,0.9544127391902995,1.0
google/gemini-3.6-flash,google/gemini-3.6-flash-20260721,low,prose.containment-jitter-v1,prose,text,1. easy,False,reduce-taught-v1,4,4,4,910,3824,3794,0.01502250,50238.918999999994,1.0,0.5101091635454027,1.0,1.0
google/gemini-3.6-flash,google/gemini-3.6-flash-20260721,low,prose.containment-jitter-v1,prose,text,1. easy,True,reduce-infer-v1,4,4,4,823,1807,1787,0.00739350,37860.26,1.0,0.5101091635454027,1.0,1.0
google/gemini-3.6-flash,google/gemini-3.6-flash-20260721,low,prose.containment-jitter-v1,prose,text,1. easy,True,reduce-taught-v1,4,4,4,895,2339,2313,0.00944250,42374.441,1.0,0.5101091635454027,1.0,1.0
google/gemini-3.6-flash,google/gemini-3.6-flash-20260721,low,prose.containment-jitter-v1,prose,text,2. medium,False,reduce-infer-v1,4,4,4,928,3537,3512,0.01395975,72724.795,1.0,0.5101091635454027,1.0,1.0
google/gemini-3.6-flash,google/gemini-3.6-flash-20260721,low,prose.containment-jitter-v1,prose,text,2. medium,False,reduce-taught-v1,4,4,3,1000,4142,4112,0.01628250,102174.482,0.75,0.30064184258240184,0.9544127391902995,1.0
google/gemini-3.6-flash,google/gemini-3.6-flash-20260721,low,prose.containment-jitter-v1,prose,text,2. medium,True,reduce-infer-v1,4,4,4,912,2880,2848,0.01148400,52432.293,1.0,0.5101091635454027,1.0,1.0
google/gemini-3.6-flash,google/gemini-3.6-flash-20260721,low,prose.containment-jitter-v1,prose,text,2. medium,True,reduce-taught-v1,4,4,4,984,2506,2485,0.01013550,44029.281,1.0,0.5101091635454027,1.0,1.0
google/gemini-3.6-flash,google/gemini-3.6-flash-20260721,low,prose.containment-jitter-v1,prose,text,3. hard,False,reduce-infer-v1,4,4,3,963,4374,4338,0.01712475,128022.136,0.75,0.30064184258240184,0.9544127391902995,1.0
google/gemini-3.6-flash,google/gemini-3.6-flash-20260721,low,prose.containment-jitter-v1,prose,text,3. hard,False,reduce-taught-v1,4,4,3,1035,3520,3479,0.01397625,50399.637,0.75,0.30064184258240184,0.9544127391902995,1.0
google/gemini-3.6-flash,google/gemini-3.6-flash-20260721,low,prose.containment-jitter-v1,prose,text,3. hard,True,reduce-infer-v1,4,4,4,907,4048,4015,0.01586025,57597.891,1.0,0.5101091635454027,1.0,1.0
google/gemini-3.6-flash,google/gemini-3.6-flash-20260721,low,prose.containment-jitter-v1,prose,text,3. hard,True,reduce-taught-v1,4,4,4,979,3255,3223,0.01294050,50802.25600000001,1.0,0.5101091635454027,1.0,1.0
google/gemini-3.6-flash,google/gemini-3.6-flash-20260721,low,prose.containment-jitter-v1,prose,text,4. lunatic,False,reduce-infer-v1,4,4,2,972,2805,2759,0.01124775,53407.956999999995,0.5,0.15003898915214947,0.8499610108478506,1.0
google/gemini-3.6-flash,google/gemini-3.6-flash-20260721,low,prose.containment-jitter-v1,prose,text,4. lunatic,False,reduce-taught-v1,4,4,4,1044,3320,3282,0.01323300,53771.993,1.0,0.5101091635454027,1.0,1.0
google/gemini-3.6-flash,google/gemini-3.6-flash-20260721,low,prose.containment-jitter-v1,prose,text,4. lunatic,True,reduce-infer-v1,4,4,4,958,3052,3020,0.01216350,49319.314,1.0,0.5101091635454027,1.0,1.0
google/gemini-3.6-flash,google/gemini-3.6-flash-20260721,low,prose.containment-jitter-v1,prose,text,4. lunatic,True,reduce-taught-v1,4,4,3,1030,2463,2418,0.01000875,42328.41499999999,0.75,0.30064184258240184,0.9544127391902995,1.0
google/gemini-3.6-flash,google/gemini-3.6-flash-20260721,low,prose.containment-jitter-v1,prose,text,5. extra,False,reduce-infer-v1,4,4,3,1202,2770,2723,0.01128900,50046.702,0.75,0.30064184258240184,0.9544127391902995,1.0
google/gemini-3.6-flash,google/gemini-3.6-flash-20260721,low,prose.containment-jitter-v1,prose,text,5. extra,False,reduce-taught-v1,4,4,3,1274,4483,4436,0.01776675,58614.12000000001,0.75,0.30064184258240184,0.9544127391902995,1.0
google/gemini-3.6-flash,google/gemini-3.6-flash-20260721,low,prose.containment-jitter-v1,prose,text,5. extra,True,reduce-infer-v1,4,4,4,1184,2039,1995,0.00853425,47259.72,1.0,0.5101091635454027,1.0,1.0
google/gemini-3.6-flash,google/gemini-3.6-flash-20260721,low,prose.containment-jitter-v1,prose,text,5. extra,True,reduce-taught-v1,4,4,3,1256,3942,3902,0.01572450,53208.56,0.75,0.30064184258240184,0.9544127391902995,1.0
google/gemini-3.6-flash,google/gemini-3.6-flash-20260721,low,prose.containment-plain-v1,prose,text,1. easy,False,reduce-infer-v1,4,4,4,838,1774,1749,0.00728100,69046.09499999999,1.0,0.5101091635454027,1.0,1.0
google/gemini-3.6-flash,google/gemini-3.6-flash-20260721,low,prose.containment-plain-v1,prose,text,1. easy,False,reduce-taught-v1,4,4,4,910,1958,1935,0.00802500,40790.725000000006,1.0,0.5101091635454027,1.0,1.0
google/gemini-3.6-flash,google/gemini-3.6-flash-20260721,low,prose.containment-plain-v1,prose,text,1. easy,True,reduce-infer-v1,4,4,4,823,1794,1762,0.00734475,36888.132,1.0,0.5101091635454027,1.0,1.0
google/gemini-3.6-flash,google/gemini-3.6-flash-20260721,low,prose.containment-plain-v1,prose,text,1. easy,True,reduce-taught-v1,4,4,4,895,1633,1600,0.00679500,36995.350999999995,1.0,0.5101091635454027,1.0,1.0
google/gemini-3.6-flash,google/gemini-3.6-flash-20260721,low,prose.containment-plain-v1,prose,text,2. medium,False,reduce-infer-v1,4,4,4,928,4263,4231,0.01668225,48205.279,1.0,0.5101091635454027,1.0,1.0
google/gemini-3.6-flash,google/gemini-3.6-flash-20260721,low,prose.containment-plain-v1,prose,text,2. medium,False,reduce-taught-v1,4,4,4,1000,3195,3158,0.01273125,51671.015,1.0,0.5101091635454027,1.0,1.0
google/gemini-3.6-flash,google/gemini-3.6-flash-20260721,low,prose.containment-plain-v1,prose,text,2. medium,True,reduce-infer-v1,4,4,4,912,3418,3392,0.01350150,53548.841,1.0,0.5101091635454027,1.0,1.0
google/gemini-3.6-flash,google/gemini-3.6-flash-20260721,low,prose.containment-plain-v1,prose,text,2. medium,True,reduce-taught-v1,4,4,4,984,3107,3080,0.01238925,45094.335999999996,1.0,0.5101091635454027,1.0,1.0
google/gemini-3.6-flash,google/gemini-3.6-flash-20260721,low,prose.containment-plain-v1,prose,text,3. hard,False,reduce-infer-v1,4,4,4,963,3276,3234,0.01300725,67546.994,1.0,0.5101091635454027,1.0,1.0
google/gemini-3.6-flash,google/gemini-3.6-flash-20260721,low,prose.containment-plain-v1,prose,text,3. hard,False,reduce-taught-v1,4,4,4,1035,3059,3023,0.01224750,59455.118,1.0,0.5101091635454027,1.0,1.0
google/gemini-3.6-flash,google/gemini-3.6-flash-20260721,low,prose.containment-plain-v1,prose,text,3. hard,True,reduce-infer-v1,4,4,4,907,3476,3456,0.01371525,51739.346999999994,1.0,0.5101091635454027,1.0,1.0
google/gemini-3.6-flash,google/gemini-3.6-flash-20260721,low,prose.containment-plain-v1,prose,text,3. hard,True,reduce-taught-v1,4,4,4,979,3818,3785,0.01505175,53571.355,1.0,0.5101091635454027,1.0,1.0
google/gemini-3.6-flash,google/gemini-3.6-flash-20260721,low,prose.containment-plain-v1,prose,text,4. lunatic,False,reduce-infer-v1,4,4,3,972,4248,4211,0.01665900,57363.622,0.75,0.30064184258240184,0.9544127391902995,1.0
google/gemini-3.6-flash,google/gemini-3.6-flash-20260721,low,prose.containment-plain-v1,prose,text,4. lunatic,False,reduce-taught-v1,4,4,2,1044,1989,1948,0.00824175,49533.718,0.5,0.15003898915214947,0.8499610108478506,1.0
google/gemini-3.6-flash,google/gemini-3.6-flash-20260721,low,prose.containment-plain-v1,prose,text,4. lunatic,True,reduce-infer-v1,4,4,4,958,2770,2748,0.01110600,42568.744,1.0,0.5101091635454027,1.0,1.0
google/gemini-3.6-flash,google/gemini-3.6-flash-20260721,low,prose.containment-plain-v1,prose,text,4. lunatic,True,reduce-taught-v1,4,4,4,1030,3001,2962,0.01202625,47121.309,1.0,0.5101091635454027,1.0,1.0
google/gemini-3.6-flash,google/gemini-3.6-flash-20260721,low,prose.containment-plain-v1,prose,text,5. extra,False,reduce-infer-v1,4,4,0,1202,1998,1965,0.00839400,47775.246,0.0,0.0,0.4898908364545973,1.0
google/gemini-3.6-flash,google/gemini-3.6-flash-20260721,low,prose.containment-plain-v1,prose,text,5. extra,False,reduce-taught-v1,4,4,1,1274,4236,4206,0.0168405,51824.350999999995,0.25,0.04558726080970055,0.6993581574175981,1.0
google/gemini-3.6-flash,google/gemini-3.6-flash-20260721,low,prose.containment-plain-v1,prose,text,5. extra,True,reduce-infer-v1,4,4,2,1184,3484,3448,0.01395300,59607.11,0.5,0.15003898915214947,0.8499610108478506,1.0
google/gemini-3.6-flash,google/gemini-3.6-flash-20260721,low,prose.containment-plain-v1,prose,text,5. extra,True,reduce-taught-v1,4,4,2,1256,2414,2378,0.00999450,64379.748999999996,0.5,0.15003898915214947,0.8499610108478506,1.0
google/gemini-3.6-flash,google/gemini-3.6-flash-20260721,low,trees.indent-jitter-v1,trees,text,1. easy,False,reduce-infer-v1,4,4,3,804,2909,2873,0.01151175,64876.443,0.75,0.30064184258240184,0.9544127391902995,1.0
google/gemini-3.6-flash,google/gemini-3.6-flash-20260721,low,trees.indent-jitter-v1,trees,text,1. easy,False,reduce-taught-v1,4,4,4,872,3177,3150,0.01256775,56459.675,1.0,0.5101091635454027,1.0,1.0
google/gemini-3.6-flash,google/gemini-3.6-flash-20260721,low,trees.indent-jitter-v1,trees,text,1. easy,True,reduce-infer-v1,4,4,3,813,2513,2480,0.01003350,41216.131,0.75,0.30064184258240184,0.9544127391902995,1.0
google/gemini-3.6-flash,google/gemini-3.6-flash-20260721,low,trees.indent-jitter-v1,trees,text,1. easy,True,reduce-taught-v1,4,4,4,881,2045,2024,0.00832950,38605.086,1.0,0.5101091635454027,1.0,1.0
google/gemini-3.6-flash,google/gemini-3.6-flash-20260721,low,trees.indent-jitter-v1,trees,text,2. medium,False,reduce-infer-v1,4,4,2,942,3573,3544,0.01410525,53914.481,0.5,0.15003898915214947,0.8499610108478506,1.0
google/gemini-3.6-flash,google/gemini-3.6-flash-20260721,low,trees.indent-jitter-v1,trees,text,2. medium,False,reduce-taught-v1,4,4,3,1010,3305,3280,0.01315125,46369.896,0.75,0.30064184258240184,0.9544127391902995,1.0
google/gemini-3.6-flash,google/gemini-3.6-flash-20260721,low,trees.indent-jitter-v1,trees,text,2. medium,True,reduce-infer-v1,4,4,4,888,3624,3586,0.0142560,49711.218,1.0,0.5101091635454027,1.0,1.0
google/gemini-3.6-flash,google/gemini-3.6-flash-20260721,low,trees.indent-jitter-v1,trees,text,2. medium,True,reduce-taught-v1,4,4,4,956,3874,3830,0.01524450,48368.921,1.0,0.5101091635454027,1.0,1.0
google/gemini-3.6-flash,google/gemini-3.6-flash-20260721,low,trees.indent-jitter-v1,trees,text,3. hard,False,reduce-infer-v1,4,4,1,1055,3368,3333,0.01342125,51250.28199999999,0.25,0.04558726080970055,0.6993581574175981,1.0
google/gemini-3.6-flash,google/gemini-3.6-flash-20260721,low,trees.indent-jitter-v1,trees,text,3. hard,False,reduce-taught-v1,4,4,4,1123,5812,5779,0.02263725,64791.873,1.0,0.5101091635454027,1.0,1.0
google/gemini-3.6-flash,google/gemini-3.6-flash-20260721,low,trees.indent-jitter-v1,trees,text,3. hard,True,reduce-infer-v1,4,4,2,1057,2726,2680,0.01101525,47626.990000000005,0.5,0.15003898915214947,0.8499610108478506,1.0
google/gemini-3.6-flash,google/gemini-3.6-flash-20260721,low,trees.indent-jitter-v1,trees,text,3. hard,True,reduce-taught-v1,4,4,4,1125,4840,4801,0.01899375,88744.283,1.0,0.5101091635454027,1.0,1.0
google/gemini-3.6-flash,google/gemini-3.6-flash-20260721,low,trees.indent-jitter-v1,trees,text,4. lunatic,False,reduce-infer-v1,4,4,0,1173,2922,2889,0.01183725,53120.51500000001,0.0,0.0,0.4898908364545973,1.0
google/gemini-3.6-flash,google/gemini-3.6-flash-20260721,low,trees.indent-jitter-v1,trees,text,4. lunatic,False,reduce-taught-v1,4,4,2,1241,4145,4099,0.01647450,68841.264,0.5,0.15003898915214947,0.8499610108478506,1.0
google/gemini-3.6-flash,google/gemini-3.6-flash-20260721,low,trees.indent-jitter-v1,trees,text,4. lunatic,True,reduce-infer-v1,4,4,3,1202,2223,2178,0.00923775,42074.901999999995,0.75,0.30064184258240184,0.9544127391902995,1.0
google/gemini-3.6-flash,google/gemini-3.6-flash-20260721,low,trees.indent-jitter-v1,trees,text,4. lunatic,True,reduce-taught-v1,4,4,2,1270,2510,2464,0.01036500,43891.083,0.5,0.15003898915214947,0.8499610108478506,1.0
google/gemini-3.6-flash,google/gemini-3.6-flash-20260721,low,trees.indent-jitter-v1,trees,text,5. extra,False,reduce-infer-v1,4,4,0,1172,640,602,0.00327900,35153.591,0.0,0.0,0.4898908364545973,1.0
google/gemini-3.6-flash,google/gemini-3.6-flash-20260721,low,trees.indent-jitter-v1,trees,text,5. extra,False,reduce-taught-v1,4,4,2,1240,3752,3706,0.0150000,51800.818,0.5,0.15003898915214947,0.8499610108478506,1.0
google/gemini-3.6-flash,google/gemini-3.6-flash-20260721,low,trees.indent-jitter-v1,trees,text,5. extra,True,reduce-infer-v1,4,4,1,1204,2408,2361,0.00993300,45186.801,0.25,0.04558726080970055,0.6993581574175981,1.0
google/gemini-3.6-flash,google/gemini-3.6-flash-20260721,low,trees.indent-jitter-v1,trees,text,5. extra,True,reduce-taught-v1,4,4,3,1272,3349,3304,0.01351275,47924.603,0.75,0.30064184258240184,0.9544127391902995,1.0
google/gemini-3.6-flash,google/gemini-3.6-flash-20260721,low,trees.indent-plain-v1,trees,text,1. easy,False,reduce-infer-v1,4,4,3,801,2090,2049,0.00843825,41644.561,0.75,0.30064184258240184,0.9544127391902995,1.0
google/gemini-3.6-flash,google/gemini-3.6-flash-20260721,low,trees.indent-plain-v1,trees,text,1. easy,False,reduce-taught-v1,4,4,4,869,1959,1935,0.00799800,38440.1,1.0,0.5101091635454027,1.0,1.0
google/gemini-3.6-flash,google/gemini-3.6-flash-20260721,low,trees.indent-plain-v1,trees,text,1. easy,True,reduce-infer-v1,4,4,4,802,1875,1837,0.00763275,40787.189,1.0,0.5101091635454027,1.0,1.0
google/gemini-3.6-flash,google/gemini-3.6-flash-20260721,low,trees.indent-plain-v1,trees,text,1. easy,True,reduce-taught-v1,4,4,4,870,1664,1638,0.00689250,37632.149000000005,1.0,0.5101091635454027,1.0,1.0
google/gemini-3.6-flash,google/gemini-3.6-flash-20260721,low,trees.indent-plain-v1,trees,text,2. medium,False,reduce-infer-v1,4,4,2,906,3502,3472,0.01381200,82983.471,0.5,0.15003898915214947,0.8499610108478506,1.0
google/gemini-3.6-flash,google/gemini-3.6-flash-20260721,low,trees.indent-plain-v1,trees,text,2. medium,False,reduce-taught-v1,4,4,2,974,3084,3049,0.01229550,43762.289000000004,0.5,0.15003898915214947,0.8499610108478506,1.0
google/gemini-3.6-flash,google/gemini-3.6-flash-20260721,low,trees.indent-plain-v1,trees,text,2. medium,True,reduce-infer-v1,4,4,4,887,2910,2872,0.01157775,56860.80499999999,1.0,0.5101091635454027,1.0,1.0
google/gemini-3.6-flash,google/gemini-3.6-flash-20260721,low,trees.indent-plain-v1,trees,text,2. medium,True,reduce-taught-v1,4,4,4,955,2937,2905,0.01173000,43980.943,1.0,0.5101091635454027,1.0,1.0
google/gemini-3.6-flash,google/gemini-3.6-flash-20260721,low,trees.indent-plain-v1,trees,text,3. hard,False,reduce-infer-v1,4,4,4,1012,3985,3943,0.01570275,53018.765,1.0,0.5101091635454027,1.0,1.0
google/gemini-3.6-flash,google/gemini-3.6-flash-20260721,low,trees.indent-plain-v1,trees,text,3. hard,False,reduce-taught-v1,4,4,4,1080,3961,3918,0.01566375,51101.86,1.0,0.5101091635454027,1.0,1.0
google/gemini-3.6-flash,google/gemini-3.6-flash-20260721,low,trees.indent-plain-v1,trees,text,3. hard,True,reduce-infer-v1,4,4,3,1012,3430,3391,0.01362150,47680.907,0.75,0.30064184258240184,0.9544127391902995,1.0
google/gemini-3.6-flash,google/gemini-3.6-flash-20260721,low,trees.indent-plain-v1,trees,text,3. hard,True,reduce-taught-v1,4,4,3,1080,3527,3498,0.01403625,51711.914,0.75,0.30064184258240184,0.9544127391902995,1.0
google/gemini-3.6-flash,google/gemini-3.6-flash-20260721,low,trees.indent-plain-v1,trees,text,4. lunatic,False,reduce-infer-v1,4,4,3,1072,4532,4501,0.01779900,53656.77799999999,0.75,0.30064184258240184,0.9544127391902995,1.0
google/gemini-3.6-flash,google/gemini-3.6-flash-20260721,low,trees.indent-plain-v1,trees,text,4. lunatic,False,reduce-taught-v1,4,4,1,1140,2531,2496,0.01034625,84769.28,0.25,0.04558726080970055,0.6993581574175981,1.0
google/gemini-3.6-flash,google/gemini-3.6-flash-20260721,low,trees.indent-plain-v1,trees,text,4. lunatic,True,reduce-infer-v1,4,4,3,1072,3572,3533,0.01419900,46695.822,0.75,0.30064184258240184,0.9544127391902995,1.0
google/gemini-3.6-flash,google/gemini-3.6-flash-20260721,low,trees.indent-plain-v1,trees,text,4. lunatic,True,reduce-taught-v1,4,4,2,1140,3297,3261,0.01321875,43992.003,0.5,0.15003898915214947,0.8499610108478506,1.0
google/gemini-3.6-flash,google/gemini-3.6-flash-20260721,low,trees.indent-plain-v1,trees,text,5. extra,False,reduce-infer-v1,4,4,3,1132,4358,4317,0.01719150,103164.48899999999,0.75,0.30064184258240184,0.9544127391902995,1.0
google/gemini-3.6-flash,google/gemini-3.6-flash-20260721,low,trees.indent-plain-v1,trees,text,5. extra,False,reduce-taught-v1,4,4,2,1200,2529,2494,0.01038375,42820.329999999994,0.5,0.15003898915214947,0.8499610108478506,1.0
google/gemini-3.6-flash,google/gemini-3.6-flash-20260721,low,trees.indent-plain-v1,trees,text,5. extra,True,reduce-infer-v1,4,4,3,1129,3286,3241,0.01316925,46943.481,0.75,0.30064184258240184,0.9544127391902995,1.0
google/gemini-3.6-flash,google/gemini-3.6-flash-20260721,low,trees.indent-plain-v1,trees,text,5. extra,True,reduce-taught-v1,4,4,1,1197,496,455,0.00275775,36051.972,0.25,0.04558726080970055,0.6993581574175981,1.0
openai/gpt-5.6-luna,openai/gpt-5.6-luna-20260709,high,biopolymer.rna-dotbracket-filler-v1,biopolymer,text,1. easy,True,reduce-infer-v1,4,4,3,788,2880,2807,0.0036136,36184.205,0.75,0.30064184258240184,0.9544127391902995,1.0
openai/gpt-5.6-luna,openai/gpt-5.6-luna-20260709,high,biopolymer.rna-dotbracket-filler-v1,biopolymer,text,1. easy,True,reduce-taught-v1,4,4,3,852,3529,3456,0.0044052,51911.091,0.75,0.30064184258240184,0.9544127391902995,1.0
openai/gpt-5.6-luna,openai/gpt-5.6-luna-20260709,high,biopolymer.rna-dotbracket-filler-v1,biopolymer,text,2. medium,True,reduce-infer-v1,4,4,3,938,6077,6004,0.0074800,79106.985,0.75,0.30064184258240184,0.9544127391902995,1.0
openai/gpt-5.6-luna,openai/gpt-5.6-luna-20260709,high,biopolymer.rna-dotbracket-filler-v1,biopolymer,text,2. medium,True,reduce-taught-v1,4,4,4,1002,8872,8800,0.0108468,124026.783,1.0,0.5101091635454027,1.0,1.0
openai/gpt-5.6-luna,openai/gpt-5.6-luna-20260709,high,biopolymer.rna-dotbracket-filler-v1,biopolymer,text,3. hard,True,reduce-infer-v1,4,4,3,1172,8975,8902,0.0110044,159164.59999999998,0.75,0.30064184258240184,0.9544127391902995,1.0
openai/gpt-5.6-luna,openai/gpt-5.6-luna-20260709,high,biopolymer.rna-dotbracket-filler-v1,biopolymer,text,3. hard,True,reduce-taught-v1,3,3,1,926,4511,4455,0.0055984,70355.69499999999,0.3333333333333333,0.06149194472039621,0.7923403991979522,1.0
openai/gpt-5.6-luna,openai/gpt-5.6-luna-20260709,high,biopolymer.rna-dotbracket-filler-v1,biopolymer,text,4. lunatic,True,reduce-infer-v1,3,3,2,950,9946,9891,0.0121252,116409.612,0.6666666666666666,0.2076596008020477,0.9385080552796037,1.0
openai/gpt-5.6-luna,openai/gpt-5.6-luna-20260709,high,biopolymer.rna-dotbracket-filler-v1,biopolymer,text,4. lunatic,True,reduce-taught-v1,4,4,4,1332,11724,11652,0.0143352,197948.62900000002,1.0,0.5101091635454027,1.0,1.0
openai/gpt-5.6-luna,openai/gpt-5.6-luna-20260709,high,biopolymer.rna-dotbracket-filler-v1,biopolymer,text,5. extra,True,reduce-infer-v1,2,2,2,666,5212,5176,0.0063876,71905.725,1.0,0.34238022750665303,1.0,1.0
openai/gpt-5.6-luna,openai/gpt-5.6-luna-20260709,high,biopolymer.rna-dotbracket-filler-v1,biopolymer,text,5. extra,True,reduce-taught-v1,1,1,1,348,3621,3603,0.0044148,54483.198000000004,1.0,0.20654931437723745,1.0,1.0
openai/gpt-5.6-luna,openai/gpt-5.6-luna-20260709,high,biopolymer.rna-dotbracket-plain-v1,biopolymer,text,1. easy,True,reduce-infer-v1,3,3,3,572,3901,3847,0.0047956,50553.766,1.0,0.4385029682449546,1.0,1.0
openai/gpt-5.6-luna,openai/gpt-5.6-luna-20260709,high,biopolymer.rna-dotbracket-plain-v1,biopolymer,text,1. easy,True,reduce-taught-v1,4,4,3,828,3404,3331,0.0042504,56678.537,0.75,0.30064184258240184,0.9544127391902995,1.0
openai/gpt-5.6-luna,openai/gpt-5.6-luna-20260709,high,biopolymer.rna-dotbracket-plain-v1,biopolymer,text,2. medium,True,reduce-infer-v1,3,3,3,644,6153,6099,0.0075124,142453.713,1.0,0.4385029682449546,1.0,1.0
openai/gpt-5.6-luna,openai/gpt-5.6-luna-20260709,high,biopolymer.rna-dotbracket-plain-v1,biopolymer,text,2. medium,True,reduce-taught-v1,4,4,4,944,4627,4555,0.0057412,57190.278,1.0,0.5101091635454027,1.0,1.0
openai/gpt-5.6-luna,openai/gpt-5.6-luna-20260709,high,biopolymer.rna-dotbracket-plain-v1,biopolymer,text,3. hard,True,reduce-infer-v1,2,2,2,520,5021,4985,0.0061292,72196.799,1.0,0.34238022750665303,1.0,1.0
openai/gpt-5.6-luna,openai/gpt-5.6-luna-20260709,high,biopolymer.rna-dotbracket-plain-v1,biopolymer,text,3. hard,True,reduce-taught-v1,4,4,3,1104,5958,5885,0.0073704,79182.273,0.75,0.30064184258240184,0.9544127391902995,1.0
openai/gpt-5.6-luna,openai/gpt-5.6-luna-20260709,high,biopolymer.rna-dotbracket-plain-v1,biopolymer,text,4. lunatic,True,reduce-infer-v1,2,2,0,560,7590,7552,0.0092200,101935.078,0.0,0.0,0.6576197724933469,1.0
openai/gpt-5.6-luna,openai/gpt-5.6-luna-20260709,high,biopolymer.rna-dotbracket-plain-v1,biopolymer,text,4. lunatic,True,reduce-taught-v1,3,3,2,888,10362,10307,0.0126120,123150.906,0.6666666666666666,0.2076596008020477,0.9385080552796037,1.0
openai/gpt-5.6-luna,openai/gpt-5.6-luna-20260709,high,biopolymer.rna-dotbracket-plain-v1,biopolymer,text,5. extra,True,reduce-taught-v1,2,2,2,632,4953,4917,0.0060700,60964.189,1.0,0.34238022750665303,1.0,1.0
openai/gpt-5.6-luna,openai/gpt-5.6-luna-20260709,high,embedding.center-clause-jitter-v1,embedding,text,1. easy,True,reduce-infer-v1,3,3,3,549,7606,7552,0.0092370,92426.202,1.0,0.4385029682449546,1.0,1.0
openai/gpt-5.6-luna,openai/gpt-5.6-luna-20260709,high,embedding.center-clause-jitter-v1,embedding,text,1. easy,True,reduce-taught-v1,1,1,1,183,534,516,0.0006774,9205.066,1.0,0.20654931437723745,1.0,1.0
openai/gpt-5.6-luna,openai/gpt-5.6-luna-20260709,high,embedding.center-clause-jitter-v1,embedding,text,2. medium,True,reduce-infer-v1,2,2,2,417,6389,6353,0.0077502,76081.405,1.0,0.34238022750665303,1.0,1.0
openai/gpt-5.6-luna,openai/gpt-5.6-luna-20260709,high,embedding.center-clause-jitter-v1,embedding,text,3. hard,True,reduce-infer-v1,1,1,1,275,3584,3566,0.0043558,44479.877,1.0,0.20654931437723745,1.0,1.0
openai/gpt-5.6-luna,openai/gpt-5.6-luna-20260709,high,embedding.center-clause-jitter-v1,embedding,text,4. lunatic,True,reduce-infer-v1,1,1,1,295,3415,3397,0.004157,61363.076,1.0,0.20654931437723745,1.0,1.0
openai/gpt-5.6-luna,openai/gpt-5.6-luna-20260709,high,embedding.center-clause-jitter-v1,embedding,text,5. extra,True,reduce-taught-v1,1,1,1,344,2606,2588,0.003196,38612.723000000005,1.0,0.20654931437723745,1.0,1.0
openai/gpt-5.6-luna,openai/gpt-5.6-luna-20260709,high,embedding.center-clause-plain-v1,embedding,text,1. easy,True,reduce-infer-v1,4,4,4,771,8866,8794,0.0107934,101233.715,1.0,0.5101091635454027,1.0,1.0
openai/gpt-5.6-luna,openai/gpt-5.6-luna-20260709,high,embedding.center-clause-plain-v1,embedding,text,1. easy,True,reduce-taught-v1,3,3,2,597,10207,10152,0.0123678,111116.465,0.6666666666666666,0.2076596008020477,0.9385080552796037,1.0
openai/gpt-5.6-luna,openai/gpt-5.6-luna-20260709,high,embedding.center-clause-plain-v1,embedding,text,2. medium,True,reduce-infer-v1,2,2,2,417,5992,5956,0.0072738,70346.875,1.0,0.34238022750665303,1.0,1.0
openai/gpt-5.6-luna,openai/gpt-5.6-luna-20260709,high,embedding.center-clause-plain-v1,embedding,text,3. hard,True,reduce-infer-v1,2,2,1,556,6479,6442,0.0078860,74880.83600000001,0.5,0.09453120573423074,0.9054687942657693,1.0
openai/gpt-5.6-luna,openai/gpt-5.6-luna-20260709,high,embedding.center-clause-plain-v1,embedding,text,4. lunatic,True,reduce-infer-v1,4,4,3,1176,11567,11494,0.0141156,292839.332,0.75,0.30064184258240184,0.9544127391902995,1.0
openai/gpt-5.6-luna,openai/gpt-5.6-luna-20260709,high,embedding.center-clause-plain-v1,embedding,text,4. lunatic,True,reduce-taught-v1,1,1,1,309,2653,2635,0.0032454,33401.509,1.0,0.20654931437723745,1.0,1.0
openai/gpt-5.6-luna,openai/gpt-5.6-luna-20260709,high,parens.jitter-v1,parens,text,1. easy,True,reduce-infer-v1,4,4,3,651,4072,3999,0.0050166,48764.166,0.75,0.30064184258240184,0.9544127391902995,1.0
openai/gpt-5.6-luna,openai/gpt-5.6-luna-20260709,high,parens.jitter-v1,parens,text,1. easy,True,reduce-taught-v1,4,4,3,711,3268,3195,0.0040638,48039.479999999996,0.75,0.30064184258240184,0.9544127391902995,1.0
openai/gpt-5.6-luna,openai/gpt-5.6-luna-20260709,high,parens.jitter-v1,parens,text,2. medium,True,reduce-infer-v1,3,3,3,508,6798,6744,0.0082592,129741.872,1.0,0.4385029682449546,1.0,1.0
openai/gpt-5.6-luna,openai/gpt-5.6-luna-20260709,high,parens.jitter-v1,parens,text,2. medium,True,reduce-taught-v1,4,4,4,742,12023,11951,0.0145760,145092.217,1.0,0.5101091635454027,1.0,1.0
openai/gpt-5.6-luna,openai/gpt-5.6-luna-20260709,high,parens.jitter-v1,parens,text,3. hard,True,reduce-infer-v1,4,4,3,722,10761,10688,0.0130576,158703.856,0.75,0.30064184258240184,0.9544127391902995,1.0
openai/gpt-5.6-luna,openai/gpt-5.6-luna-20260709,high,parens.jitter-v1,parens,text,3. hard,True,reduce-taught-v1,4,4,4,782,7390,7318,0.0090244,160889.914,1.0,0.5101091635454027,1.0,1.0
openai/gpt-5.6-luna,openai/gpt-5.6-luna-20260709,high,parens.jitter-v1,parens,text,4. lunatic,True,reduce-infer-v1,3,3,3,559,9309,9255,0.0112826,139660.324,1.0,0.4385029682449546,1.0,1.0
openai/gpt-5.6-luna,openai/gpt-5.6-luna-20260709,high,parens.jitter-v1,parens,text,4. lunatic,True,reduce-taught-v1,3,3,2,604,9665,9610,0.0117188,121010.81700000001,0.6666666666666666,0.2076596008020477,0.9385080552796037,1.0
openai/gpt-5.6-luna,openai/gpt-5.6-luna-20260709,high,parens.jitter-v1,parens,text,5. extra,True,reduce-infer-v1,1,1,1,195,2606,2588,0.0031662,48902.869000000006,1.0,0.20654931437723745,1.0,1.0
openai/gpt-5.6-luna,openai/gpt-5.6-luna-20260709,high,parens.jitter-v1,parens,text,5. extra,True,reduce-taught-v1,2,2,2,417,4176,4140,0.0050946,56242.926,1.0,0.34238022750665303,1.0,1.0
openai/gpt-5.6-luna,openai/gpt-5.6-luna-20260709,high,parens.noisy-mismatched-v1,parens,text,1. easy,True,reduce-infer-v1,3,3,3,511,5974,5920,0.0072710,64984.38900000001,1.0,0.4385029682449546,1.0,1.0
openai/gpt-5.6-luna,openai/gpt-5.6-luna-20260709,high,parens.noisy-mismatched-v1,parens,text,1. easy,True,reduce-taught-v1,3,3,3,556,7793,7739,0.0094628,146053.247,1.0,0.4385029682449546,1.0,1.0
openai/gpt-5.6-luna,openai/gpt-5.6-luna-20260709,high,parens.noisy-mismatched-v1,parens,text,2. medium,True,reduce-infer-v1,2,2,2,383,6067,6031,0.0073570,57851.407,1.0,0.34238022750665303,1.0,1.0
openai/gpt-5.6-luna,openai/gpt-5.6-luna-20260709,high,parens.noisy-mismatched-v1,parens,text,2. medium,True,reduce-taught-v1,1,1,1,195,2973,2955,0.0036066,31818.204,1.0,0.20654931437723745,1.0,1.0
openai/gpt-5.6-luna,openai/gpt-5.6-luna-20260709,high,parens.noisy-mismatched-v1,parens,text,3. hard,True,reduce-infer-v1,2,2,2,424,6881,6845,0.0083420,80297.223,1.0,0.34238022750665303,1.0,1.0
openai/gpt-5.6-luna,openai/gpt-5.6-luna-20260709,high,parens.noisy-mismatched-v1,parens,text,5. extra,True,reduce-infer-v1,1,1,1,242,3124,3106,0.0037972,35515.014,1.0,0.20654931437723745,1.0,1.0
openai/gpt-5.6-luna,openai/gpt-5.6-luna-20260709,high,parens.noisy-mismatched-v1,parens,text,5. extra,True,reduce-taught-v1,1,1,1,257,3807,3789,0.0046198,39180.645,1.0,0.20654931437723745,1.0,1.0
openai/gpt-5.6-luna,openai/gpt-5.6-luna-20260709,high,parens.noisy-v1,parens,text,1. easy,True,reduce-infer-v1,4,4,4,685,4790,4718,0.0058850,57334.871,1.0,0.5101091635454027,1.0,1.0
openai/gpt-5.6-luna,openai/gpt-5.6-luna-20260709,high,parens.noisy-v1,parens,text,1. easy,True,reduce-taught-v1,3,3,2,559,1679,1624,0.0021266,29301.148999999998,0.6666666666666666,0.2076596008020477,0.9385080552796037,1.0
openai/gpt-5.6-luna,openai/gpt-5.6-luna-20260709,high,parens.noisy-v1,parens,text,2. medium,True,reduce-infer-v1,4,4,4,745,6823,6751,0.0083366,88679.075,1.0,0.5101091635454027,1.0,1.0
openai/gpt-5.6-luna,openai/gpt-5.6-luna-20260709,high,parens.noisy-v1,parens,text,2. medium,True,reduce-taught-v1,4,4,4,805,5905,5833,0.0072470,79479.534,1.0,0.5101091635454027,1.0,1.0
openai/gpt-5.6-luna,openai/gpt-5.6-luna-20260709,high,parens.noisy-v1,parens,text,3. hard,True,reduce-infer-v1,4,4,2,838,7177,7103,0.0087800,103650.602,0.5,0.15003898915214947,0.8499610108478506,1.0
openai/gpt-5.6-luna,openai/gpt-5.6-luna-20260709,high,parens.noisy-v1,parens,text,3. hard,True,reduce-taught-v1,4,4,4,898,5561,5489,0.0068528,78801.533,1.0,0.5101091635454027,1.0,1.0
openai/gpt-5.6-luna,openai/gpt-5.6-luna-20260709,high,parens.noisy-v1,parens,text,4. lunatic,True,reduce-infer-v1,4,4,3,782,6782,6709,0.0082948,103782.02200000001,0.75,0.30064184258240184,0.9544127391902995,1.0
openai/gpt-5.6-luna,openai/gpt-5.6-luna-20260709,high,parens.noisy-v1,parens,text,4. lunatic,True,reduce-taught-v1,4,4,4,842,6886,6814,0.0084316,102412.66,1.0,0.5101091635454027,1.0,1.0
openai/gpt-5.6-luna,openai/gpt-5.6-luna-20260709,high,parens.noisy-v1,parens,text,5. extra,True,reduce-infer-v1,3,3,3,732,8607,8553,0.0104748,115025.23199999999,1.0,0.4385029682449546,1.0,1.0
openai/gpt-5.6-luna,openai/gpt-5.6-luna-20260709,high,parens.noisy-v1,parens,text,5. extra,True,reduce-taught-v1,3,3,3,777,9780,9726,0.0118914,123275.25,1.0,0.4385029682449546,1.0,1.0
openai/gpt-5.6-luna,openai/gpt-5.6-luna-20260709,high,parens.reference-v1,parens,text,1. easy,True,reduce-infer-v1,4,4,3,643,2572,2499,0.0032150,40443.867,0.75,0.30064184258240184,0.9544127391902995,1.0
openai/gpt-5.6-luna,openai/gpt-5.6-luna-20260709,high,parens.reference-v1,parens,text,1. easy,True,reduce-taught-v1,4,4,3,703,3314,3241,0.0041174,43071.874,0.75,0.30064184258240184,0.9544127391902995,1.0
openai/gpt-5.6-luna,openai/gpt-5.6-luna-20260709,high,parens.reference-v1,parens,text,2. medium,True,reduce-infer-v1,4,4,4,661,9979,9907,0.0121070,135912.79700000002,1.0,0.5101091635454027,1.0,1.0
openai/gpt-5.6-luna,openai/gpt-5.6-luna-20260709,high,parens.reference-v1,parens,text,2. medium,True,reduce-taught-v1,3,3,3,542,7306,7252,0.0088756,92246.53,1.0,0.4385029682449546,1.0,1.0
openai/gpt-5.6-luna,openai/gpt-5.6-luna-20260709,high,parens.reference-v1,parens,text,3. hard,True,reduce-infer-v1,3,3,3,525,8844,8790,0.0107178,155060.23200000002,1.0,0.4385029682449546,1.0,1.0
openai/gpt-5.6-luna,openai/gpt-5.6-luna-20260709,high,parens.reference-v1,parens,text,3. hard,True,reduce-taught-v1,2,2,2,380,4521,4485,0.0055012,62236.38,1.0,0.34238022750665303,1.0,1.0
openai/gpt-5.6-luna,openai/gpt-5.6-luna-20260709,high,parens.reference-v1,parens,text,5. extra,True,reduce-infer-v1,2,2,2,361,3357,3321,0.0041006,56667.984,1.0,0.34238022750665303,1.0,1.0
openai/gpt-5.6-luna,openai/gpt-5.6-luna-20260709,high,parens.reference-v1,parens,text,5. extra,True,reduce-taught-v1,1,1,1,197,3124,3106,0.0037882,41490.49,1.0,0.20654931437723745,1.0,1.0
openai/gpt-5.6-luna,openai/gpt-5.6-luna-20260709,high,parens.word-brackets-mismatched-v1,parens,text,1. easy,True,reduce-infer-v1,2,2,1,332,2940,2903,0.0035944,31838.082000000002,0.5,0.09453120573423074,0.9054687942657693,1.0
openai/gpt-5.6-luna,openai/gpt-5.6-luna-20260709,high,parens.word-brackets-mismatched-v1,parens,text,1. easy,True,reduce-taught-v1,3,3,2,552,6944,6889,0.0084432,95087.735,0.6666666666666666,0.2076596008020477,0.9385080552796037,1.0
openai/gpt-5.6-luna,openai/gpt-5.6-luna-20260709,high,parens.word-brackets-mismatched-v1,parens,text,2. medium,True,reduce-infer-v1,1,1,1,171,2724,2706,0.003303,38079.735,1.0,0.20654931437723745,1.0,1.0
openai/gpt-5.6-luna,openai/gpt-5.6-luna-20260709,high,parens.word-brackets-mismatched-v1,parens,text,2. medium,True,reduce-taught-v1,2,2,1,388,2715,2678,0.0033356,33849.222,0.5,0.09453120573423074,0.9054687942657693,1.0
openai/gpt-5.6-luna,openai/gpt-5.6-luna-20260709,high,parens.word-brackets-mismatched-v1,parens,text,3. hard,True,reduce-infer-v1,2,2,2,410,6662,6626,0.0080764,164489.187,1.0,0.34238022750665303,1.0,1.0
openai/gpt-5.6-luna,openai/gpt-5.6-luna-20260709,high,parens.word-brackets-mismatched-v1,parens,text,3. hard,True,reduce-taught-v1,1,1,0,222,3600,3581,0.0043644,45855.799,0.0,0.0,0.7934506856227626,1.0
openai/gpt-5.6-luna,openai/gpt-5.6-luna-20260709,high,parens.word-brackets-mismatched-v1,parens,text,4. lunatic,True,reduce-taught-v1,1,1,0,232,2089,2070,0.0025532,29120.057,0.0,0.0,0.7934506856227626,1.0
openai/gpt-5.6-luna,openai/gpt-5.6-luna-20260709,high,parens.word-brackets-mismatched-v1,parens,text,5. extra,True,reduce-taught-v1,2,2,1,484,3993,3956,0.0048884,52216.598,0.5,0.09453120573423074,0.9054687942657693,1.0
openai/gpt-5.6-luna,openai/gpt-5.6-luna-20260709,high,parens.word-brackets-plain-v1,parens,text,1. easy,True,reduce-infer-v1,4,4,4,682,4339,4267,0.0053432,58021.057,1.0,0.5101091635454027,1.0,1.0
openai/gpt-5.6-luna,openai/gpt-5.6-luna-20260709,high,parens.word-brackets-plain-v1,parens,text,1. easy,True,reduce-taught-v1,3,3,2,552,1601,1546,0.0020316,22324.263,0.6666666666666666,0.2076596008020477,0.9385080552796037,1.0
openai/gpt-5.6-luna,openai/gpt-5.6-luna-20260709,high,parens.word-brackets-plain-v1,parens,text,2. medium,True,reduce-infer-v1,4,4,4,740,8106,8034,0.0098752,137471.07200000001,1.0,0.5101091635454027,1.0,1.0
openai/gpt-5.6-luna,openai/gpt-5.6-luna-20260709,high,parens.word-brackets-plain-v1,parens,text,2. medium,True,reduce-taught-v1,4,4,3,808,7264,7191,0.0088784,84760.928,0.75,0.30064184258240184,0.9544127391902995,1.0
openai/gpt-5.6-luna,openai/gpt-5.6-luna-20260709,high,parens.word-brackets-plain-v1,parens,text,3. hard,True,reduce-infer-v1,4,4,3,820,10234,10161,0.0124448,130668.489,0.75,0.30064184258240184,0.9544127391902995,1.0
openai/gpt-5.6-luna,openai/gpt-5.6-luna-20260709,high,parens.word-brackets-plain-v1,parens,text,3. hard,True,reduce-taught-v1,4,4,4,888,8573,8501,0.0104652,99248.82400000001,1.0,0.5101091635454027,1.0,1.0
openai/gpt-5.6-luna,openai/gpt-5.6-luna-20260709,high,parens.word-brackets-plain-v1,parens,text,4. lunatic,True,reduce-infer-v1,3,3,3,645,10062,10008,0.0122034,122801.80799999999,1.0,0.4385029682449546,1.0,1.0
openai/gpt-5.6-luna,openai/gpt-5.6-luna-20260709,high,parens.word-brackets-plain-v1,parens,text,4. lunatic,True,reduce-taught-v1,2,2,2,464,5725,5689,0.0069628,66692.65000000001,1.0,0.34238022750665303,1.0,1.0
openai/gpt-5.6-luna,openai/gpt-5.6-luna-20260709,high,parens.word-brackets-plain-v1,parens,text,5. extra,True,reduce-infer-v1,1,1,1,225,3002,2984,0.0036474,33673.221,1.0,0.20654931437723745,1.0,1.0
openai/gpt-5.6-luna,openai/gpt-5.6-luna-20260709,high,parens.word-brackets-plain-v1,parens,text,5. extra,True,reduce-taught-v1,1,1,1,242,2533,2515,0.003088,26911.362,1.0,0.20654931437723745,1.0,1.0
openai/gpt-5.6-luna,openai/gpt-5.6-luna-20260709,high,pattern.java-v1,pattern,text,1. easy,True,reduce-infer-v1,4,4,3,725,4540,4467,0.0055930,58699.803,0.75,0.30064184258240184,0.9544127391902995,1.0
openai/gpt-5.6-luna,openai/gpt-5.6-luna-20260709,high,pattern.java-v1,pattern,text,1. easy,True,reduce-taught-v1,4,4,2,793,4249,4175,0.0052574,102558.58,0.5,0.15003898915214947,0.8499610108478506,1.0
openai/gpt-5.6-luna,openai/gpt-5.6-luna-20260709,high,pattern.java-v1,pattern,text,2. medium,True,reduce-infer-v1,4,4,3,829,5116,5043,0.0063050,63483.728,0.75,0.30064184258240184,0.9544127391902995,1.0
openai/gpt-5.6-luna,openai/gpt-5.6-luna-20260709,high,pattern.java-v1,pattern,text,2. medium,True,reduce-taught-v1,4,4,3,897,5441,5368,0.0067086,81090.92199999999,0.75,0.30064184258240184,0.9544127391902995,1.0
openai/gpt-5.6-luna,openai/gpt-5.6-luna-20260709,high,pattern.java-v1,pattern,text,3. hard,True,reduce-infer-v1,4,4,0,988,3938,3862,0.0049232,72052.101,0.0,0.0,0.4898908364545973,1.0
openai/gpt-5.6-luna,openai/gpt-5.6-luna-20260709,high,pattern.java-v1,pattern,text,3. hard,True,reduce-taught-v1,4,4,1,1056,4159,4084,0.0052020,69119.674,0.25,0.04558726080970055,0.6993581574175981,1.0
openai/gpt-5.6-luna,openai/gpt-5.6-luna-20260709,high,pattern.java-v1,pattern,text,4. lunatic,True,reduce-infer-v1,4,4,2,1058,12439,12365,0.0151384,165113.551,0.5,0.15003898915214947,0.8499610108478506,1.0
openai/gpt-5.6-luna,openai/gpt-5.6-luna-20260709,high,pattern.java-v1,pattern,text,4. lunatic,True,reduce-taught-v1,3,3,2,844,6067,6012,0.0074492,92608.256,0.6666666666666666,0.2076596008020477,0.9385080552796037,1.0
openai/gpt-5.6-luna,openai/gpt-5.6-luna-20260709,high,pattern.java-v1,pattern,text,5. extra,True,reduce-infer-v1,3,3,3,834,8720,8666,0.0106308,162945.624,1.0,0.4385029682449546,1.0,1.0
openai/gpt-5.6-luna,openai/gpt-5.6-luna-20260709,high,pattern.lisp-v1,pattern,text,1. easy,True,reduce-infer-v1,4,4,4,698,3073,3001,0.0038272,59686.879,1.0,0.5101091635454027,1.0,1.0
openai/gpt-5.6-luna,openai/gpt-5.6-luna-20260709,high,pattern.lisp-v1,pattern,text,1. easy,True,reduce-taught-v1,4,4,3,766,3156,3083,0.0039404,34526.699,0.75,0.30064184258240184,0.9544127391902995,1.0
openai/gpt-5.6-luna,openai/gpt-5.6-luna-20260709,high,pattern.lisp-v1,pattern,text,2. medium,True,reduce-infer-v1,4,4,3,773,10064,9991,0.0122314,117770.993,0.75,0.30064184258240184,0.9544127391902995,1.0
openai/gpt-5.6-luna,openai/gpt-5.6-luna-20260709,high,pattern.lisp-v1,pattern,text,2. medium,True,reduce-taught-v1,4,4,4,841,5347,5275,0.0065846,71273.768,1.0,0.5101091635454027,1.0,1.0
openai/gpt-5.6-luna,openai/gpt-5.6-luna-20260709,high,pattern.lisp-v1,pattern,text,3. hard,True,reduce-infer-v1,4,4,3,892,5096,5023,0.0062936,65967.909,0.75,0.30064184258240184,0.9544127391902995,1.0
openai/gpt-5.6-luna,openai/gpt-5.6-luna-20260709,high,pattern.lisp-v1,pattern,text,3. hard,True,reduce-taught-v1,4,4,1,960,5252,5177,0.0064944,73405.257,0.25,0.04558726080970055,0.6993581574175981,1.0
openai/gpt-5.6-luna,openai/gpt-5.6-luna-20260709,high,pattern.lisp-v1,pattern,text,4. lunatic,True,reduce-infer-v1,4,4,1,942,8129,8054,0.0099432,137352.292,0.25,0.04558726080970055,0.6993581574175981,1.0
openai/gpt-5.6-luna,openai/gpt-5.6-luna-20260709,high,pattern.lisp-v1,pattern,text,4. lunatic,True,reduce-taught-v1,2,2,0,504,4647,4609,0.0056772,60957.58,0.0,0.0,0.6576197724933469,1.0
openai/gpt-5.6-luna,openai/gpt-5.6-luna-20260709,high,pattern.lisp-v1,pattern,text,5. extra,True,reduce-infer-v1,2,2,2,488,5852,5816,0.0071200,73400.43900000001,1.0,0.34238022750665303,1.0,1.0
openai/gpt-5.6-luna,openai/gpt-5.6-luna-20260709,high,pattern.lisp-v1,pattern,text,5. extra,True,reduce-taught-v1,2,2,2,521,4763,4727,0.0058198,64653.466,1.0,0.34238022750665303,1.0,1.0
openai/gpt-5.6-luna,openai/gpt-5.6-luna-20260709,high,pattern.plain-v1,pattern,text,1. easy,True,reduce-infer-v1,4,4,1,694,8420,8345,0.0102428,107561.86400000002,0.25,0.04558726080970055,0.6993581574175981,1.0
openai/gpt-5.6-luna,openai/gpt-5.6-luna-20260709,high,pattern.plain-v1,pattern,text,1. easy,True,reduce-taught-v1,4,4,3,762,3867,3794,0.0047928,47768.024000000005,0.75,0.30064184258240184,0.9544127391902995,1.0
openai/gpt-5.6-luna,openai/gpt-5.6-luna-20260709,high,pattern.plain-v1,pattern,text,2. medium,True,reduce-infer-v1,4,4,4,769,10676,10604,0.0129650,147249.951,1.0,0.5101091635454027,1.0,1.0
openai/gpt-5.6-luna,openai/gpt-5.6-luna-20260709,high,pattern.plain-v1,pattern,text,2. medium,True,reduce-taught-v1,4,4,2,837,6258,6184,0.0076770,80951.25899999999,0.5,0.15003898915214947,0.8499610108478506,1.0
openai/gpt-5.6-luna,openai/gpt-5.6-luna-20260709,high,pattern.plain-v1,pattern,text,3. hard,True,reduce-infer-v1,4,4,1,888,7867,7792,0.0096180,116637.79199999999,0.25,0.04558726080970055,0.6993581574175981,1.0
openai/gpt-5.6-luna,openai/gpt-5.6-luna-20260709,high,pattern.plain-v1,pattern,text,3. hard,True,reduce-taught-v1,4,4,1,956,7647,7572,0.0093676,116078.318,0.25,0.04558726080970055,0.6993581574175981,1.0
openai/gpt-5.6-luna,openai/gpt-5.6-luna-20260709,high,pattern.plain-v1,pattern,text,4. lunatic,True,reduce-infer-v1,4,4,4,938,9802,9730,0.0119500,156057.566,1.0,0.5101091635454027,1.0,1.0
openai/gpt-5.6-luna,openai/gpt-5.6-luna-20260709,high,pattern.plain-v1,pattern,text,4. lunatic,True,reduce-taught-v1,4,4,2,1006,9316,9242,0.0113804,122511.991,0.5,0.15003898915214947,0.8499610108478506,1.0
openai/gpt-5.6-luna,openai/gpt-5.6-luna-20260709,high,pattern.plain-v1,pattern,text,5. extra,True,reduce-infer-v1,1,1,0,243,2734,2715,0.0033294,31892.883,0.0,0.0,0.7934506856227626,1.0
openai/gpt-5.6-luna,openai/gpt-5.6-luna-20260709,high,pattern.plain-v1,pattern,text,5. extra,True,reduce-taught-v1,1,1,1,260,2606,2588,0.0031792,41064.303,1.0,0.20654931437723745,1.0,1.0
openai/gpt-5.6-luna,openai/gpt-5.6-luna-20260709,high,pattern.python-v1,pattern,text,1. easy,True,reduce-infer-v1,4,4,4,694,12780,12708,0.0154748,139026.18800000002,1.0,0.5101091635454027,1.0,1.0
openai/gpt-5.6-luna,openai/gpt-5.6-luna-20260709,high,pattern.python-v1,pattern,text,1. easy,True,reduce-taught-v1,4,4,4,762,3002,2930,0.0037548,47770.204,1.0,0.5101091635454027,1.0,1.0
openai/gpt-5.6-luna,openai/gpt-5.6-luna-20260709,high,pattern.python-v1,pattern,text,2. medium,True,reduce-infer-v1,4,4,2,769,7392,7318,0.0090242,172925.00400000002,0.5,0.15003898915214947,0.8499610108478506,1.0
openai/gpt-5.6-luna,openai/gpt-5.6-luna-20260709,high,pattern.python-v1,pattern,text,2. medium,True,reduce-taught-v1,4,4,4,837,11442,11370,0.0138978,146587.497,1.0,0.5101091635454027,1.0,1.0
openai/gpt-5.6-luna,openai/gpt-5.6-luna-20260709,high,pattern.python-v1,pattern,text,3. hard,True,reduce-infer-v1,4,4,2,888,6559,6485,0.0080484,96851.22,0.5,0.15003898915214947,0.8499610108478506,1.0
openai/gpt-5.6-luna,openai/gpt-5.6-luna-20260709,high,pattern.python-v1,pattern,text,3. hard,True,reduce-taught-v1,4,4,1,956,7790,7715,0.0095392,98864.621,0.25,0.04558726080970055,0.6993581574175981,1.0
openai/gpt-5.6-luna,openai/gpt-5.6-luna-20260709,high,pattern.python-v1,pattern,text,4. lunatic,True,reduce-infer-v1,4,4,3,938,9032,8959,0.0110260,146025.552,0.75,0.30064184258240184,0.9544127391902995,1.0
openai/gpt-5.6-luna,openai/gpt-5.6-luna-20260709,high,pattern.python-v1,pattern,text,4. lunatic,True,reduce-taught-v1,4,4,3,1006,9494,9421,0.0115940,123189.55300000001,0.75,0.30064184258240184,0.9544127391902995,1.0
openai/gpt-5.6-luna,openai/gpt-5.6-luna-20260709,high,pattern.python-v1,pattern,text,5. extra,True,reduce-infer-v1,1,1,1,243,1551,1533,0.0019098,20656.108,1.0,0.20654931437723745,1.0,1.0
openai/gpt-5.6-luna,openai/gpt-5.6-luna-20260709,high,pattern.python-v1,pattern,text,5. extra,True,reduce-taught-v1,3,3,2,780,6768,6713,0.0082776,103855.12,0.6666666666666666,0.2076596008020477,0.9385080552796037,1.0
openai/gpt-5.6-luna,openai/gpt-5.6-luna-20260709,high,pattern.rust-v1,pattern,text,1. easy,True,reduce-infer-v1,4,4,4,756,7813,7741,0.0095268,78324.225,1.0,0.5101091635454027,1.0,1.0
openai/gpt-5.6-luna,openai/gpt-5.6-luna-20260709,high,pattern.rust-v1,pattern,text,1. easy,True,reduce-taught-v1,4,4,4,824,6507,6435,0.0079732,69754.059,1.0,0.5101091635454027,1.0,1.0
openai/gpt-5.6-luna,openai/gpt-5.6-luna-20260709,high,pattern.rust-v1,pattern,text,2. medium,True,reduce-infer-v1,4,4,2,889,7760,7686,0.0094898,82409.51900000001,0.5,0.15003898915214947,0.8499610108478506,1.0
openai/gpt-5.6-luna,openai/gpt-5.6-luna-20260709,high,pattern.rust-v1,pattern,text,2. medium,True,reduce-taught-v1,4,4,2,957,6568,6494,0.0080730,84898.934,0.5,0.15003898915214947,0.8499610108478506,1.0
openai/gpt-5.6-luna,openai/gpt-5.6-luna-20260709,high,pattern.rust-v1,pattern,text,3. hard,True,reduce-infer-v1,4,4,3,1088,4656,4583,0.0058048,66690.195,0.75,0.30064184258240184,0.9544127391902995,1.0
openai/gpt-5.6-luna,openai/gpt-5.6-luna-20260709,high,pattern.rust-v1,pattern,text,3. hard,True,reduce-taught-v1,4,4,2,1156,9823,9749,0.0120188,128606.842,0.5,0.15003898915214947,0.8499610108478506,1.0
openai/gpt-5.6-luna,openai/gpt-5.6-luna-20260709,high,pattern.rust-v1,pattern,text,4. lunatic,True,reduce-infer-v1,4,4,2,1178,10228,10154,0.0125092,120709.224,0.5,0.15003898915214947,0.8499610108478506,1.0
openai/gpt-5.6-luna,openai/gpt-5.6-luna-20260709,high,pattern.rust-v1,pattern,text,4. lunatic,True,reduce-taught-v1,3,3,3,934,7745,7691,0.0094808,102127.64,1.0,0.4385029682449546,1.0,1.0
openai/gpt-5.6-luna,openai/gpt-5.6-luna-20260709,high,pattern.rust-v1,pattern,text,5. extra,True,reduce-infer-v1,1,1,1,313,1879,1861,0.0023174,25375.845,1.0,0.20654931437723745,1.0,1.0
openai/gpt-5.6-luna,openai/gpt-5.6-luna-20260709,high,pattern.rust-v1,pattern,text,5. extra,True,reduce-taught-v1,1,1,1,330,1527,1509,0.0018984,28204.473,1.0,0.20654931437723745,1.0,1.0
openai/gpt-5.6-luna,openai/gpt-5.6-luna-20260709,high,pattern.scheme-v1,pattern,text,1. easy,True,reduce-infer-v1,4,4,3,694,3025,2952,0.0037688,42190.32,0.75,0.30064184258240184,0.9544127391902995,1.0
openai/gpt-5.6-luna,openai/gpt-5.6-luna-20260709,high,pattern.scheme-v1,pattern,text,1. easy,True,reduce-taught-v1,4,4,3,762,2521,2448,0.0031776,37126.232,0.75,0.30064184258240184,0.9544127391902995,1.0
openai/gpt-5.6-luna,openai/gpt-5.6-luna-20260709,high,pattern.scheme-v1,pattern,text,2. medium,True,reduce-infer-v1,4,4,3,769,4478,4405,0.0055274,79838.389,0.75,0.30064184258240184,0.9544127391902995,1.0
openai/gpt-5.6-luna,openai/gpt-5.6-luna-20260709,high,pattern.scheme-v1,pattern,text,2. medium,True,reduce-taught-v1,4,4,3,837,6719,6646,0.0082302,87283.05599999998,0.75,0.30064184258240184,0.9544127391902995,1.0
openai/gpt-5.6-luna,openai/gpt-5.6-luna-20260709,high,pattern.scheme-v1,pattern,text,3. hard,True,reduce-infer-v1,4,4,3,888,5201,5128,0.0064188,83847.038,0.75,0.30064184258240184,0.9544127391902995,1.0
openai/gpt-5.6-luna,openai/gpt-5.6-luna-20260709,high,pattern.scheme-v1,pattern,text,3. hard,True,reduce-taught-v1,4,4,3,956,4562,4489,0.0056656,60245.471000000005,0.75,0.30064184258240184,0.9544127391902995,1.0
openai/gpt-5.6-luna,openai/gpt-5.6-luna-20260709,high,pattern.scheme-v1,pattern,text,4. lunatic,True,reduce-infer-v1,4,4,2,938,8701,8627,0.0106288,107650.365,0.5,0.15003898915214947,0.8499610108478506,1.0
openai/gpt-5.6-luna,openai/gpt-5.6-luna-20260709,high,pattern.scheme-v1,pattern,text,4. lunatic,True,reduce-taught-v1,3,3,2,756,8989,8934,0.0109380,116313.151,0.6666666666666666,0.2076596008020477,0.9385080552796037,1.0
openai/gpt-5.6-luna,openai/gpt-5.6-luna-20260709,high,pattern.scheme-v1,pattern,text,5. extra,True,reduce-infer-v1,2,2,1,486,4382,4345,0.0053556,55942.11,0.5,0.09453120573423074,0.9054687942657693,1.0
openai/gpt-5.6-luna,openai/gpt-5.6-luna-20260709,high,prose.containment-jitter-v1,prose,text,1. easy,True,reduce-infer-v1,4,4,3,723,5161,5088,0.0063378,56103.869999999995,0.75,0.30064184258240184,0.9544127391902995,1.0
openai/gpt-5.6-luna,openai/gpt-5.6-luna-20260709,high,prose.containment-jitter-v1,prose,text,1. easy,True,reduce-taught-v1,3,3,3,592,2663,2609,0.0033140,46533.402,1.0,0.4385029682449546,1.0,1.0
openai/gpt-5.6-luna,openai/gpt-5.6-luna-20260709,high,prose.containment-jitter-v1,prose,text,2. medium,True,reduce-infer-v1,4,4,4,812,5952,5880,0.0073048,85221.189,1.0,0.5101091635454027,1.0,1.0
openai/gpt-5.6-luna,openai/gpt-5.6-luna-20260709,high,prose.containment-jitter-v1,prose,text,2. medium,True,reduce-taught-v1,3,3,3,664,4264,4210,0.0052496,51252.359,1.0,0.4385029682449546,1.0,1.0
openai/gpt-5.6-luna,openai/gpt-5.6-luna-20260709,high,prose.containment-jitter-v1,prose,text,3. hard,True,reduce-infer-v1,4,4,4,807,4628,4556,0.0057150,66980.613,1.0,0.5101091635454027,1.0,1.0
openai/gpt-5.6-luna,openai/gpt-5.6-luna-20260709,high,prose.containment-jitter-v1,prose,text,3. hard,True,reduce-taught-v1,4,4,4,875,5268,5196,0.0064966,71382.941,1.0,0.5101091635454027,1.0,1.0
openai/gpt-5.6-luna,openai/gpt-5.6-luna-20260709,high,prose.containment-jitter-v1,prose,text,4. lunatic,True,reduce-infer-v1,4,4,4,858,4177,4105,0.0051840,64396.728,1.0,0.5101091635454027,1.0,1.0
openai/gpt-5.6-luna,openai/gpt-5.6-luna-20260709,high,prose.containment-jitter-v1,prose,text,4. lunatic,True,reduce-taught-v1,4,4,4,926,7467,7395,0.0091456,103329.377,1.0,0.5101091635454027,1.0,1.0
openai/gpt-5.6-luna,openai/gpt-5.6-luna-20260709,high,prose.containment-jitter-v1,prose,text,5. extra,True,reduce-infer-v1,4,4,4,1084,11171,11099,0.0136220,147334.951,1.0,0.5101091635454027,1.0,1.0
openai/gpt-5.6-luna,openai/gpt-5.6-luna-20260709,high,prose.containment-jitter-v1,prose,text,5. extra,True,reduce-taught-v1,3,3,3,861,6855,6801,0.0083982,93974.86600000001,1.0,0.4385029682449546,1.0,1.0
openai/gpt-5.6-luna,openai/gpt-5.6-luna-20260709,high,prose.containment-plain-v1,prose,text,1. easy,True,reduce-infer-v1,4,4,4,723,3677,3605,0.0045570,44317.345,1.0,0.5101091635454027,1.0,1.0
openai/gpt-5.6-luna,openai/gpt-5.6-luna-20260709,high,prose.containment-plain-v1,prose,text,1. easy,True,reduce-taught-v1,4,4,3,791,5536,5463,0.0068014,65002.420000000006,0.75,0.30064184258240184,0.9544127391902995,1.0
openai/gpt-5.6-luna,openai/gpt-5.6-luna-20260709,high,prose.containment-plain-v1,prose,text,2. medium,True,reduce-infer-v1,4,4,3,812,7566,7493,0.0092416,98256.84899999999,0.75,0.30064184258240184,0.9544127391902995,1.0
openai/gpt-5.6-luna,openai/gpt-5.6-luna-20260709,high,prose.containment-plain-v1,prose,text,2. medium,True,reduce-taught-v1,4,4,4,880,5377,5305,0.0066284,73967.039,1.0,0.5101091635454027,1.0,1.0
openai/gpt-5.6-luna,openai/gpt-5.6-luna-20260709,high,prose.containment-plain-v1,prose,text,3. hard,True,reduce-infer-v1,4,4,4,807,5490,5418,0.0067494,75087.67500000002,1.0,0.5101091635454027,1.0,1.0
openai/gpt-5.6-luna,openai/gpt-5.6-luna-20260709,high,prose.containment-plain-v1,prose,text,3. hard,True,reduce-taught-v1,4,4,2,875,4207,4133,0.0052234,87109.109,0.5,0.15003898915214947,0.8499610108478506,1.0
openai/gpt-5.6-luna,openai/gpt-5.6-luna-20260709,high,prose.containment-plain-v1,prose,text,4. lunatic,True,reduce-infer-v1,4,4,4,858,4794,4722,0.0059244,70254.99299999999,1.0,0.5101091635454027,1.0,1.0
openai/gpt-5.6-luna,openai/gpt-5.6-luna-20260709,high,prose.containment-plain-v1,prose,text,4. lunatic,True,reduce-taught-v1,4,4,3,926,4050,3977,0.0050452,61792.253,0.75,0.30064184258240184,0.9544127391902995,1.0
openai/gpt-5.6-luna,openai/gpt-5.6-luna-20260709,high,prose.containment-plain-v1,prose,text,5. extra,True,reduce-infer-v1,4,4,3,1084,6221,6148,0.0076820,92230.39000000001,0.75,0.30064184258240184,0.9544127391902995,1.0
openai/gpt-5.6-luna,openai/gpt-5.6-luna-20260709,high,prose.containment-plain-v1,prose,text,5. extra,True,reduce-taught-v1,4,4,2,1152,11655,11581,0.0142164,313846.951,0.5,0.15003898915214947,0.8499610108478506,1.0
openai/gpt-5.6-luna,openai/gpt-5.6-luna-20260709,high,trees.indent-jitter-v1,trees,text,1. easy,True,reduce-infer-v1,2,2,1,343,4402,4365,0.0053510,46093.895,0.5,0.09453120573423074,0.9054687942657693,1.0
openai/gpt-5.6-luna,openai/gpt-5.6-luna-20260709,high,trees.indent-jitter-v1,trees,text,1. easy,True,reduce-taught-v1,4,4,4,781,3694,3622,0.0045890,44247.17,1.0,0.5101091635454027,1.0,1.0
openai/gpt-5.6-luna,openai/gpt-5.6-luna-20260709,high,trees.indent-jitter-v1,trees,text,2. medium,True,reduce-infer-v1,1,1,1,181,1537,1519,0.0018806,17657.561999999998,1.0,0.20654931437723745,1.0,1.0
openai/gpt-5.6-luna,openai/gpt-5.6-luna-20260709,high,trees.indent-jitter-v1,trees,text,2. medium,True,reduce-taught-v1,4,4,4,856,7230,7158,0.0088472,91783.857,1.0,0.5101091635454027,1.0,1.0
openai/gpt-5.6-luna,openai/gpt-5.6-luna-20260709,high,trees.indent-jitter-v1,trees,text,3. hard,True,reduce-infer-v1,2,2,0,468,5987,5949,0.0072780,59047.827000000005,0.0,0.0,0.6576197724933469,1.0
openai/gpt-5.6-luna,openai/gpt-5.6-luna-20260709,high,trees.indent-jitter-v1,trees,text,3. hard,True,reduce-taught-v1,4,4,3,1025,7396,7323,0.0090802,113604.409,0.75,0.30064184258240184,0.9544127391902995,1.0
openai/gpt-5.6-luna,openai/gpt-5.6-luna-20260709,high,trees.indent-jitter-v1,trees,text,4. lunatic,True,reduce-infer-v1,1,1,0,274,3762,3743,0.0045692,46844.775,0.0,0.0,0.7934506856227626,1.0
openai/gpt-5.6-luna,openai/gpt-5.6-luna-20260709,high,trees.indent-jitter-v1,trees,text,4. lunatic,True,reduce-taught-v1,4,4,3,1155,10184,10111,0.0124518,148524.934,0.75,0.30064184258240184,0.9544127391902995,1.0
openai/gpt-5.6-luna,openai/gpt-5.6-luna-20260709,high,trees.indent-jitter-v1,trees,text,5. extra,True,reduce-taught-v1,3,3,3,874,8929,8875,0.0108896,128348.14300000001,1.0,0.4385029682449546,1.0,1.0
openai/gpt-5.6-luna,openai/gpt-5.6-luna-20260709,high,trees.indent-plain-v1,trees,text,1. easy,True,reduce-infer-v1,4,4,4,702,3278,3206,0.0040740,53583.609000000004,1.0,0.5101091635454027,1.0,1.0
openai/gpt-5.6-luna,openai/gpt-5.6-luna-20260709,high,trees.indent-plain-v1,trees,text,1. easy,True,reduce-taught-v1,4,4,3,770,2250,2177,0.0028540,37812.491,0.75,0.30064184258240184,0.9544127391902995,1.0
openai/gpt-5.6-luna,openai/gpt-5.6-luna-20260709,high,trees.indent-plain-v1,trees,text,2. medium,True,reduce-infer-v1,4,4,4,787,6326,6254,0.0077486,89097.544,1.0,0.5101091635454027,1.0,1.0
openai/gpt-5.6-luna,openai/gpt-5.6-luna-20260709,high,trees.indent-plain-v1,trees,text,2. medium,True,reduce-taught-v1,4,4,3,855,3667,3594,0.0045714,101541.41,0.75,0.30064184258240184,0.9544127391902995,1.0
openai/gpt-5.6-luna,openai/gpt-5.6-luna-20260709,high,trees.indent-plain-v1,trees,text,3. hard,True,reduce-infer-v1,4,4,3,912,4705,4632,0.0058284,118844.663,0.75,0.30064184258240184,0.9544127391902995,1.0
openai/gpt-5.6-luna,openai/gpt-5.6-luna-20260709,high,trees.indent-plain-v1,trees,text,3. hard,True,reduce-taught-v1,4,4,3,980,4862,4789,0.0060304,68123.06,0.75,0.30064184258240184,0.9544127391902995,1.0
openai/gpt-5.6-luna,openai/gpt-5.6-luna-20260709,high,trees.indent-plain-v1,trees,text,4. lunatic,True,reduce-infer-v1,4,4,3,972,6681,6608,0.0082116,100611.89899999999,0.75,0.30064184258240184,0.9544127391902995,1.0
openai/gpt-5.6-luna,openai/gpt-5.6-luna-20260709,high,trees.indent-plain-v1,trees,text,4. lunatic,True,reduce-taught-v1,4,4,1,1040,6572,6497,0.0080944,125055.69099999999,0.25,0.04558726080970055,0.6993581574175981,1.0
openai/gpt-5.6-luna,openai/gpt-5.6-luna-20260709,high,trees.indent-plain-v1,trees,text,5. extra,True,reduce-infer-v1,4,4,4,1029,10501,10429,0.0128070,135638.91999999998,1.0,0.5101091635454027,1.0,1.0
openai/gpt-5.6-luna,openai/gpt-5.6-luna-20260709,high,trees.indent-plain-v1,trees,text,5. extra,True,reduce-taught-v1,4,4,4,1097,10715,10643,0.0130774,138699.509,1.0,0.5101091635454027,1.0,1.0
openai/gpt-5.6-luna,openai/gpt-5.6-luna-20260709,low,biopolymer.rna-dotbracket-filler-v1,biopolymer,text,1. easy,True,reduce-infer-v1,4,4,4,788,1755,1683,0.0022636,27161.915,1.0,0.5101091635454027,1.0,1.0
openai/gpt-5.6-luna,openai/gpt-5.6-luna-20260709,low,biopolymer.rna-dotbracket-filler-v1,biopolymer,text,1. easy,True,reduce-taught-v1,4,4,3,852,1907,1834,0.0024588,60561.77599999999,0.75,0.30064184258240184,0.9544127391902995,1.0
openai/gpt-5.6-luna,openai/gpt-5.6-luna-20260709,low,biopolymer.rna-dotbracket-filler-v1,biopolymer,text,2. medium,True,reduce-infer-v1,4,4,2,938,3113,3039,0.0039232,46244.581,0.5,0.15003898915214947,0.8499610108478506,1.0
openai/gpt-5.6-luna,openai/gpt-5.6-luna-20260709,low,biopolymer.rna-dotbracket-filler-v1,biopolymer,text,2. medium,True,reduce-taught-v1,4,4,3,1002,2897,2824,0.0036768,39076.718,0.75,0.30064184258240184,0.9544127391902995,1.0
openai/gpt-5.6-luna,openai/gpt-5.6-luna-20260709,low,biopolymer.rna-dotbracket-filler-v1,biopolymer,text,3. hard,True,reduce-infer-v1,4,4,2,1172,4091,4017,0.0051436,63645.994000000006,0.5,0.15003898915214947,0.8499610108478506,1.0
openai/gpt-5.6-luna,openai/gpt-5.6-luna-20260709,low,biopolymer.rna-dotbracket-filler-v1,biopolymer,text,3. hard,True,reduce-taught-v1,4,4,2,1236,5299,5225,0.0066060,75512.99900000001,0.5,0.15003898915214947,0.8499610108478506,1.0
openai/gpt-5.6-luna,openai/gpt-5.6-luna-20260709,low,biopolymer.rna-dotbracket-filler-v1,biopolymer,text,4. lunatic,True,reduce-infer-v1,4,4,2,1268,5158,5084,0.0064432,73395.792,0.5,0.15003898915214947,0.8499610108478506,1.0
openai/gpt-5.6-luna,openai/gpt-5.6-luna-20260709,low,biopolymer.rna-dotbracket-filler-v1,biopolymer,text,4. lunatic,True,reduce-taught-v1,4,4,3,1332,5406,5333,0.0067536,79696.94399999999,0.75,0.30064184258240184,0.9544127391902995,1.0
openai/gpt-5.6-luna,openai/gpt-5.6-luna-20260709,low,biopolymer.rna-dotbracket-filler-v1,biopolymer,text,5. extra,True,reduce-infer-v1,4,4,4,1330,5509,5437,0.0068768,89157.024,1.0,0.5101091635454027,1.0,1.0
openai/gpt-5.6-luna,openai/gpt-5.6-luna-20260709,low,biopolymer.rna-dotbracket-filler-v1,biopolymer,text,5. extra,True,reduce-taught-v1,4,4,2,1394,5593,5519,0.0069904,106170.095,0.5,0.15003898915214947,0.8499610108478506,1.0
openai/gpt-5.6-luna,openai/gpt-5.6-luna-20260709,low,biopolymer.rna-dotbracket-plain-v1,biopolymer,text,1. easy,True,reduce-infer-v1,4,4,4,764,1843,1771,0.0023644,30089.570000000003,1.0,0.5101091635454027,1.0,1.0
openai/gpt-5.6-luna,openai/gpt-5.6-luna-20260709,low,biopolymer.rna-dotbracket-plain-v1,biopolymer,text,1. easy,True,reduce-taught-v1,4,4,3,828,1451,1378,0.0019068,25114.318000000003,0.75,0.30064184258240184,0.9544127391902995,1.0
openai/gpt-5.6-luna,openai/gpt-5.6-luna-20260709,low,biopolymer.rna-dotbracket-plain-v1,biopolymer,text,2. medium,True,reduce-infer-v1,4,4,4,880,3342,3270,0.0041864,46552.823000000004,1.0,0.5101091635454027,1.0,1.0
openai/gpt-5.6-luna,openai/gpt-5.6-luna-20260709,low,biopolymer.rna-dotbracket-plain-v1,biopolymer,text,2. medium,True,reduce-taught-v1,4,4,3,944,2932,2859,0.0037072,44744.643,0.75,0.30064184258240184,0.9544127391902995,1.0
openai/gpt-5.6-luna,openai/gpt-5.6-luna-20260709,low,biopolymer.rna-dotbracket-plain-v1,biopolymer,text,3. hard,True,reduce-infer-v1,4,4,0,1040,4370,4294,0.0054520,61303.35599999999,0.0,0.0,0.4898908364545973,1.0
openai/gpt-5.6-luna,openai/gpt-5.6-luna-20260709,low,biopolymer.rna-dotbracket-plain-v1,biopolymer,text,3. hard,True,reduce-taught-v1,4,4,4,1104,3839,3767,0.0048276,57468.148,1.0,0.5101091635454027,1.0,1.0
openai/gpt-5.6-luna,openai/gpt-5.6-luna-20260709,low,biopolymer.rna-dotbracket-plain-v1,biopolymer,text,4. lunatic,True,reduce-infer-v1,4,4,2,1120,6159,6085,0.0076148,100817.15,0.5,0.15003898915214947,0.8499610108478506,1.0
openai/gpt-5.6-luna,openai/gpt-5.6-luna-20260709,low,biopolymer.rna-dotbracket-plain-v1,biopolymer,text,4. lunatic,True,reduce-taught-v1,4,4,3,1184,5339,5266,0.0066436,81517.91399999999,0.75,0.30064184258240184,0.9544127391902995,1.0
openai/gpt-5.6-luna,openai/gpt-5.6-luna-20260709,low,biopolymer.rna-dotbracket-plain-v1,biopolymer,text,5. extra,True,reduce-infer-v1,3,3,3,900,4527,4473,0.0056124,86396.737,1.0,0.4385029682449546,1.0,1.0
openai/gpt-5.6-luna,openai/gpt-5.6-luna-20260709,low,biopolymer.rna-dotbracket-plain-v1,biopolymer,text,5. extra,True,reduce-taught-v1,3,3,3,948,4271,4217,0.0053148,66410.59599999999,1.0,0.4385029682449546,1.0,1.0
openai/gpt-5.6-luna,openai/gpt-5.6-luna-20260709,low,embedding.center-clause-jitter-v1,embedding,text,1. easy,True,reduce-infer-v1,4,4,3,771,3954,3881,0.0048990,53634.639,0.75,0.30064184258240184,0.9544127391902995,1.0
openai/gpt-5.6-luna,openai/gpt-5.6-luna-20260709,low,embedding.center-clause-jitter-v1,embedding,text,1. easy,True,reduce-taught-v1,4,4,4,835,4064,3992,0.0050438,52039.234,1.0,0.5101091635454027,1.0,1.0
openai/gpt-5.6-luna,openai/gpt-5.6-luna-20260709,low,embedding.center-clause-jitter-v1,embedding,text,2. medium,True,reduce-infer-v1,4,4,4,916,5777,5705,0.0071156,89924.466,1.0,0.5101091635454027,1.0,1.0
openai/gpt-5.6-luna,openai/gpt-5.6-luna-20260709,low,embedding.center-clause-jitter-v1,embedding,text,2. medium,True,reduce-taught-v1,4,4,4,980,5643,5571,0.0069676,97425.943,1.0,0.5101091635454027,1.0,1.0
openai/gpt-5.6-luna,openai/gpt-5.6-luna-20260709,low,embedding.center-clause-jitter-v1,embedding,text,3. hard,True,reduce-infer-v1,4,4,2,1105,6454,6380,0.0079658,91736.11399999999,0.5,0.15003898915214947,0.8499610108478506,1.0
openai/gpt-5.6-luna,openai/gpt-5.6-luna-20260709,low,embedding.center-clause-jitter-v1,embedding,text,3. hard,True,reduce-taught-v1,4,4,1,1169,6119,6044,0.0075766,119237.226,0.25,0.04558726080970055,0.6993581574175981,1.0
openai/gpt-5.6-luna,openai/gpt-5.6-luna-20260709,low,embedding.center-clause-jitter-v1,embedding,text,4. lunatic,True,reduce-infer-v1,4,4,3,1176,5524,5451,0.0068640,81099.10599999999,0.75,0.30064184258240184,0.9544127391902995,1.0
openai/gpt-5.6-luna,openai/gpt-5.6-luna-20260709,low,embedding.center-clause-jitter-v1,embedding,text,4. lunatic,True,reduce-taught-v1,4,4,1,1240,6755,6680,0.0083540,96295.815,0.25,0.04558726080970055,0.6993581574175981,1.0
openai/gpt-5.6-luna,openai/gpt-5.6-luna-20260709,low,embedding.center-clause-jitter-v1,embedding,text,5. extra,True,reduce-infer-v1,4,4,2,1326,6022,5948,0.0074916,109757.743,0.5,0.15003898915214947,0.8499610108478506,1.0
openai/gpt-5.6-luna,openai/gpt-5.6-luna-20260709,low,embedding.center-clause-jitter-v1,embedding,text,5. extra,True,reduce-taught-v1,4,4,2,1390,5722,5648,0.0071444,122885.651,0.5,0.15003898915214947,0.8499610108478506,1.0
openai/gpt-5.6-luna,openai/gpt-5.6-luna-20260709,low,embedding.center-clause-plain-v1,embedding,text,1. easy,True,reduce-infer-v1,4,4,4,771,3577,3505,0.0044466,44784.804000000004,1.0,0.5101091635454027,1.0,1.0
openai/gpt-5.6-luna,openai/gpt-5.6-luna-20260709,low,embedding.center-clause-plain-v1,embedding,text,1. easy,True,reduce-taught-v1,4,4,4,835,4049,3977,0.0050258,61851.265,1.0,0.5101091635454027,1.0,1.0
openai/gpt-5.6-luna,openai/gpt-5.6-luna-20260709,low,embedding.center-clause-plain-v1,embedding,text,2. medium,True,reduce-infer-v1,4,4,4,916,5719,5647,0.0070460,90151.966,1.0,0.5101091635454027,1.0,1.0
openai/gpt-5.6-luna,openai/gpt-5.6-luna-20260709,low,embedding.center-clause-plain-v1,embedding,text,2. medium,True,reduce-taught-v1,4,4,1,980,5343,5268,0.0066076,67033.09700000001,0.25,0.04558726080970055,0.6993581574175981,1.0
openai/gpt-5.6-luna,openai/gpt-5.6-luna-20260709,low,embedding.center-clause-plain-v1,embedding,text,3. hard,True,reduce-infer-v1,4,4,2,1105,7354,7280,0.0090458,95742.784,0.5,0.15003898915214947,0.8499610108478506,1.0
openai/gpt-5.6-luna,openai/gpt-5.6-luna-20260709,low,embedding.center-clause-plain-v1,embedding,text,3. hard,True,reduce-taught-v1,4,4,3,1169,7192,7119,0.0088642,125617.40699999999,0.75,0.30064184258240184,0.9544127391902995,1.0
openai/gpt-5.6-luna,openai/gpt-5.6-luna-20260709,low,embedding.center-clause-plain-v1,embedding,text,4. lunatic,True,reduce-infer-v1,4,4,4,1176,5783,5711,0.0071748,94108.65499999998,1.0,0.5101091635454027,1.0,1.0
openai/gpt-5.6-luna,openai/gpt-5.6-luna-20260709,low,embedding.center-clause-plain-v1,embedding,text,4. lunatic,True,reduce-taught-v1,4,4,3,1240,5205,5132,0.0064940,79486.111,0.75,0.30064184258240184,0.9544127391902995,1.0
openai/gpt-5.6-luna,openai/gpt-5.6-luna-20260709,low,embedding.center-clause-plain-v1,embedding,text,5. extra,True,reduce-infer-v1,4,4,4,1326,6710,6638,0.0083172,100278.111,1.0,0.5101091635454027,1.0,1.0
openai/gpt-5.6-luna,openai/gpt-5.6-luna-20260709,low,embedding.center-clause-plain-v1,embedding,text,5. extra,True,reduce-taught-v1,3,3,2,1038,5344,5289,0.0066204,76027.917,0.6666666666666666,0.2076596008020477,0.9385080552796037,1.0
openai/gpt-5.6-luna,openai/gpt-5.6-luna-20260709,low,parens.jitter-v1,parens,text,1. easy,True,reduce-infer-v1,4,4,4,651,2040,1968,0.0025782,29614.651999999995,1.0,0.5101091635454027,1.0,1.0
openai/gpt-5.6-luna,openai/gpt-5.6-luna-20260709,low,parens.jitter-v1,parens,text,1. easy,True,reduce-taught-v1,4,4,4,711,1975,1903,0.0025122,32984.810000000005,1.0,0.5101091635454027,1.0,1.0
openai/gpt-5.6-luna,openai/gpt-5.6-luna-20260709,low,parens.jitter-v1,parens,text,2. medium,True,reduce-infer-v1,4,4,3,682,4782,4709,0.0058748,58860.829,0.75,0.30064184258240184,0.9544127391902995,1.0
openai/gpt-5.6-luna,openai/gpt-5.6-luna-20260709,low,parens.jitter-v1,parens,text,2. medium,True,reduce-taught-v1,4,4,4,742,3530,3458,0.0043844,97488.96100000001,1.0,0.5101091635454027,1.0,1.0
openai/gpt-5.6-luna,openai/gpt-5.6-luna-20260709,low,parens.jitter-v1,parens,text,3. hard,True,reduce-infer-v1,4,4,1,722,4926,4851,0.0060556,76921.759,0.25,0.04558726080970055,0.6993581574175981,1.0
openai/gpt-5.6-luna,openai/gpt-5.6-luna-20260709,low,parens.jitter-v1,parens,text,3. hard,True,reduce-taught-v1,4,4,4,782,4813,4741,0.0059320,73867.068,1.0,0.5101091635454027,1.0,1.0
openai/gpt-5.6-luna,openai/gpt-5.6-luna-20260709,low,parens.jitter-v1,parens,text,4. lunatic,True,reduce-infer-v1,4,4,2,748,6028,5954,0.0073832,139797.014,0.5,0.15003898915214947,0.8499610108478506,1.0
openai/gpt-5.6-luna,openai/gpt-5.6-luna-20260709,low,parens.jitter-v1,parens,text,4. lunatic,True,reduce-taught-v1,4,4,3,808,5678,5605,0.0069752,83699.326,0.75,0.30064184258240184,0.9544127391902995,1.0
openai/gpt-5.6-luna,openai/gpt-5.6-luna-20260709,low,parens.jitter-v1,parens,text,5. extra,True,reduce-infer-v1,4,4,4,772,4577,4505,0.0056468,84896.073,1.0,0.5101091635454027,1.0,1.0
openai/gpt-5.6-luna,openai/gpt-5.6-luna-20260709,low,parens.jitter-v1,parens,text,5. extra,True,reduce-taught-v1,4,4,3,832,6223,6150,0.0076340,99411.581,0.75,0.30064184258240184,0.9544127391902995,1.0
openai/gpt-5.6-luna,openai/gpt-5.6-luna-20260709,low,parens.noisy-mismatched-v1,parens,text,1. easy,True,reduce-infer-v1,3,3,3,521,4414,4360,0.0054010,53809.642,1.0,0.4385029682449546,1.0,1.0
openai/gpt-5.6-luna,openai/gpt-5.6-luna-20260709,low,parens.noisy-mismatched-v1,parens,text,1. easy,True,reduce-taught-v1,3,3,3,556,3988,3934,0.0048968,74388.658,1.0,0.4385029682449546,1.0,1.0
openai/gpt-5.6-luna,openai/gpt-5.6-luna-20260709,low,parens.noisy-mismatched-v1,parens,text,2. medium,True,reduce-infer-v1,2,2,1,369,3318,3281,0.0040554,34677.194,0.5,0.09453120573423074,0.9054687942657693,1.0
openai/gpt-5.6-luna,openai/gpt-5.6-luna-20260709,low,parens.noisy-mismatched-v1,parens,text,2. medium,True,reduce-taught-v1,3,3,2,614,5089,5034,0.0062296,67694.485,0.6666666666666666,0.2076596008020477,0.9385080552796037,1.0
openai/gpt-5.6-luna,openai/gpt-5.6-luna-20260709,low,parens.noisy-mismatched-v1,parens,text,3. hard,True,reduce-infer-v1,2,2,1,424,3738,3701,0.0045704,83889.59,0.5,0.09453120573423074,0.9054687942657693,1.0
openai/gpt-5.6-luna,openai/gpt-5.6-luna-20260709,low,parens.noisy-mismatched-v1,parens,text,3. hard,True,reduce-taught-v1,1,1,0,225,1849,1830,0.0022638,28827.153,0.0,0.0,0.7934506856227626,1.0
openai/gpt-5.6-luna,openai/gpt-5.6-luna-20260709,low,parens.noisy-mismatched-v1,parens,text,4. lunatic,True,reduce-infer-v1,1,1,1,223,1570,1552,0.0019286,26361.459,1.0,0.20654931437723745,1.0,1.0
openai/gpt-5.6-luna,openai/gpt-5.6-luna-20260709,low,parens.noisy-mismatched-v1,parens,text,4. lunatic,True,reduce-taught-v1,2,2,1,487,3141,3104,0.0038666,48259.638999999996,0.5,0.09453120573423074,0.9054687942657693,1.0
openai/gpt-5.6-luna,openai/gpt-5.6-luna-20260709,low,parens.noisy-mismatched-v1,parens,text,5. extra,True,reduce-infer-v1,2,2,0,469,3074,3036,0.0037826,50210.628,0.0,0.0,0.6576197724933469,1.0
openai/gpt-5.6-luna,openai/gpt-5.6-luna-20260709,low,parens.noisy-mismatched-v1,parens,text,5. extra,True,reduce-taught-v1,1,1,1,253,1875,1857,0.0023006,25970.05,1.0,0.20654931437723745,1.0,1.0
openai/gpt-5.6-luna,openai/gpt-5.6-luna-20260709,low,parens.noisy-v1,parens,text,1. easy,True,reduce-infer-v1,4,4,3,685,2036,1963,0.0025802,27691.284,0.75,0.30064184258240184,0.9544127391902995,1.0
openai/gpt-5.6-luna,openai/gpt-5.6-luna-20260709,low,parens.noisy-v1,parens,text,1. easy,True,reduce-taught-v1,4,4,4,745,1337,1265,0.0017534,21663.448,1.0,0.5101091635454027,1.0,1.0
openai/gpt-5.6-luna,openai/gpt-5.6-luna-20260709,low,parens.noisy-v1,parens,text,2. medium,True,reduce-infer-v1,4,4,3,745,3711,3638,0.0046022,54304.191999999995,0.75,0.30064184258240184,0.9544127391902995,1.0
openai/gpt-5.6-luna,openai/gpt-5.6-luna-20260709,low,parens.noisy-v1,parens,text,2. medium,True,reduce-taught-v1,4,4,4,805,3298,3226,0.0041186,45900.775,1.0,0.5101091635454027,1.0,1.0
openai/gpt-5.6-luna,openai/gpt-5.6-luna-20260709,low,parens.noisy-v1,parens,text,3. hard,True,reduce-infer-v1,4,4,3,838,2887,2814,0.0036320,46927.603,0.75,0.30064184258240184,0.9544127391902995,1.0
openai/gpt-5.6-luna,openai/gpt-5.6-luna-20260709,low,parens.noisy-v1,parens,text,3. hard,True,reduce-taught-v1,4,4,4,898,2973,2901,0.0037472,65396.594,1.0,0.5101091635454027,1.0,1.0
openai/gpt-5.6-luna,openai/gpt-5.6-luna-20260709,low,parens.noisy-v1,parens,text,4. lunatic,True,reduce-infer-v1,4,4,3,782,3764,3691,0.0046732,53391.308000000005,0.75,0.30064184258240184,0.9544127391902995,1.0
openai/gpt-5.6-luna,openai/gpt-5.6-luna-20260709,low,parens.noisy-v1,parens,text,4. lunatic,True,reduce-taught-v1,4,4,4,842,4125,4053,0.0051184,67294.761,1.0,0.5101091635454027,1.0,1.0
openai/gpt-5.6-luna,openai/gpt-5.6-luna-20260709,low,parens.noisy-v1,parens,text,5. extra,True,reduce-infer-v1,4,4,3,983,4040,3967,0.0050446,55562.426,0.75,0.30064184258240184,0.9544127391902995,1.0
openai/gpt-5.6-luna,openai/gpt-5.6-luna-20260709,low,parens.noisy-v1,parens,text,5. extra,True,reduce-taught-v1,4,4,3,1043,5305,5232,0.0065746,84845.35299999999,0.75,0.30064184258240184,0.9544127391902995,1.0
openai/gpt-5.6-luna,openai/gpt-5.6-luna-20260709,low,parens.reference-v1,parens,text,1. easy,True,reduce-infer-v1,4,4,3,643,1555,1482,0.0019946,23868.619999999995,0.75,0.30064184258240184,0.9544127391902995,1.0
openai/gpt-5.6-luna,openai/gpt-5.6-luna-20260709,low,parens.reference-v1,parens,text,1. easy,True,reduce-taught-v1,4,4,4,703,2242,2170,0.0028310,61261.224,1.0,0.5101091635454027,1.0,1.0
openai/gpt-5.6-luna,openai/gpt-5.6-luna-20260709,low,parens.reference-v1,parens,text,2. medium,True,reduce-infer-v1,4,4,4,661,4815,4743,0.0059102,70402.811,1.0,0.5101091635454027,1.0,1.0
openai/gpt-5.6-luna,openai/gpt-5.6-luna-20260709,low,parens.reference-v1,parens,text,2. medium,True,reduce-taught-v1,4,4,3,721,4414,4341,0.0054410,65675.721,0.75,0.30064184258240184,0.9544127391902995,1.0
openai/gpt-5.6-luna,openai/gpt-5.6-luna-20260709,low,parens.reference-v1,parens,text,3. hard,True,reduce-infer-v1,4,4,1,699,4126,4051,0.0050910,63696.747,0.25,0.04558726080970055,0.6993581574175981,1.0
openai/gpt-5.6-luna,openai/gpt-5.6-luna-20260709,low,parens.reference-v1,parens,text,3. hard,True,reduce-taught-v1,4,4,3,759,4929,4856,0.0060666,70306.37299999999,0.75,0.30064184258240184,0.9544127391902995,1.0
openai/gpt-5.6-luna,openai/gpt-5.6-luna-20260709,low,parens.reference-v1,parens,text,4. lunatic,True,reduce-infer-v1,4,4,2,713,5768,5694,0.0070642,85454.23999999999,0.5,0.15003898915214947,0.8499610108478506,1.0
openai/gpt-5.6-luna,openai/gpt-5.6-luna-20260709,low,parens.reference-v1,parens,text,4. lunatic,True,reduce-taught-v1,4,4,2,773,4863,4789,0.0059902,78187.215,0.5,0.15003898915214947,0.8499610108478506,1.0
openai/gpt-5.6-luna,openai/gpt-5.6-luna-20260709,low,parens.reference-v1,parens,text,5. extra,True,reduce-infer-v1,4,4,3,722,5322,5249,0.0065308,83900.59,0.75,0.30064184258240184,0.9544127391902995,1.0
openai/gpt-5.6-luna,openai/gpt-5.6-luna-20260709,low,parens.reference-v1,parens,text,5. extra,True,reduce-taught-v1,4,4,3,782,4081,4008,0.0050536,70057.333,0.75,0.30064184258240184,0.9544127391902995,1.0
openai/gpt-5.6-luna,openai/gpt-5.6-luna-20260709,low,parens.word-brackets-mismatched-v1,parens,text,1. easy,True,reduce-infer-v1,4,4,2,682,3490,3416,0.0043244,52492.39599999999,0.5,0.15003898915214947,0.8499610108478506,1.0
openai/gpt-5.6-luna,openai/gpt-5.6-luna-20260709,low,parens.word-brackets-mismatched-v1,parens,text,1. easy,True,reduce-taught-v1,4,4,2,750,2978,2904,0.0037236,37649.433000000005,0.5,0.15003898915214947,0.8499610108478506,1.0
openai/gpt-5.6-luna,openai/gpt-5.6-luna-20260709,low,parens.word-brackets-mismatched-v1,parens,text,2. medium,True,reduce-infer-v1,4,4,1,740,6259,6184,0.0076588,82992.85200000001,0.25,0.04558726080970055,0.6993581574175981,1.0
openai/gpt-5.6-luna,openai/gpt-5.6-luna-20260709,low,parens.word-brackets-mismatched-v1,parens,text,2. medium,True,reduce-taught-v1,4,4,3,808,4653,4580,0.0057452,66859.485,0.75,0.30064184258240184,0.9544127391902995,1.0
openai/gpt-5.6-luna,openai/gpt-5.6-luna-20260709,low,parens.word-brackets-mismatched-v1,parens,text,3. hard,True,reduce-infer-v1,1,1,0,205,1527,1508,0.0018734,22180.377,0.0,0.0,0.7934506856227626,1.0
openai/gpt-5.6-luna,openai/gpt-5.6-luna-20260709,low,parens.word-brackets-mismatched-v1,parens,text,3. hard,True,reduce-taught-v1,3,3,2,666,4944,4889,0.0060660,74900.80900000001,0.6666666666666666,0.2076596008020477,0.9385080552796037,1.0
openai/gpt-5.6-luna,openai/gpt-5.6-luna-20260709,low,parens.word-brackets-mismatched-v1,parens,text,4. lunatic,True,reduce-infer-v1,1,1,1,215,1570,1552,0.001927,26689.995,1.0,0.20654931437723745,1.0,1.0
openai/gpt-5.6-luna,openai/gpt-5.6-luna-20260709,low,parens.word-brackets-mismatched-v1,parens,text,4. lunatic,True,reduce-taught-v1,4,4,4,928,6242,6170,0.0076760,78245.381,1.0,0.5101091635454027,1.0,1.0
openai/gpt-5.6-luna,openai/gpt-5.6-luna-20260709,low,parens.word-brackets-mismatched-v1,parens,text,5. extra,True,reduce-infer-v1,2,2,2,450,3971,3935,0.0048552,56986.612,1.0,0.34238022750665303,1.0,1.0
openai/gpt-5.6-luna,openai/gpt-5.6-luna-20260709,low,parens.word-brackets-mismatched-v1,parens,text,5. extra,True,reduce-taught-v1,4,4,2,968,5715,5641,0.0070516,97106.24399999999,0.5,0.15003898915214947,0.8499610108478506,1.0
openai/gpt-5.6-luna,openai/gpt-5.6-luna-20260709,low,parens.word-brackets-plain-v1,parens,text,1. easy,True,reduce-infer-v1,4,4,4,682,2217,2145,0.0027968,29521.568,1.0,0.5101091635454027,1.0,1.0
openai/gpt-5.6-luna,openai/gpt-5.6-luna-20260709,low,parens.word-brackets-plain-v1,parens,text,1. easy,True,reduce-taught-v1,4,4,3,750,1811,1738,0.0023232,28407.673,0.75,0.30064184258240184,0.9544127391902995,1.0
openai/gpt-5.6-luna,openai/gpt-5.6-luna-20260709,low,parens.word-brackets-plain-v1,parens,text,2. medium,True,reduce-infer-v1,4,4,4,740,5284,5212,0.0064888,103131.658,1.0,0.5101091635454027,1.0,1.0
openai/gpt-5.6-luna,openai/gpt-5.6-luna-20260709,low,parens.word-brackets-plain-v1,parens,text,2. medium,True,reduce-taught-v1,4,4,3,808,4476,4403,0.0055328,81312.771,0.75,0.30064184258240184,0.9544127391902995,1.0
openai/gpt-5.6-luna,openai/gpt-5.6-luna-20260709,low,parens.word-brackets-plain-v1,parens,text,3. hard,True,reduce-infer-v1,3,3,1,615,4495,4439,0.0055170,60757.389,0.3333333333333333,0.06149194472039621,0.7923403991979522,1.0
openai/gpt-5.6-luna,openai/gpt-5.6-luna-20260709,low,parens.word-brackets-plain-v1,parens,text,3. hard,True,reduce-taught-v1,4,4,0,888,6841,6765,0.0083868,93061.746,0.0,0.0,0.4898908364545973,1.0
openai/gpt-5.6-luna,openai/gpt-5.6-luna-20260709,low,parens.word-brackets-plain-v1,parens,text,4. lunatic,True,reduce-infer-v1,4,4,2,860,5472,5398,0.0067384,110354.725,0.5,0.15003898915214947,0.8499610108478506,1.0
openai/gpt-5.6-luna,openai/gpt-5.6-luna-20260709,low,parens.word-brackets-plain-v1,parens,text,4. lunatic,True,reduce-taught-v1,2,2,1,464,3923,3886,0.0048004,60909.265,0.5,0.09453120573423074,0.9054687942657693,1.0
openai/gpt-5.6-luna,openai/gpt-5.6-luna-20260709,low,parens.word-brackets-plain-v1,parens,text,5. extra,True,reduce-infer-v1,3,3,2,675,4991,4936,0.0061242,74966.846,0.6666666666666666,0.2076596008020477,0.9385080552796037,1.0
openai/gpt-5.6-luna,openai/gpt-5.6-luna-20260709,low,parens.word-brackets-plain-v1,parens,text,5. extra,True,reduce-taught-v1,3,3,3,726,5028,4974,0.0061788,76611.88500000001,1.0,0.4385029682449546,1.0,1.0
openai/gpt-5.6-luna,openai/gpt-5.6-luna-20260709,low,pattern.java-v1,pattern,text,1. easy,True,reduce-infer-v1,4,4,2,725,2099,2025,0.0026638,30655.523999999998,0.5,0.15003898915214947,0.8499610108478506,1.0
openai/gpt-5.6-luna,openai/gpt-5.6-luna-20260709,low,pattern.java-v1,pattern,text,1. easy,True,reduce-taught-v1,4,4,2,793,1951,1877,0.0024998,41231.068,0.5,0.15003898915214947,0.8499610108478506,1.0
openai/gpt-5.6-luna,openai/gpt-5.6-luna-20260709,low,pattern.java-v1,pattern,text,2. medium,True,reduce-infer-v1,4,4,3,829,2651,2578,0.0033470,54361.672000000006,0.75,0.30064184258240184,0.9544127391902995,1.0
openai/gpt-5.6-luna,openai/gpt-5.6-luna-20260709,low,pattern.java-v1,pattern,text,2. medium,True,reduce-taught-v1,4,4,3,897,2729,2656,0.0034542,50718.471,0.75,0.30064184258240184,0.9544127391902995,1.0
openai/gpt-5.6-luna,openai/gpt-5.6-luna-20260709,low,pattern.java-v1,pattern,text,3. hard,True,reduce-infer-v1,4,4,2,988,2318,2244,0.0029792,38984.039,0.5,0.15003898915214947,0.8499610108478506,1.0
openai/gpt-5.6-luna,openai/gpt-5.6-luna-20260709,low,pattern.java-v1,pattern,text,3. hard,True,reduce-taught-v1,4,4,1,1056,2519,2444,0.0032340,39127.172999999995,0.25,0.04558726080970055,0.6993581574175981,1.0
openai/gpt-5.6-luna,openai/gpt-5.6-luna-20260709,low,pattern.java-v1,pattern,text,4. lunatic,True,reduce-infer-v1,4,4,1,1058,4675,4600,0.0058216,79780.75600000001,0.25,0.04558726080970055,0.6993581574175981,1.0
openai/gpt-5.6-luna,openai/gpt-5.6-luna-20260709,low,pattern.java-v1,pattern,text,4. lunatic,True,reduce-taught-v1,4,4,1,1126,4143,4068,0.0051968,65514.505999999994,0.25,0.04558726080970055,0.6993581574175981,1.0
openai/gpt-5.6-luna,openai/gpt-5.6-luna-20260709,low,pattern.java-v1,pattern,text,5. extra,True,reduce-infer-v1,4,4,3,1111,4930,4857,0.0061382,68023.39199999999,0.75,0.30064184258240184,0.9544127391902995,1.0
openai/gpt-5.6-luna,openai/gpt-5.6-luna-20260709,low,pattern.java-v1,pattern,text,5. extra,True,reduce-taught-v1,4,4,2,1179,5083,5009,0.0063354,70906.276,0.5,0.15003898915214947,0.8499610108478506,1.0
openai/gpt-5.6-luna,openai/gpt-5.6-luna-20260709,low,pattern.lisp-v1,pattern,text,1. easy,True,reduce-infer-v1,4,4,4,698,1999,1927,0.0025384,35828.101,1.0,0.5101091635454027,1.0,1.0
openai/gpt-5.6-luna,openai/gpt-5.6-luna-20260709,low,pattern.lisp-v1,pattern,text,1. easy,True,reduce-taught-v1,4,4,3,766,1940,1867,0.0024812,26507.145,0.75,0.30064184258240184,0.9544127391902995,1.0
openai/gpt-5.6-luna,openai/gpt-5.6-luna-20260709,low,pattern.lisp-v1,pattern,text,2. medium,True,reduce-infer-v1,4,4,3,773,2746,2673,0.0034498,35572.662,0.75,0.30064184258240184,0.9544127391902995,1.0
openai/gpt-5.6-luna,openai/gpt-5.6-luna-20260709,low,pattern.lisp-v1,pattern,text,2. medium,True,reduce-taught-v1,4,4,2,841,3484,3410,0.0043490,49450.529,0.5,0.15003898915214947,0.8499610108478506,1.0
openai/gpt-5.6-luna,openai/gpt-5.6-luna-20260709,low,pattern.lisp-v1,pattern,text,3. hard,True,reduce-infer-v1,4,4,1,892,2619,2544,0.0033212,45477.098,0.25,0.04558726080970055,0.6993581574175981,1.0
openai/gpt-5.6-luna,openai/gpt-5.6-luna-20260709,low,pattern.lisp-v1,pattern,text,3. hard,True,reduce-taught-v1,4,4,1,960,3125,3050,0.0039420,45316.343,0.25,0.04558726080970055,0.6993581574175981,1.0
openai/gpt-5.6-luna,openai/gpt-5.6-luna-20260709,low,pattern.lisp-v1,pattern,text,4. lunatic,True,reduce-infer-v1,4,4,1,942,5002,4927,0.0061908,73660.786,0.25,0.04558726080970055,0.6993581574175981,1.0
openai/gpt-5.6-luna,openai/gpt-5.6-luna-20260709,low,pattern.lisp-v1,pattern,text,4. lunatic,True,reduce-taught-v1,4,4,1,1010,4631,4556,0.0057592,61434.388,0.25,0.04558726080970055,0.6993581574175981,1.0
openai/gpt-5.6-luna,openai/gpt-5.6-luna-20260709,low,pattern.lisp-v1,pattern,text,5. extra,True,reduce-infer-v1,4,4,2,975,4875,4801,0.0060450,92615.683,0.5,0.15003898915214947,0.8499610108478506,1.0
openai/gpt-5.6-luna,openai/gpt-5.6-luna-20260709,low,pattern.lisp-v1,pattern,text,5. extra,True,reduce-taught-v1,4,4,3,1043,5650,5577,0.0069886,73431.54699999999,0.75,0.30064184258240184,0.9544127391902995,1.0
openai/gpt-5.6-luna,openai/gpt-5.6-luna-20260709,low,pattern.plain-v1,pattern,text,1. easy,True,reduce-infer-v1,4,4,2,694,3221,3147,0.0040040,42876.116,0.5,0.15003898915214947,0.8499610108478506,1.0
openai/gpt-5.6-luna,openai/gpt-5.6-luna-20260709,low,pattern.plain-v1,pattern,text,1. easy,True,reduce-taught-v1,4,4,2,762,2581,2507,0.0032496,40378.953,0.5,0.15003898915214947,0.8499610108478506,1.0
openai/gpt-5.6-luna,openai/gpt-5.6-luna-20260709,low,pattern.plain-v1,pattern,text,2. medium,True,reduce-infer-v1,4,4,1,769,3439,3364,0.0042806,49320.991,0.25,0.04558726080970055,0.6993581574175981,1.0
openai/gpt-5.6-luna,openai/gpt-5.6-luna-20260709,low,pattern.plain-v1,pattern,text,2. medium,True,reduce-taught-v1,4,4,2,837,3365,3291,0.0042054,47564.363000000005,0.5,0.15003898915214947,0.8499610108478506,1.0
openai/gpt-5.6-luna,openai/gpt-5.6-luna-20260709,low,pattern.plain-v1,pattern,text,3. hard,True,reduce-infer-v1,4,4,1,888,2284,2209,0.0029184,64896.789,0.25,0.04558726080970055,0.6993581574175981,1.0
openai/gpt-5.6-luna,openai/gpt-5.6-luna-20260709,low,pattern.plain-v1,pattern,text,3. hard,True,reduce-taught-v1,4,4,0,956,3642,3566,0.0045616,56288.817,0.0,0.0,0.4898908364545973,1.0
openai/gpt-5.6-luna,openai/gpt-5.6-luna-20260709,low,pattern.plain-v1,pattern,text,4. lunatic,True,reduce-infer-v1,4,4,1,938,4697,4622,0.0058240,63470.526,0.25,0.04558726080970055,0.6993581574175981,1.0
openai/gpt-5.6-luna,openai/gpt-5.6-luna-20260709,low,pattern.plain-v1,pattern,text,4. lunatic,True,reduce-taught-v1,4,4,3,1006,6102,6029,0.0075236,202694.57400000002,0.75,0.30064184258240184,0.9544127391902995,1.0
openai/gpt-5.6-luna,openai/gpt-5.6-luna-20260709,low,pattern.plain-v1,pattern,text,5. extra,True,reduce-infer-v1,4,4,2,971,5965,5891,0.0073522,80743.59599999999,0.5,0.15003898915214947,0.8499610108478506,1.0
openai/gpt-5.6-luna,openai/gpt-5.6-luna-20260709,low,pattern.plain-v1,pattern,text,5. extra,True,reduce-taught-v1,4,4,4,1039,6951,6879,0.0085490,101227.801,1.0,0.5101091635454027,1.0,1.0
openai/gpt-5.6-luna,openai/gpt-5.6-luna-20260709,low,pattern.python-v1,pattern,text,1. easy,True,reduce-infer-v1,4,4,3,694,4164,4091,0.0051356,45707.735,0.75,0.30064184258240184,0.9544127391902995,1.0
openai/gpt-5.6-luna,openai/gpt-5.6-luna-20260709,low,pattern.python-v1,pattern,text,1. easy,True,reduce-taught-v1,4,4,4,762,2860,2788,0.0035844,97370.095,1.0,0.5101091635454027,1.0,1.0
openai/gpt-5.6-luna,openai/gpt-5.6-luna-20260709,low,pattern.python-v1,pattern,text,2. medium,True,reduce-infer-v1,4,4,2,769,4041,3967,0.0050030,51932.18,0.5,0.15003898915214947,0.8499610108478506,1.0
openai/gpt-5.6-luna,openai/gpt-5.6-luna-20260709,low,pattern.python-v1,pattern,text,2. medium,True,reduce-taught-v1,4,4,2,837,3941,3867,0.0048966,62424.759999999995,0.5,0.15003898915214947,0.8499610108478506,1.0
openai/gpt-5.6-luna,openai/gpt-5.6-luna-20260709,low,pattern.python-v1,pattern,text,3. hard,True,reduce-infer-v1,4,4,3,888,3507,3434,0.0043860,61675.107,0.75,0.30064184258240184,0.9544127391902995,1.0
openai/gpt-5.6-luna,openai/gpt-5.6-luna-20260709,low,pattern.python-v1,pattern,text,3. hard,True,reduce-taught-v1,4,4,3,956,3713,3640,0.0046468,53330.025,0.75,0.30064184258240184,0.9544127391902995,1.0
openai/gpt-5.6-luna,openai/gpt-5.6-luna-20260709,low,pattern.python-v1,pattern,text,4. lunatic,True,reduce-infer-v1,4,4,2,938,4880,4806,0.0060436,69229.197,0.5,0.15003898915214947,0.8499610108478506,1.0
openai/gpt-5.6-luna,openai/gpt-5.6-luna-20260709,low,pattern.python-v1,pattern,text,4. lunatic,True,reduce-taught-v1,4,4,2,1006,3810,3736,0.0047732,54330.76699999999,0.5,0.15003898915214947,0.8499610108478506,1.0
openai/gpt-5.6-luna,openai/gpt-5.6-luna-20260709,low,pattern.python-v1,pattern,text,5. extra,True,reduce-infer-v1,4,4,4,971,5119,5047,0.0063370,69472.398,1.0,0.5101091635454027,1.0,1.0
openai/gpt-5.6-luna,openai/gpt-5.6-luna-20260709,low,pattern.python-v1,pattern,text,5. extra,True,reduce-taught-v1,4,4,3,1039,4902,4829,0.0060902,75954.969,0.75,0.30064184258240184,0.9544127391902995,1.0
openai/gpt-5.6-luna,openai/gpt-5.6-luna-20260709,low,pattern.rust-v1,pattern,text,1. easy,True,reduce-infer-v1,4,4,2,756,2282,2208,0.0028896,29510.203,0.5,0.15003898915214947,0.8499610108478506,1.0
openai/gpt-5.6-luna,openai/gpt-5.6-luna-20260709,low,pattern.rust-v1,pattern,text,1. easy,True,reduce-taught-v1,4,4,3,824,2903,2830,0.0036484,36701.18,0.75,0.30064184258240184,0.9544127391902995,1.0
openai/gpt-5.6-luna,openai/gpt-5.6-luna-20260709,low,pattern.rust-v1,pattern,text,2. medium,True,reduce-infer-v1,4,4,2,889,2368,2294,0.0030194,33269.98,0.5,0.15003898915214947,0.8499610108478506,1.0
openai/gpt-5.6-luna,openai/gpt-5.6-luna-20260709,low,pattern.rust-v1,pattern,text,2. medium,True,reduce-taught-v1,4,4,3,957,3553,3480,0.0044550,49309.282,0.75,0.30064184258240184,0.9544127391902995,1.0
openai/gpt-5.6-luna,openai/gpt-5.6-luna-20260709,low,pattern.rust-v1,pattern,text,3. hard,True,reduce-infer-v1,4,4,4,1088,4207,4135,0.0052660,52912.103,1.0,0.5101091635454027,1.0,1.0
openai/gpt-5.6-luna,openai/gpt-5.6-luna-20260709,low,pattern.rust-v1,pattern,text,3. hard,True,reduce-taught-v1,4,4,1,1156,3815,3740,0.0048092,55975.202000000005,0.25,0.04558726080970055,0.6993581574175981,1.0
openai/gpt-5.6-luna,openai/gpt-5.6-luna-20260709,low,pattern.rust-v1,pattern,text,4. lunatic,True,reduce-infer-v1,4,4,0,1178,5092,5016,0.0063460,72010.29,0.0,0.0,0.4898908364545973,1.0
openai/gpt-5.6-luna,openai/gpt-5.6-luna-20260709,low,pattern.rust-v1,pattern,text,4. lunatic,True,reduce-taught-v1,4,4,2,1246,5215,5141,0.0065072,69039.94399999999,0.5,0.15003898915214947,0.8499610108478506,1.0
openai/gpt-5.6-luna,openai/gpt-5.6-luna-20260709,low,pattern.rust-v1,pattern,text,5. extra,True,reduce-infer-v1,4,4,1,1251,5998,5923,0.0074478,78515.493,0.25,0.04558726080970055,0.6993581574175981,1.0
openai/gpt-5.6-luna,openai/gpt-5.6-luna-20260709,low,pattern.rust-v1,pattern,text,5. extra,True,reduce-taught-v1,4,4,2,1319,6062,5988,0.0075382,80249.026,0.5,0.15003898915214947,0.8499610108478506,1.0
openai/gpt-5.6-luna,openai/gpt-5.6-luna-20260709,low,pattern.scheme-v1,pattern,text,1. easy,True,reduce-infer-v1,4,4,3,694,1352,1279,0.0017612,26139.576,0.75,0.30064184258240184,0.9544127391902995,1.0
openai/gpt-5.6-luna,openai/gpt-5.6-luna-20260709,low,pattern.scheme-v1,pattern,text,1. easy,True,reduce-taught-v1,4,4,3,762,1126,1053,0.0015036,19722.966,0.75,0.30064184258240184,0.9544127391902995,1.0
openai/gpt-5.6-luna,openai/gpt-5.6-luna-20260709,low,pattern.scheme-v1,pattern,text,2. medium,True,reduce-infer-v1,4,4,4,769,2923,2851,0.0036614,38403.428,1.0,0.5101091635454027,1.0,1.0
openai/gpt-5.6-luna,openai/gpt-5.6-luna-20260709,low,pattern.scheme-v1,pattern,text,2. medium,True,reduce-taught-v1,4,4,4,837,3058,2986,0.0038370,46820.553,1.0,0.5101091635454027,1.0,1.0
openai/gpt-5.6-luna,openai/gpt-5.6-luna-20260709,low,pattern.scheme-v1,pattern,text,3. hard,True,reduce-infer-v1,4,4,2,888,3157,3083,0.0039660,53981.890999999996,0.5,0.15003898915214947,0.8499610108478506,1.0
openai/gpt-5.6-luna,openai/gpt-5.6-luna-20260709,low,pattern.scheme-v1,pattern,text,3. hard,True,reduce-taught-v1,4,4,2,956,3856,3782,0.0048184,70427.768,0.5,0.15003898915214947,0.8499610108478506,1.0
openai/gpt-5.6-luna,openai/gpt-5.6-luna-20260709,low,pattern.scheme-v1,pattern,text,4. lunatic,True,reduce-infer-v1,4,4,0,938,4471,4395,0.0055528,58558.323000000004,0.0,0.0,0.4898908364545973,1.0
openai/gpt-5.6-luna,openai/gpt-5.6-luna-20260709,low,pattern.scheme-v1,pattern,text,4. lunatic,True,reduce-taught-v1,4,4,1,1006,5211,5136,0.0064544,73646.069,0.25,0.04558726080970055,0.6993581574175981,1.0
openai/gpt-5.6-luna,openai/gpt-5.6-luna-20260709,low,pattern.scheme-v1,pattern,text,5. extra,True,reduce-infer-v1,3,3,1,728,4664,4608,0.0057424,66697.94399999999,0.3333333333333333,0.06149194472039621,0.7923403991979522,1.0
openai/gpt-5.6-luna,openai/gpt-5.6-luna-20260709,low,pattern.scheme-v1,pattern,text,5. extra,True,reduce-taught-v1,4,4,1,1039,6612,6537,0.0081422,88218.068,0.25,0.04558726080970055,0.6993581574175981,1.0
openai/gpt-5.6-luna,openai/gpt-5.6-luna-20260709,low,prose.containment-jitter-v1,prose,text,1. easy,True,reduce-infer-v1,4,4,4,723,1957,1885,0.0024930,33277.673,1.0,0.5101091635454027,1.0,1.0
openai/gpt-5.6-luna,openai/gpt-5.6-luna-20260709,low,prose.containment-jitter-v1,prose,text,1. easy,True,reduce-taught-v1,4,4,4,791,2823,2751,0.0035458,47790.455,1.0,0.5101091635454027,1.0,1.0
openai/gpt-5.6-luna,openai/gpt-5.6-luna-20260709,low,prose.containment-jitter-v1,prose,text,2. medium,True,reduce-infer-v1,4,4,3,812,2712,2639,0.0034168,41725.013,0.75,0.30064184258240184,0.9544127391902995,1.0
openai/gpt-5.6-luna,openai/gpt-5.6-luna-20260709,low,prose.containment-jitter-v1,prose,text,2. medium,True,reduce-taught-v1,4,4,3,880,3460,3387,0.0043280,46750.454,0.75,0.30064184258240184,0.9544127391902995,1.0
openai/gpt-5.6-luna,openai/gpt-5.6-luna-20260709,low,prose.containment-jitter-v1,prose,text,3. hard,True,reduce-infer-v1,4,4,4,807,2801,2729,0.0035226,44372.99,1.0,0.5101091635454027,1.0,1.0
openai/gpt-5.6-luna,openai/gpt-5.6-luna-20260709,low,prose.containment-jitter-v1,prose,text,3. hard,True,reduce-taught-v1,4,4,4,875,2925,2853,0.0036850,52473.659,1.0,0.5101091635454027,1.0,1.0
openai/gpt-5.6-luna,openai/gpt-5.6-luna-20260709,low,prose.containment-jitter-v1,prose,text,4. lunatic,True,reduce-infer-v1,4,4,4,858,2447,2375,0.0031080,44818.082,1.0,0.5101091635454027,1.0,1.0
openai/gpt-5.6-luna,openai/gpt-5.6-luna-20260709,low,prose.containment-jitter-v1,prose,text,4. lunatic,True,reduce-taught-v1,4,4,3,926,3300,3227,0.0041452,86154.553,0.75,0.30064184258240184,0.9544127391902995,1.0
openai/gpt-5.6-luna,openai/gpt-5.6-luna-20260709,low,prose.containment-jitter-v1,prose,text,5. extra,True,reduce-infer-v1,4,4,4,1084,3967,3895,0.0049772,97383.21900000001,1.0,0.5101091635454027,1.0,1.0
openai/gpt-5.6-luna,openai/gpt-5.6-luna-20260709,low,prose.containment-jitter-v1,prose,text,5. extra,True,reduce-taught-v1,4,4,2,1152,4038,3964,0.0050760,63905.07,0.5,0.15003898915214947,0.8499610108478506,1.0
openai/gpt-5.6-luna,openai/gpt-5.6-luna-20260709,low,prose.containment-plain-v1,prose,text,1. easy,True,reduce-infer-v1,4,4,3,723,1844,1771,0.0023574,41265.363000000005,0.75,0.30064184258240184,0.9544127391902995,1.0
openai/gpt-5.6-luna,openai/gpt-5.6-luna-20260709,low,prose.containment-plain-v1,prose,text,1. easy,True,reduce-taught-v1,4,4,1,791,2589,2514,0.0032650,42155.388999999996,0.25,0.04558726080970055,0.6993581574175981,1.0
openai/gpt-5.6-luna,openai/gpt-5.6-luna-20260709,low,prose.containment-plain-v1,prose,text,2. medium,True,reduce-infer-v1,4,4,4,812,2764,2692,0.0034792,40657.031,1.0,0.5101091635454027,1.0,1.0
openai/gpt-5.6-luna,openai/gpt-5.6-luna-20260709,low,prose.containment-plain-v1,prose,text,2. medium,True,reduce-taught-v1,4,4,3,880,3812,3739,0.0047504,56970.16499999999,0.75,0.30064184258240184,0.9544127391902995,1.0
openai/gpt-5.6-luna,openai/gpt-5.6-luna-20260709,low,prose.containment-plain-v1,prose,text,3. hard,True,reduce-infer-v1,4,4,4,807,2200,2128,0.0028014,39999.657999999996,1.0,0.5101091635454027,1.0,1.0
openai/gpt-5.6-luna,openai/gpt-5.6-luna-20260709,low,prose.containment-plain-v1,prose,text,3. hard,True,reduce-taught-v1,4,4,3,875,2909,2836,0.0036658,49241.78200000001,0.75,0.30064184258240184,0.9544127391902995,1.0
openai/gpt-5.6-luna,openai/gpt-5.6-luna-20260709,low,prose.containment-plain-v1,prose,text,4. lunatic,True,reduce-infer-v1,4,4,4,858,2437,2365,0.0030960,43824.162,1.0,0.5101091635454027,1.0,1.0
openai/gpt-5.6-luna,openai/gpt-5.6-luna-20260709,low,prose.containment-plain-v1,prose,text,4. lunatic,True,reduce-taught-v1,4,4,1,926,2391,2316,0.0030544,80709.877,0.25,0.04558726080970055,0.6993581574175981,1.0
openai/gpt-5.6-luna,openai/gpt-5.6-luna-20260709,low,prose.containment-plain-v1,prose,text,5. extra,True,reduce-infer-v1,4,4,4,1084,5146,5074,0.0063920,73202.785,1.0,0.5101091635454027,1.0,1.0
openai/gpt-5.6-luna,openai/gpt-5.6-luna-20260709,low,prose.containment-plain-v1,prose,text,5. extra,True,reduce-taught-v1,4,4,2,1152,3926,3852,0.0049416,57568.700000000004,0.5,0.15003898915214947,0.8499610108478506,1.0
openai/gpt-5.6-luna,openai/gpt-5.6-luna-20260709,low,trees.indent-jitter-v1,trees,text,1. easy,True,reduce-infer-v1,4,4,1,713,4641,4566,0.0057118,64544.315,0.25,0.04558726080970055,0.6993581574175981,1.0
openai/gpt-5.6-luna,openai/gpt-5.6-luna-20260709,low,trees.indent-jitter-v1,trees,text,1. easy,True,reduce-taught-v1,4,4,3,781,1704,1631,0.0022010,29064.465,0.75,0.30064184258240184,0.9544127391902995,1.0
openai/gpt-5.6-luna,openai/gpt-5.6-luna-20260709,low,trees.indent-jitter-v1,trees,text,2. medium,True,reduce-infer-v1,4,4,4,788,4711,4639,0.0058108,63981.83799999999,1.0,0.5101091635454027,1.0,1.0
openai/gpt-5.6-luna,openai/gpt-5.6-luna-20260709,low,trees.indent-jitter-v1,trees,text,2. medium,True,reduce-taught-v1,4,4,4,856,3131,3059,0.0039284,89777.696,1.0,0.5101091635454027,1.0,1.0
openai/gpt-5.6-luna,openai/gpt-5.6-luna-20260709,low,trees.indent-jitter-v1,trees,text,3. hard,True,reduce-infer-v1,4,4,2,957,3736,3662,0.0046746,59203.231,0.5,0.15003898915214947,0.8499610108478506,1.0
openai/gpt-5.6-luna,openai/gpt-5.6-luna-20260709,low,trees.indent-jitter-v1,trees,text,3. hard,True,reduce-taught-v1,4,4,1,1025,3729,3654,0.0046798,70444.386,0.25,0.04558726080970055,0.6993581574175981,1.0
openai/gpt-5.6-luna,openai/gpt-5.6-luna-20260709,low,trees.indent-jitter-v1,trees,text,4. lunatic,True,reduce-infer-v1,4,4,2,1087,6349,6275,0.0078362,89384.646,0.5,0.15003898915214947,0.8499610108478506,1.0
openai/gpt-5.6-luna,openai/gpt-5.6-luna-20260709,low,trees.indent-jitter-v1,trees,text,4. lunatic,True,reduce-taught-v1,4,4,4,1155,4943,4871,0.0061626,79327.357,1.0,0.5101091635454027,1.0,1.0
openai/gpt-5.6-luna,openai/gpt-5.6-luna-20260709,low,trees.indent-jitter-v1,trees,text,5. extra,True,reduce-infer-v1,4,4,3,1089,6896,6823,0.0084930,96262.46800000001,0.75,0.30064184258240184,0.9544127391902995,1.0
openai/gpt-5.6-luna,openai/gpt-5.6-luna-20260709,low,trees.indent-jitter-v1,trees,text,5. extra,True,reduce-taught-v1,4,4,3,1157,5542,5469,0.0068818,93564.574,0.75,0.30064184258240184,0.9544127391902995,1.0
openai/gpt-5.6-luna,openai/gpt-5.6-luna-20260709,low,trees.indent-plain-v1,trees,text,1. easy,True,reduce-infer-v1,4,4,3,702,1439,1366,0.0018672,27976.404000000002,0.75,0.30064184258240184,0.9544127391902995,1.0
openai/gpt-5.6-luna,openai/gpt-5.6-luna-20260709,low,trees.indent-plain-v1,trees,text,1. easy,True,reduce-taught-v1,4,4,4,770,1377,1305,0.0018064,62966.038,1.0,0.5101091635454027,1.0,1.0
openai/gpt-5.6-luna,openai/gpt-5.6-luna-20260709,low,trees.indent-plain-v1,trees,text,2. medium,True,reduce-infer-v1,4,4,4,787,2708,2636,0.0034070,49941.774999999994,1.0,0.5101091635454027,1.0,1.0
openai/gpt-5.6-luna,openai/gpt-5.6-luna-20260709,low,trees.indent-plain-v1,trees,text,2. medium,True,reduce-taught-v1,4,4,4,855,2603,2531,0.0032946,38246.042,1.0,0.5101091635454027,1.0,1.0
openai/gpt-5.6-luna,openai/gpt-5.6-luna-20260709,low,trees.indent-plain-v1,trees,text,3. hard,True,reduce-infer-v1,4,4,1,912,1933,1858,0.0025020,72801.203,0.25,0.04558726080970055,0.6993581574175981,1.0
openai/gpt-5.6-luna,openai/gpt-5.6-luna-20260709,low,trees.indent-plain-v1,trees,text,3. hard,True,reduce-taught-v1,4,4,2,980,2694,2620,0.0034288,88486.557,0.5,0.15003898915214947,0.8499610108478506,1.0
openai/gpt-5.6-luna,openai/gpt-5.6-luna-20260709,low,trees.indent-plain-v1,trees,text,4. lunatic,True,reduce-infer-v1,4,4,3,972,4588,4515,0.0057000,190147.826,0.75,0.30064184258240184,0.9544127391902995,1.0
openai/gpt-5.6-luna,openai/gpt-5.6-luna-20260709,low,trees.indent-plain-v1,trees,text,4. lunatic,True,reduce-taught-v1,4,4,1,1040,3822,3747,0.0047944,56442.346999999994,0.25,0.04558726080970055,0.6993581574175981,1.0
openai/gpt-5.6-luna,openai/gpt-5.6-luna-20260709,low,trees.indent-plain-v1,trees,text,5. extra,True,reduce-infer-v1,4,4,2,1029,4478,4404,0.0055794,86834.37,0.5,0.15003898915214947,0.8499610108478506,1.0
openai/gpt-5.6-luna,openai/gpt-5.6-luna-20260709,low,trees.indent-plain-v1,trees,text,5. extra,True,reduce-taught-v1,4,4,4,1097,4173,4101,0.0052270,71565.88500000001,1.0,0.5101091635454027,1.0,1.0
openai/gpt-5.6-luna,openai/gpt-5.6-luna-20260709,off,biopolymer.rna-dotbracket-filler-v1,biopolymer,text,1. easy,False,reduce-infer-v1,4,4,3,792,67,0,0.0002388,7184.867,0.75,0.30064184258240184,0.9544127391902995,1.0
openai/gpt-5.6-luna,openai/gpt-5.6-luna-20260709,off,biopolymer.rna-dotbracket-filler-v1,biopolymer,text,1. easy,False,reduce-taught-v1,4,4,0,856,64,0,0.0002480,6398.223,0.0,0.0,0.4898908364545973,1.0
openai/gpt-5.6-luna,openai/gpt-5.6-luna-20260709,off,biopolymer.rna-dotbracket-filler-v1,biopolymer,text,1. easy,True,reduce-infer-v1,4,4,1,788,67,0,0.0002380,4931.967,0.25,0.04558726080970055,0.6993581574175981,1.0
openai/gpt-5.6-luna,openai/gpt-5.6-luna-20260709,off,biopolymer.rna-dotbracket-filler-v1,biopolymer,text,1. easy,True,reduce-taught-v1,4,4,2,852,66,0,0.0002496,4757.015,0.5,0.15003898915214947,0.8499610108478506,1.0
openai/gpt-5.6-luna,openai/gpt-5.6-luna-20260709,off,biopolymer.rna-dotbracket-filler-v1,biopolymer,text,2. medium,False,reduce-infer-v1,4,4,3,962,67,0,0.0002728,6199.035,0.75,0.30064184258240184,0.9544127391902995,1.0
openai/gpt-5.6-luna,openai/gpt-5.6-luna-20260709,off,biopolymer.rna-dotbracket-filler-v1,biopolymer,text,2. medium,False,reduce-taught-v1,4,4,1,1026,65,0,0.0002832,6125.137000000001,0.25,0.04558726080970055,0.6993581574175981,1.0
openai/gpt-5.6-luna,openai/gpt-5.6-luna-20260709,off,biopolymer.rna-dotbracket-filler-v1,biopolymer,text,2. medium,True,reduce-infer-v1,4,4,3,938,65,0,0.0002656,6564.253000000001,0.75,0.30064184258240184,0.9544127391902995,1.0
openai/gpt-5.6-luna,openai/gpt-5.6-luna-20260709,off,biopolymer.rna-dotbracket-filler-v1,biopolymer,text,2. medium,True,reduce-taught-v1,4,4,1,1002,67,0,0.0002808,5229.5,0.25,0.04558726080970055,0.6993581574175981,1.0
openai/gpt-5.6-luna,openai/gpt-5.6-luna-20260709,off,biopolymer.rna-dotbracket-filler-v1,biopolymer,text,3. hard,False,reduce-infer-v1,4,4,4,1162,68,0,0.0003140,12429.240999999998,1.0,0.5101091635454027,1.0,1.0
openai/gpt-5.6-luna,openai/gpt-5.6-luna-20260709,off,biopolymer.rna-dotbracket-filler-v1,biopolymer,text,3. hard,False,reduce-taught-v1,4,4,4,1226,68,0,0.0003268,9226.484,1.0,0.5101091635454027,1.0,1.0
openai/gpt-5.6-luna,openai/gpt-5.6-luna-20260709,off,biopolymer.rna-dotbracket-filler-v1,biopolymer,text,3. hard,True,reduce-infer-v1,4,4,2,1172,66,0,0.0003136,8022.919,0.5,0.15003898915214947,0.8499610108478506,1.0
openai/gpt-5.6-luna,openai/gpt-5.6-luna-20260709,off,biopolymer.rna-dotbracket-filler-v1,biopolymer,text,3. hard,True,reduce-taught-v1,4,4,1,1236,67,0,0.0003276,6811.729,0.25,0.04558726080970055,0.6993581574175981,1.0
openai/gpt-5.6-luna,openai/gpt-5.6-luna-20260709,off,biopolymer.rna-dotbracket-filler-v1,biopolymer,text,4. lunatic,False,reduce-infer-v1,4,4,2,1262,66,0,0.0003316,12670.098,0.5,0.15003898915214947,0.8499610108478506,1.0
openai/gpt-5.6-luna,openai/gpt-5.6-luna-20260709,off,biopolymer.rna-dotbracket-filler-v1,biopolymer,text,4. lunatic,False,reduce-taught-v1,4,4,2,1326,66,0,0.0003444,8980.392,0.5,0.15003898915214947,0.8499610108478506,1.0
openai/gpt-5.6-luna,openai/gpt-5.6-luna-20260709,off,biopolymer.rna-dotbracket-filler-v1,biopolymer,text,4. lunatic,True,reduce-infer-v1,4,4,1,1268,67,0,0.0003340,8902.028,0.25,0.04558726080970055,0.6993581574175981,1.0
openai/gpt-5.6-luna,openai/gpt-5.6-luna-20260709,off,biopolymer.rna-dotbracket-filler-v1,biopolymer,text,4. lunatic,True,reduce-taught-v1,4,4,0,1332,68,0,0.0003480,12585.041,0.0,0.0,0.4898908364545973,1.0
openai/gpt-5.6-luna,openai/gpt-5.6-luna-20260709,off,biopolymer.rna-dotbracket-filler-v1,biopolymer,text,5. extra,False,reduce-infer-v1,4,4,1,1318,65,0,0.0003416,10428.159,0.25,0.04558726080970055,0.6993581574175981,1.0
openai/gpt-5.6-luna,openai/gpt-5.6-luna-20260709,off,biopolymer.rna-dotbracket-filler-v1,biopolymer,text,5. extra,False,reduce-taught-v1,4,4,1,1382,65,0,0.0003544,10100.189999999999,0.25,0.04558726080970055,0.6993581574175981,1.0
openai/gpt-5.6-luna,openai/gpt-5.6-luna-20260709,off,biopolymer.rna-dotbracket-filler-v1,biopolymer,text,5. extra,True,reduce-infer-v1,4,4,0,1330,68,0,0.0003476,12221.411,0.0,0.0,0.4898908364545973,1.0
openai/gpt-5.6-luna,openai/gpt-5.6-luna-20260709,off,biopolymer.rna-dotbracket-filler-v1,biopolymer,text,5. extra,True,reduce-taught-v1,4,4,1,1394,67,0,0.0003592,9248.225,0.25,0.04558726080970055,0.6993581574175981,1.0
openai/gpt-5.6-luna,openai/gpt-5.6-luna-20260709,off,biopolymer.rna-dotbracket-plain-v1,biopolymer,text,1. easy,False,reduce-infer-v1,4,4,1,764,65,0,0.0002308,4935.008,0.25,0.04558726080970055,0.6993581574175981,1.0
openai/gpt-5.6-luna,openai/gpt-5.6-luna-20260709,off,biopolymer.rna-dotbracket-plain-v1,biopolymer,text,1. easy,False,reduce-taught-v1,4,4,3,828,67,0,0.000246,6738.561,0.75,0.30064184258240184,0.9544127391902995,1.0
openai/gpt-5.6-luna,openai/gpt-5.6-luna-20260709,off,biopolymer.rna-dotbracket-plain-v1,biopolymer,text,1. easy,True,reduce-infer-v1,4,4,1,764,67,0,0.0002332,7637.38,0.25,0.04558726080970055,0.6993581574175981,1.0
openai/gpt-5.6-luna,openai/gpt-5.6-luna-20260709,off,biopolymer.rna-dotbracket-plain-v1,biopolymer,text,1. easy,True,reduce-taught-v1,4,4,2,828,66,0,0.0002448,5576.41,0.5,0.15003898915214947,0.8499610108478506,1.0
openai/gpt-5.6-luna,openai/gpt-5.6-luna-20260709,off,biopolymer.rna-dotbracket-plain-v1,biopolymer,text,2. medium,False,reduce-infer-v1,4,4,3,900,67,0,0.0002604,8405.141,0.75,0.30064184258240184,0.9544127391902995,1.0
openai/gpt-5.6-luna,openai/gpt-5.6-luna-20260709,off,biopolymer.rna-dotbracket-plain-v1,biopolymer,text,2. medium,False,reduce-taught-v1,4,4,1,964,65,0,0.0002708,7405.66,0.25,0.04558726080970055,0.6993581574175981,1.0
openai/gpt-5.6-luna,openai/gpt-5.6-luna-20260709,off,biopolymer.rna-dotbracket-plain-v1,biopolymer,text,2. medium,True,reduce-infer-v1,4,4,4,880,64,0,0.0002528,5797.148,1.0,0.5101091635454027,1.0,1.0
openai/gpt-5.6-luna,openai/gpt-5.6-luna-20260709,off,biopolymer.rna-dotbracket-plain-v1,biopolymer,text,2. medium,True,reduce-taught-v1,4,4,1,944,67,0,0.0002692,5420.467,0.25,0.04558726080970055,0.6993581574175981,1.0
openai/gpt-5.6-luna,openai/gpt-5.6-luna-20260709,off,biopolymer.rna-dotbracket-plain-v1,biopolymer,text,3. hard,False,reduce-infer-v1,4,4,3,1040,67,0,0.0002884,14219.239000000001,0.75,0.30064184258240184,0.9544127391902995,1.0
openai/gpt-5.6-luna,openai/gpt-5.6-luna-20260709,off,biopolymer.rna-dotbracket-plain-v1,biopolymer,text,3. hard,False,reduce-taught-v1,4,4,2,1104,66,0,0.0003000,9094.523000000001,0.5,0.15003898915214947,0.8499610108478506,1.0
openai/gpt-5.6-luna,openai/gpt-5.6-luna-20260709,off,biopolymer.rna-dotbracket-plain-v1,biopolymer,text,3. hard,True,reduce-infer-v1,4,4,0,1040,68,0,0.0002896,10654.369999999999,0.0,0.0,0.4898908364545973,1.0
openai/gpt-5.6-luna,openai/gpt-5.6-luna-20260709,off,biopolymer.rna-dotbracket-plain-v1,biopolymer,text,3. hard,True,reduce-taught-v1,4,4,2,1104,66,0,0.0003000,8219.044,0.5,0.15003898915214947,0.8499610108478506,1.0
openai/gpt-5.6-luna,openai/gpt-5.6-luna-20260709,off,biopolymer.rna-dotbracket-plain-v1,biopolymer,text,4. lunatic,False,reduce-infer-v1,4,4,2,1120,66,0,0.0003032,12145.041,0.5,0.15003898915214947,0.8499610108478506,1.0
openai/gpt-5.6-luna,openai/gpt-5.6-luna-20260709,off,biopolymer.rna-dotbracket-plain-v1,biopolymer,text,4. lunatic,False,reduce-taught-v1,4,4,1,1184,65,0,0.0003148,10996.699,0.25,0.04558726080970055,0.6993581574175981,1.0
openai/gpt-5.6-luna,openai/gpt-5.6-luna-20260709,off,biopolymer.rna-dotbracket-plain-v1,biopolymer,text,4. lunatic,True,reduce-infer-v1,4,4,1,1120,67,0,0.0003044,12172.601000000002,0.25,0.04558726080970055,0.6993581574175981,1.0
openai/gpt-5.6-luna,openai/gpt-5.6-luna-20260709,off,biopolymer.rna-dotbracket-plain-v1,biopolymer,text,4. lunatic,True,reduce-taught-v1,4,4,1,1184,67,0,0.0003172,11085.139000000001,0.25,0.04558726080970055,0.6993581574175981,1.0
openai/gpt-5.6-luna,openai/gpt-5.6-luna-20260709,off,biopolymer.rna-dotbracket-plain-v1,biopolymer,text,5. extra,False,reduce-infer-v1,4,4,2,1200,66,0,0.0003192,13647.433,0.5,0.15003898915214947,0.8499610108478506,1.0
openai/gpt-5.6-luna,openai/gpt-5.6-luna-20260709,off,biopolymer.rna-dotbracket-plain-v1,biopolymer,text,5. extra,False,reduce-taught-v1,4,4,4,1264,68,0,0.0003344,10578.217,1.0,0.5101091635454027,1.0,1.0
openai/gpt-5.6-luna,openai/gpt-5.6-luna-20260709,off,biopolymer.rna-dotbracket-plain-v1,biopolymer,text,5. extra,True,reduce-infer-v1,4,4,1,1200,67,0,0.0003204,14811.678,0.25,0.04558726080970055,0.6993581574175981,1.0
openai/gpt-5.6-luna,openai/gpt-5.6-luna-20260709,off,biopolymer.rna-dotbracket-plain-v1,biopolymer,text,5. extra,True,reduce-taught-v1,4,4,3,1264,65,0,0.0003308,11989.132,0.75,0.30064184258240184,0.9544127391902995,1.0
openai/gpt-5.6-luna,openai/gpt-5.6-luna-20260709,off,embedding.center-clause-jitter-v1,embedding,text,1. easy,False,reduce-infer-v1,4,4,0,774,64,0,0.0002316,5376.57,0.0,0.0,0.4898908364545973,1.0
openai/gpt-5.6-luna,openai/gpt-5.6-luna-20260709,off,embedding.center-clause-jitter-v1,embedding,text,1. easy,False,reduce-taught-v1,4,4,3,838,67,0,0.0002480,6441.2919999999995,0.75,0.30064184258240184,0.9544127391902995,1.0
openai/gpt-5.6-luna,openai/gpt-5.6-luna-20260709,off,embedding.center-clause-jitter-v1,embedding,text,1. easy,True,reduce-infer-v1,4,4,4,771,64,0,0.0002310,6527.815999999999,1.0,0.5101091635454027,1.0,1.0
openai/gpt-5.6-luna,openai/gpt-5.6-luna-20260709,off,embedding.center-clause-jitter-v1,embedding,text,1. easy,True,reduce-taught-v1,4,4,3,835,65,0,0.0002450,4662.0689999999995,0.75,0.30064184258240184,0.9544127391902995,1.0
openai/gpt-5.6-luna,openai/gpt-5.6-luna-20260709,off,embedding.center-clause-jitter-v1,embedding,text,2. medium,False,reduce-infer-v1,4,4,1,952,65,0,0.0002684,5662.173,0.25,0.04558726080970055,0.6993581574175981,1.0
openai/gpt-5.6-luna,openai/gpt-5.6-luna-20260709,off,embedding.center-clause-jitter-v1,embedding,text,2. medium,False,reduce-taught-v1,4,4,1,1016,65,0,0.0002812,6039.779,0.25,0.04558726080970055,0.6993581574175981,1.0
openai/gpt-5.6-luna,openai/gpt-5.6-luna-20260709,off,embedding.center-clause-jitter-v1,embedding,text,2. medium,True,reduce-infer-v1,4,4,4,916,64,0,0.0002600,5302.793,1.0,0.5101091635454027,1.0,1.0
openai/gpt-5.6-luna,openai/gpt-5.6-luna-20260709,off,embedding.center-clause-jitter-v1,embedding,text,2. medium,True,reduce-taught-v1,4,4,3,980,65,0,0.0002740,5173.078000000001,0.75,0.30064184258240184,0.9544127391902995,1.0
openai/gpt-5.6-luna,openai/gpt-5.6-luna-20260709,off,embedding.center-clause-jitter-v1,embedding,text,3. hard,False,reduce-infer-v1,4,4,1,1111,65,0,0.0003002,10097.318,0.25,0.04558726080970055,0.6993581574175981,1.0
openai/gpt-5.6-luna,openai/gpt-5.6-luna-20260709,off,embedding.center-clause-jitter-v1,embedding,text,3. hard,False,reduce-taught-v1,4,4,1,1175,65,0,0.0003130,11214.408,0.25,0.04558726080970055,0.6993581574175981,1.0
openai/gpt-5.6-luna,openai/gpt-5.6-luna-20260709,off,embedding.center-clause-jitter-v1,embedding,text,3. hard,True,reduce-infer-v1,4,4,3,1105,65,0,0.0002990,7754.258,0.75,0.30064184258240184,0.9544127391902995,1.0
openai/gpt-5.6-luna,openai/gpt-5.6-luna-20260709,off,embedding.center-clause-jitter-v1,embedding,text,3. hard,True,reduce-taught-v1,4,4,1,1169,67,0,0.0003142,8467.427,0.25,0.04558726080970055,0.6993581574175981,1.0
openai/gpt-5.6-luna,openai/gpt-5.6-luna-20260709,off,embedding.center-clause-jitter-v1,embedding,text,4. lunatic,False,reduce-infer-v1,4,4,1,1192,65,0,0.0003164,14062.180999999999,0.25,0.04558726080970055,0.6993581574175981,1.0
openai/gpt-5.6-luna,openai/gpt-5.6-luna-20260709,off,embedding.center-clause-jitter-v1,embedding,text,4. lunatic,False,reduce-taught-v1,4,4,0,1256,64,0,0.0003280,9150.705,0.0,0.0,0.4898908364545973,1.0
openai/gpt-5.6-luna,openai/gpt-5.6-luna-20260709,off,embedding.center-clause-jitter-v1,embedding,text,4. lunatic,True,reduce-infer-v1,4,4,3,1176,65,0,0.0003132,16049.660000000002,0.75,0.30064184258240184,0.9544127391902995,1.0
openai/gpt-5.6-luna,openai/gpt-5.6-luna-20260709,off,embedding.center-clause-jitter-v1,embedding,text,4. lunatic,True,reduce-taught-v1,4,4,3,1240,65,0,0.0003260,11230.267,0.75,0.30064184258240184,0.9544127391902995,1.0
openai/gpt-5.6-luna,openai/gpt-5.6-luna-20260709,off,embedding.center-clause-jitter-v1,embedding,text,5. extra,False,reduce-infer-v1,4,4,1,1317,65,0,0.0003414,9476.859,0.25,0.04558726080970055,0.6993581574175981,1.0
openai/gpt-5.6-luna,openai/gpt-5.6-luna-20260709,off,embedding.center-clause-jitter-v1,embedding,text,5. extra,False,reduce-taught-v1,4,4,1,1381,65,0,0.0003542,9768.896,0.25,0.04558726080970055,0.6993581574175981,1.0
openai/gpt-5.6-luna,openai/gpt-5.6-luna-20260709,off,embedding.center-clause-jitter-v1,embedding,text,5. extra,True,reduce-infer-v1,4,4,1,1326,67,0,0.0003456,16756.547,0.25,0.04558726080970055,0.6993581574175981,1.0
openai/gpt-5.6-luna,openai/gpt-5.6-luna-20260709,off,embedding.center-clause-jitter-v1,embedding,text,5. extra,True,reduce-taught-v1,4,4,2,1390,66,0,0.0003572,8115.245000000001,0.5,0.15003898915214947,0.8499610108478506,1.0
openai/gpt-5.6-luna,openai/gpt-5.6-luna-20260709,off,embedding.center-clause-plain-v1,embedding,text,1. easy,False,reduce-infer-v1,4,4,1,774,65,0,0.0002328,4696.748,0.25,0.04558726080970055,0.6993581574175981,1.0
openai/gpt-5.6-luna,openai/gpt-5.6-luna-20260709,off,embedding.center-clause-plain-v1,embedding,text,1. easy,False,reduce-taught-v1,4,4,1,838,65,0,0.0002456,5681.977999999999,0.25,0.04558726080970055,0.6993581574175981,1.0
openai/gpt-5.6-luna,openai/gpt-5.6-luna-20260709,off,embedding.center-clause-plain-v1,embedding,text,1. easy,True,reduce-infer-v1,4,4,2,771,66,0,0.0002334,5623.07,0.5,0.15003898915214947,0.8499610108478506,1.0
openai/gpt-5.6-luna,openai/gpt-5.6-luna-20260709,off,embedding.center-clause-plain-v1,embedding,text,1. easy,True,reduce-taught-v1,4,4,3,835,65,0,0.0002450,5969.925,0.75,0.30064184258240184,0.9544127391902995,1.0
openai/gpt-5.6-luna,openai/gpt-5.6-luna-20260709,off,embedding.center-clause-plain-v1,embedding,text,2. medium,False,reduce-infer-v1,4,4,1,952,65,0,0.0002684,8935.268,0.25,0.04558726080970055,0.6993581574175981,1.0
openai/gpt-5.6-luna,openai/gpt-5.6-luna-20260709,off,embedding.center-clause-plain-v1,embedding,text,2. medium,False,reduce-taught-v1,4,4,3,1016,67,0,0.0002836,5510.153,0.75,0.30064184258240184,0.9544127391902995,1.0
openai/gpt-5.6-luna,openai/gpt-5.6-luna-20260709,off,embedding.center-clause-plain-v1,embedding,text,2. medium,True,reduce-infer-v1,4,4,3,916,65,0,0.0002612,6826.504000000001,0.75,0.30064184258240184,0.9544127391902995,1.0
openai/gpt-5.6-luna,openai/gpt-5.6-luna-20260709,off,embedding.center-clause-plain-v1,embedding,text,2. medium,True,reduce-taught-v1,4,4,2,980,66,0,0.0002752,6351.006,0.5,0.15003898915214947,0.8499610108478506,1.0
openai/gpt-5.6-luna,openai/gpt-5.6-luna-20260709,off,embedding.center-clause-plain-v1,embedding,text,3. hard,False,reduce-infer-v1,4,4,2,1111,66,0,0.0003014,9834.292000000001,0.5,0.15003898915214947,0.8499610108478506,1.0
openai/gpt-5.6-luna,openai/gpt-5.6-luna-20260709,off,embedding.center-clause-plain-v1,embedding,text,3. hard,False,reduce-taught-v1,4,4,2,1175,66,0,0.0003142,9837.221999999998,0.5,0.15003898915214947,0.8499610108478506,1.0
openai/gpt-5.6-luna,openai/gpt-5.6-luna-20260709,off,embedding.center-clause-plain-v1,embedding,text,3. hard,True,reduce-infer-v1,4,4,4,1105,64,0,0.0002978,9153.382000000001,1.0,0.5101091635454027,1.0,1.0
openai/gpt-5.6-luna,openai/gpt-5.6-luna-20260709,off,embedding.center-clause-plain-v1,embedding,text,3. hard,True,reduce-taught-v1,4,4,0,1169,68,0,0.0003154,7571.165999999999,0.0,0.0,0.4898908364545973,1.0
openai/gpt-5.6-luna,openai/gpt-5.6-luna-20260709,off,embedding.center-clause-plain-v1,embedding,text,4. lunatic,False,reduce-infer-v1,4,4,3,1192,67,0,0.0003188,10644.395999999999,0.75,0.30064184258240184,0.9544127391902995,1.0
openai/gpt-5.6-luna,openai/gpt-5.6-luna-20260709,off,embedding.center-clause-plain-v1,embedding,text,4. lunatic,False,reduce-taught-v1,4,4,2,1256,66,0,0.0003304,8965.136,0.5,0.15003898915214947,0.8499610108478506,1.0
openai/gpt-5.6-luna,openai/gpt-5.6-luna-20260709,off,embedding.center-clause-plain-v1,embedding,text,4. lunatic,True,reduce-infer-v1,4,4,3,1176,65,0,0.0003132,12666.314999999999,0.75,0.30064184258240184,0.9544127391902995,1.0
openai/gpt-5.6-luna,openai/gpt-5.6-luna-20260709,off,embedding.center-clause-plain-v1,embedding,text,4. lunatic,True,reduce-taught-v1,4,4,2,1240,66,0,0.0003272,9506.2,0.5,0.15003898915214947,0.8499610108478506,1.0
openai/gpt-5.6-luna,openai/gpt-5.6-luna-20260709,off,embedding.center-clause-plain-v1,embedding,text,5. extra,False,reduce-infer-v1,4,4,1,1317,65,0,0.0003414,12139.685,0.25,0.04558726080970055,0.6993581574175981,1.0
openai/gpt-5.6-luna,openai/gpt-5.6-luna-20260709,off,embedding.center-clause-plain-v1,embedding,text,5. extra,False,reduce-taught-v1,4,4,3,1381,67,0,0.0003566,9108.443,0.75,0.30064184258240184,0.9544127391902995,1.0
openai/gpt-5.6-luna,openai/gpt-5.6-luna-20260709,off,embedding.center-clause-plain-v1,embedding,text,5. extra,True,reduce-infer-v1,4,4,2,1326,66,0,0.0003444,12792.771999999999,0.5,0.15003898915214947,0.8499610108478506,1.0
openai/gpt-5.6-luna,openai/gpt-5.6-luna-20260709,off,embedding.center-clause-plain-v1,embedding,text,5. extra,True,reduce-taught-v1,4,4,2,1390,66,0,0.0003572,12161.479,0.5,0.15003898915214947,0.8499610108478506,1.0
openai/gpt-5.6-luna,openai/gpt-5.6-luna-20260709,off,parens.jitter-v1,parens,text,1. easy,False,reduce-infer-v1,4,4,1,652,65,0,0.0002084,5546.615,0.25,0.04558726080970055,0.6993581574175981,1.0
openai/gpt-5.6-luna,openai/gpt-5.6-luna-20260709,off,parens.jitter-v1,parens,text,1. easy,False,reduce-taught-v1,4,4,4,712,68,0,0.0002240,5303.254,1.0,0.5101091635454027,1.0,1.0
openai/gpt-5.6-luna,openai/gpt-5.6-luna-20260709,off,parens.jitter-v1,parens,text,1. easy,True,reduce-infer-v1,4,4,1,651,67,0,0.0002106,5427.355,0.25,0.04558726080970055,0.6993581574175981,1.0
openai/gpt-5.6-luna,openai/gpt-5.6-luna-20260709,off,parens.jitter-v1,parens,text,1. easy,True,reduce-taught-v1,4,4,3,711,65,0,0.0002202,4458.156,0.75,0.30064184258240184,0.9544127391902995,1.0
openai/gpt-5.6-luna,openai/gpt-5.6-luna-20260709,off,parens.jitter-v1,parens,text,2. medium,False,reduce-infer-v1,4,4,4,689,68,0,0.0002194,10600.832999999999,1.0,0.5101091635454027,1.0,1.0
openai/gpt-5.6-luna,openai/gpt-5.6-luna-20260709,off,parens.jitter-v1,parens,text,2. medium,False,reduce-taught-v1,4,4,3,749,67,0,0.0002302,5786.279,0.75,0.30064184258240184,0.9544127391902995,1.0
openai/gpt-5.6-luna,openai/gpt-5.6-luna-20260709,off,parens.jitter-v1,parens,text,2. medium,True,reduce-infer-v1,4,4,2,682,66,0,0.0002156,6053.342,0.5,0.15003898915214947,0.8499610108478506,1.0
openai/gpt-5.6-luna,openai/gpt-5.6-luna-20260709,off,parens.jitter-v1,parens,text,2. medium,True,reduce-taught-v1,4,4,2,742,66,0,0.0002276,6987.616999999999,0.5,0.15003898915214947,0.8499610108478506,1.0
openai/gpt-5.6-luna,openai/gpt-5.6-luna-20260709,off,parens.jitter-v1,parens,text,3. hard,False,reduce-infer-v1,4,4,2,724,66,0,0.0002240,9382.126,0.5,0.15003898915214947,0.8499610108478506,1.0
openai/gpt-5.6-luna,openai/gpt-5.6-luna-20260709,off,parens.jitter-v1,parens,text,3. hard,False,reduce-taught-v1,4,4,0,784,64,0,0.0002336,10580.533,0.0,0.0,0.4898908364545973,1.0
openai/gpt-5.6-luna,openai/gpt-5.6-luna-20260709,off,parens.jitter-v1,parens,text,3. hard,True,reduce-infer-v1,4,4,2,722,66,0,0.0002236,6182.838,0.5,0.15003898915214947,0.8499610108478506,1.0
openai/gpt-5.6-luna,openai/gpt-5.6-luna-20260709,off,parens.jitter-v1,parens,text,3. hard,True,reduce-taught-v1,4,4,2,782,66,0,0.0002356,9196.964,0.5,0.15003898915214947,0.8499610108478506,1.0
openai/gpt-5.6-luna,openai/gpt-5.6-luna-20260709,off,parens.jitter-v1,parens,text,4. lunatic,False,reduce-infer-v1,4,4,4,744,68,0,0.0002304,9409.037,1.0,0.5101091635454027,1.0,1.0
openai/gpt-5.6-luna,openai/gpt-5.6-luna-20260709,off,parens.jitter-v1,parens,text,4. lunatic,False,reduce-taught-v1,4,4,2,804,66,0,0.0002400,9638.041000000001,0.5,0.15003898915214947,0.8499610108478506,1.0
openai/gpt-5.6-luna,openai/gpt-5.6-luna-20260709,off,parens.jitter-v1,parens,text,4. lunatic,True,reduce-infer-v1,4,4,0,748,68,0,0.0002312,9818.998,0.0,0.0,0.4898908364545973,1.0
openai/gpt-5.6-luna,openai/gpt-5.6-luna-20260709,off,parens.jitter-v1,parens,text,4. lunatic,True,reduce-taught-v1,4,4,1,808,67,0,0.0002420,12086.217,0.25,0.04558726080970055,0.6993581574175981,1.0
openai/gpt-5.6-luna,openai/gpt-5.6-luna-20260709,off,parens.jitter-v1,parens,text,5. extra,False,reduce-infer-v1,4,4,4,763,68,0,0.0002342,12003.946,1.0,0.5101091635454027,1.0,1.0
openai/gpt-5.6-luna,openai/gpt-5.6-luna-20260709,off,parens.jitter-v1,parens,text,5. extra,False,reduce-taught-v1,4,4,3,823,67,0,0.0002450,12966.791,0.75,0.30064184258240184,0.9544127391902995,1.0
openai/gpt-5.6-luna,openai/gpt-5.6-luna-20260709,off,parens.jitter-v1,parens,text,5. extra,True,reduce-infer-v1,4,4,3,772,65,0,0.0002324,11304.967999999999,0.75,0.30064184258240184,0.9544127391902995,1.0
openai/gpt-5.6-luna,openai/gpt-5.6-luna-20260709,off,parens.jitter-v1,parens,text,5. extra,True,reduce-taught-v1,4,4,2,832,66,0,0.0002456,11765.012999999999,0.5,0.15003898915214947,0.8499610108478506,1.0
openai/gpt-5.6-luna,openai/gpt-5.6-luna-20260709,off,parens.noisy-mismatched-v1,parens,text,1. easy,False,reduce-infer-v1,4,4,0,690,64,0,0.0002148,8051.322,0.0,0.0,0.4898908364545973,1.0
openai/gpt-5.6-luna,openai/gpt-5.6-luna-20260709,off,parens.noisy-mismatched-v1,parens,text,1. easy,False,reduce-taught-v1,4,4,2,750,66,0,0.0002292,6031.314,0.5,0.15003898915214947,0.8499610108478506,1.0
openai/gpt-5.6-luna,openai/gpt-5.6-luna-20260709,off,parens.noisy-mismatched-v1,parens,text,1. easy,True,reduce-infer-v1,4,4,1,698,67,0,0.0002200,5024.753000000001,0.25,0.04558726080970055,0.6993581574175981,1.0
openai/gpt-5.6-luna,openai/gpt-5.6-luna-20260709,off,parens.noisy-mismatched-v1,parens,text,1. easy,True,reduce-taught-v1,4,4,2,758,66,0,0.0002308,4930.439,0.5,0.15003898915214947,0.8499610108478506,1.0
openai/gpt-5.6-luna,openai/gpt-5.6-luna-20260709,off,parens.noisy-mismatched-v1,parens,text,2. medium,False,reduce-infer-v1,4,4,1,776,65,0,0.0002332,7347.427,0.25,0.04558726080970055,0.6993581574175981,1.0
openai/gpt-5.6-luna,openai/gpt-5.6-luna-20260709,off,parens.noisy-mismatched-v1,parens,text,2. medium,False,reduce-taught-v1,4,4,2,836,66,0,0.0002464,6524.822999999999,0.5,0.15003898915214947,0.8499610108478506,1.0
openai/gpt-5.6-luna,openai/gpt-5.6-luna-20260709,off,parens.noisy-mismatched-v1,parens,text,2. medium,True,reduce-infer-v1,4,4,2,772,66,0,0.0002336,5377.844999999999,0.5,0.15003898915214947,0.8499610108478506,1.0
openai/gpt-5.6-luna,openai/gpt-5.6-luna-20260709,off,parens.noisy-mismatched-v1,parens,text,2. medium,True,reduce-taught-v1,4,4,2,832,66,0,0.0002456,6285.59,0.5,0.15003898915214947,0.8499610108478506,1.0
openai/gpt-5.6-luna,openai/gpt-5.6-luna-20260709,off,parens.noisy-mismatched-v1,parens,text,3. hard,False,reduce-infer-v1,4,4,1,846,65,0,0.0002472,11136.328000000001,0.25,0.04558726080970055,0.6993581574175981,1.0
openai/gpt-5.6-luna,openai/gpt-5.6-luna-20260709,off,parens.noisy-mismatched-v1,parens,text,3. hard,False,reduce-taught-v1,4,4,4,906,68,0,0.0002628,12239.217,1.0,0.5101091635454027,1.0,1.0
openai/gpt-5.6-luna,openai/gpt-5.6-luna-20260709,off,parens.noisy-mismatched-v1,parens,text,3. hard,True,reduce-infer-v1,4,4,0,852,68,0,0.0002520,8619.724,0.0,0.0,0.4898908364545973,1.0
openai/gpt-5.6-luna,openai/gpt-5.6-luna-20260709,off,parens.noisy-mismatched-v1,parens,text,3. hard,True,reduce-taught-v1,4,4,1,912,67,0,0.0002628,6851.848,0.25,0.04558726080970055,0.6993581574175981,1.0
openai/gpt-5.6-luna,openai/gpt-5.6-luna-20260709,off,parens.noisy-mismatched-v1,parens,text,4. lunatic,False,reduce-infer-v1,4,4,1,914,65,0,0.0002608,13490.815999999999,0.25,0.04558726080970055,0.6993581574175981,1.0
openai/gpt-5.6-luna,openai/gpt-5.6-luna-20260709,off,parens.noisy-mismatched-v1,parens,text,4. lunatic,False,reduce-taught-v1,4,4,3,974,67,0,0.0002752,15055.655,0.75,0.30064184258240184,0.9544127391902995,1.0
openai/gpt-5.6-luna,openai/gpt-5.6-luna-20260709,off,parens.noisy-mismatched-v1,parens,text,4. lunatic,True,reduce-infer-v1,4,4,1,908,67,0,0.0002620,10074.835,0.25,0.04558726080970055,0.6993581574175981,1.0
openai/gpt-5.6-luna,openai/gpt-5.6-luna-20260709,off,parens.noisy-mismatched-v1,parens,text,4. lunatic,True,reduce-taught-v1,4,4,1,968,67,0,0.0002740,17400.803,0.25,0.04558726080970055,0.6993581574175981,1.0
openai/gpt-5.6-luna,openai/gpt-5.6-luna-20260709,off,parens.noisy-mismatched-v1,parens,text,5. extra,False,reduce-infer-v1,4,4,2,969,66,0,0.0002730,9947.997,0.5,0.15003898915214947,0.8499610108478506,1.0
openai/gpt-5.6-luna,openai/gpt-5.6-luna-20260709,off,parens.noisy-mismatched-v1,parens,text,5. extra,False,reduce-taught-v1,4,4,3,1029,67,0,0.0002862,15768.012,0.75,0.30064184258240184,0.9544127391902995,1.0
openai/gpt-5.6-luna,openai/gpt-5.6-luna-20260709,off,parens.noisy-mismatched-v1,parens,text,5. extra,True,reduce-infer-v1,4,4,0,949,68,0,0.0002714,13082.244999999999,0.0,0.0,0.4898908364545973,1.0
openai/gpt-5.6-luna,openai/gpt-5.6-luna-20260709,off,parens.noisy-mismatched-v1,parens,text,5. extra,True,reduce-taught-v1,4,4,1,1009,67,0,0.0002822,7970.611999999999,0.25,0.04558726080970055,0.6993581574175981,1.0
openai/gpt-5.6-luna,openai/gpt-5.6-luna-20260709,off,parens.noisy-v1,parens,text,1. easy,False,reduce-infer-v1,4,4,3,678,67,0,0.0002160,7269.739,0.75,0.30064184258240184,0.9544127391902995,1.0
openai/gpt-5.6-luna,openai/gpt-5.6-luna-20260709,off,parens.noisy-v1,parens,text,1. easy,False,reduce-taught-v1,4,4,3,738,67,0,0.0002280,4634.176,0.75,0.30064184258240184,0.9544127391902995,1.0
openai/gpt-5.6-luna,openai/gpt-5.6-luna-20260709,off,parens.noisy-v1,parens,text,1. easy,True,reduce-infer-v1,4,4,2,685,66,0,0.0002162,4808.973,0.5,0.15003898915214947,0.8499610108478506,1.0
openai/gpt-5.6-luna,openai/gpt-5.6-luna-20260709,off,parens.noisy-v1,parens,text,1. easy,True,reduce-taught-v1,4,4,3,745,65,0,0.0002270,6094.157999999999,0.75,0.30064184258240184,0.9544127391902995,1.0
openai/gpt-5.6-luna,openai/gpt-5.6-luna-20260709,off,parens.noisy-v1,parens,text,2. medium,False,reduce-infer-v1,4,4,3,764,67,0,0.0002332,8045.447999999999,0.75,0.30064184258240184,0.9544127391902995,1.0
openai/gpt-5.6-luna,openai/gpt-5.6-luna-20260709,off,parens.noisy-v1,parens,text,2. medium,False,reduce-taught-v1,4,4,2,824,66,0,0.0002440,6602.389999999999,0.5,0.15003898915214947,0.8499610108478506,1.0
openai/gpt-5.6-luna,openai/gpt-5.6-luna-20260709,off,parens.noisy-v1,parens,text,2. medium,True,reduce-infer-v1,4,4,2,745,66,0,0.0002282,5817.455999999999,0.5,0.15003898915214947,0.8499610108478506,1.0
openai/gpt-5.6-luna,openai/gpt-5.6-luna-20260709,off,parens.noisy-v1,parens,text,2. medium,True,reduce-taught-v1,4,4,2,805,66,0,0.0002402,7150.599,0.5,0.15003898915214947,0.8499610108478506,1.0
openai/gpt-5.6-luna,openai/gpt-5.6-luna-20260709,off,parens.noisy-v1,parens,text,3. hard,False,reduce-infer-v1,4,4,3,863,67,0,0.0002530,12111.544999999998,0.75,0.30064184258240184,0.9544127391902995,1.0
openai/gpt-5.6-luna,openai/gpt-5.6-luna-20260709,off,parens.noisy-v1,parens,text,3. hard,False,reduce-taught-v1,4,4,3,923,67,0,0.0002650,9014.42,0.75,0.30064184258240184,0.9544127391902995,1.0
openai/gpt-5.6-luna,openai/gpt-5.6-luna-20260709,off,parens.noisy-v1,parens,text,3. hard,True,reduce-infer-v1,4,4,1,838,67,0,0.0002480,7574.307,0.25,0.04558726080970055,0.6993581574175981,1.0
openai/gpt-5.6-luna,openai/gpt-5.6-luna-20260709,off,parens.noisy-v1,parens,text,3. hard,True,reduce-taught-v1,4,4,2,898,66,0,0.0002588,10370.02,0.5,0.15003898915214947,0.8499610108478506,1.0
openai/gpt-5.6-luna,openai/gpt-5.6-luna-20260709,off,parens.noisy-v1,parens,text,4. lunatic,False,reduce-infer-v1,4,4,3,808,67,0,0.0002420,13159.493999999999,0.75,0.30064184258240184,0.9544127391902995,1.0
openai/gpt-5.6-luna,openai/gpt-5.6-luna-20260709,off,parens.noisy-v1,parens,text,4. lunatic,False,reduce-taught-v1,4,4,2,868,66,0,0.0002528,9407.372,0.5,0.15003898915214947,0.8499610108478506,1.0
openai/gpt-5.6-luna,openai/gpt-5.6-luna-20260709,off,parens.noisy-v1,parens,text,4. lunatic,True,reduce-infer-v1,4,4,1,782,67,0,0.0002368,9066.295,0.25,0.04558726080970055,0.6993581574175981,1.0
openai/gpt-5.6-luna,openai/gpt-5.6-luna-20260709,off,parens.noisy-v1,parens,text,4. lunatic,True,reduce-taught-v1,4,4,2,842,66,0,0.0002476,10526.458,0.5,0.15003898915214947,0.8499610108478506,1.0
openai/gpt-5.6-luna,openai/gpt-5.6-luna-20260709,off,parens.noisy-v1,parens,text,5. extra,False,reduce-infer-v1,4,4,3,911,67,0,0.0002626,8883.975,0.75,0.30064184258240184,0.9544127391902995,1.0
openai/gpt-5.6-luna,openai/gpt-5.6-luna-20260709,off,parens.noisy-v1,parens,text,5. extra,False,reduce-taught-v1,4,4,2,971,66,0,0.0002734,12603.151999999998,0.5,0.15003898915214947,0.8499610108478506,1.0
openai/gpt-5.6-luna,openai/gpt-5.6-luna-20260709,off,parens.noisy-v1,parens,text,5. extra,True,reduce-infer-v1,4,4,1,983,67,0,0.0002770,10452.674,0.25,0.04558726080970055,0.6993581574175981,1.0
openai/gpt-5.6-luna,openai/gpt-5.6-luna-20260709,off,parens.noisy-v1,parens,text,5. extra,True,reduce-taught-v1,4,4,2,1043,66,0,0.0002878,9967.683,0.5,0.15003898915214947,0.8499610108478506,1.0
openai/gpt-5.6-luna,openai/gpt-5.6-luna-20260709,off,parens.reference-v1,parens,text,1. easy,False,reduce-infer-v1,4,4,2,642,66,0,0.0002076,5464.298000000001,0.5,0.15003898915214947,0.8499610108478506,1.0
openai/gpt-5.6-luna,openai/gpt-5.6-luna-20260709,off,parens.reference-v1,parens,text,1. easy,False,reduce-taught-v1,4,4,3,702,67,0,0.0002208,5016.2119999999995,0.75,0.30064184258240184,0.9544127391902995,1.0
openai/gpt-5.6-luna,openai/gpt-5.6-luna-20260709,off,parens.reference-v1,parens,text,1. easy,True,reduce-infer-v1,4,4,1,643,67,0,0.0002090,7093.736,0.25,0.04558726080970055,0.6993581574175981,1.0
openai/gpt-5.6-luna,openai/gpt-5.6-luna-20260709,off,parens.reference-v1,parens,text,1. easy,True,reduce-taught-v1,4,4,3,703,65,0,0.0002186,3879.2009999999996,0.75,0.30064184258240184,0.9544127391902995,1.0
openai/gpt-5.6-luna,openai/gpt-5.6-luna-20260709,off,parens.reference-v1,parens,text,2. medium,False,reduce-infer-v1,4,4,3,666,67,0,0.0002136,7092.481,0.75,0.30064184258240184,0.9544127391902995,1.0
openai/gpt-5.6-luna,openai/gpt-5.6-luna-20260709,off,parens.reference-v1,parens,text,2. medium,False,reduce-taught-v1,4,4,1,726,65,0,0.0002232,6414.3730000000005,0.25,0.04558726080970055,0.6993581574175981,1.0
openai/gpt-5.6-luna,openai/gpt-5.6-luna-20260709,off,parens.reference-v1,parens,text,2. medium,True,reduce-infer-v1,4,4,1,661,67,0,0.0002126,8128.523999999999,0.25,0.04558726080970055,0.6993581574175981,1.0
openai/gpt-5.6-luna,openai/gpt-5.6-luna-20260709,off,parens.reference-v1,parens,text,2. medium,True,reduce-taught-v1,4,4,3,721,65,0,0.0002222,5028.156,0.75,0.30064184258240184,0.9544127391902995,1.0
openai/gpt-5.6-luna,openai/gpt-5.6-luna-20260709,off,parens.reference-v1,parens,text,3. hard,False,reduce-infer-v1,4,4,3,698,67,0,0.0002200,11728.928,0.75,0.30064184258240184,0.9544127391902995,1.0
openai/gpt-5.6-luna,openai/gpt-5.6-luna-20260709,off,parens.reference-v1,parens,text,3. hard,False,reduce-taught-v1,4,4,1,758,65,0,0.0002296,9156.143999999998,0.25,0.04558726080970055,0.6993581574175981,1.0
openai/gpt-5.6-luna,openai/gpt-5.6-luna-20260709,off,parens.reference-v1,parens,text,3. hard,True,reduce-infer-v1,4,4,1,699,67,0,0.0002202,8101.395,0.25,0.04558726080970055,0.6993581574175981,1.0
openai/gpt-5.6-luna,openai/gpt-5.6-luna-20260709,off,parens.reference-v1,parens,text,3. hard,True,reduce-taught-v1,4,4,1,759,67,0,0.0002322,11372.780999999999,0.25,0.04558726080970055,0.6993581574175981,1.0
openai/gpt-5.6-luna,openai/gpt-5.6-luna-20260709,off,parens.reference-v1,parens,text,4. lunatic,False,reduce-infer-v1,4,4,3,715,67,0,0.0002234,12534.69,0.75,0.30064184258240184,0.9544127391902995,1.0
openai/gpt-5.6-luna,openai/gpt-5.6-luna-20260709,off,parens.reference-v1,parens,text,4. lunatic,False,reduce-taught-v1,4,4,1,775,65,0,0.000233,10805.366,0.25,0.04558726080970055,0.6993581574175981,1.0
openai/gpt-5.6-luna,openai/gpt-5.6-luna-20260709,off,parens.reference-v1,parens,text,4. lunatic,True,reduce-infer-v1,4,4,2,713,66,0,0.0002218,11662.535,0.5,0.15003898915214947,0.8499610108478506,1.0
openai/gpt-5.6-luna,openai/gpt-5.6-luna-20260709,off,parens.reference-v1,parens,text,4. lunatic,True,reduce-taught-v1,4,4,2,773,66,0,0.0002338,11474.276000000002,0.5,0.15003898915214947,0.8499610108478506,1.0
openai/gpt-5.6-luna,openai/gpt-5.6-luna-20260709,off,parens.reference-v1,parens,text,5. extra,False,reduce-infer-v1,4,4,4,721,68,0,0.0002258,12322.984999999999,1.0,0.5101091635454027,1.0,1.0
openai/gpt-5.6-luna,openai/gpt-5.6-luna-20260709,off,parens.reference-v1,parens,text,5. extra,False,reduce-taught-v1,4,4,3,781,67,0,0.0002366,10958.426,0.75,0.30064184258240184,0.9544127391902995,1.0
openai/gpt-5.6-luna,openai/gpt-5.6-luna-20260709,off,parens.reference-v1,parens,text,5. extra,True,reduce-infer-v1,4,4,1,722,67,0,0.0002248,10308.966,0.25,0.04558726080970055,0.6993581574175981,1.0
openai/gpt-5.6-luna,openai/gpt-5.6-luna-20260709,off,parens.reference-v1,parens,text,5. extra,True,reduce-taught-v1,4,4,2,782,66,0,0.0002356,10118.092,0.5,0.15003898915214947,0.8499610108478506,1.0
openai/gpt-5.6-luna,openai/gpt-5.6-luna-20260709,off,parens.word-brackets-mismatched-v1,parens,text,1. easy,False,reduce-infer-v1,4,4,4,682,68,0,0.0002180,5537.853,1.0,0.5101091635454027,1.0,1.0
openai/gpt-5.6-luna,openai/gpt-5.6-luna-20260709,off,parens.word-brackets-mismatched-v1,parens,text,1. easy,False,reduce-taught-v1,4,4,3,750,67,0,0.0002304,4706.317,0.75,0.30064184258240184,0.9544127391902995,1.0
openai/gpt-5.6-luna,openai/gpt-5.6-luna-20260709,off,parens.word-brackets-mismatched-v1,parens,text,1. easy,True,reduce-infer-v1,4,4,1,682,67,0,0.0002168,6103.152999999999,0.25,0.04558726080970055,0.6993581574175981,1.0
openai/gpt-5.6-luna,openai/gpt-5.6-luna-20260709,off,parens.word-brackets-mismatched-v1,parens,text,1. easy,True,reduce-taught-v1,4,4,2,750,66,0,0.0002292,6371.110000000001,0.5,0.15003898915214947,0.8499610108478506,1.0
openai/gpt-5.6-luna,openai/gpt-5.6-luna-20260709,off,parens.word-brackets-mismatched-v1,parens,text,2. medium,False,reduce-infer-v1,4,4,3,750,67,0,0.0002304,6854.0470000000005,0.75,0.30064184258240184,0.9544127391902995,1.0
openai/gpt-5.6-luna,openai/gpt-5.6-luna-20260709,off,parens.word-brackets-mismatched-v1,parens,text,2. medium,False,reduce-taught-v1,4,4,3,818,67,0,0.0002440,8498.762999999999,0.75,0.30064184258240184,0.9544127391902995,1.0
openai/gpt-5.6-luna,openai/gpt-5.6-luna-20260709,off,parens.word-brackets-mismatched-v1,parens,text,2. medium,True,reduce-infer-v1,4,4,0,740,68,0,0.0002296,5817.85,0.0,0.0,0.4898908364545973,1.0
openai/gpt-5.6-luna,openai/gpt-5.6-luna-20260709,off,parens.word-brackets-mismatched-v1,parens,text,2. medium,True,reduce-taught-v1,4,4,1,808,67,0,0.0002420,4895.276,0.25,0.04558726080970055,0.6993581574175981,1.0
openai/gpt-5.6-luna,openai/gpt-5.6-luna-20260709,off,parens.word-brackets-mismatched-v1,parens,text,3. hard,False,reduce-infer-v1,4,4,3,820,67,0,0.0002444,10395.767,0.75,0.30064184258240184,0.9544127391902995,1.0
openai/gpt-5.6-luna,openai/gpt-5.6-luna-20260709,off,parens.word-brackets-mismatched-v1,parens,text,3. hard,False,reduce-taught-v1,4,4,2,888,66,0,0.0002568,8281.528,0.5,0.15003898915214947,0.8499610108478506,1.0
openai/gpt-5.6-luna,openai/gpt-5.6-luna-20260709,off,parens.word-brackets-mismatched-v1,parens,text,3. hard,True,reduce-infer-v1,4,4,2,820,66,0,0.0002432,8221.448,0.5,0.15003898915214947,0.8499610108478506,1.0
openai/gpt-5.6-luna,openai/gpt-5.6-luna-20260709,off,parens.word-brackets-mismatched-v1,parens,text,3. hard,True,reduce-taught-v1,4,4,1,888,67,0,0.0002580,7956.263999999999,0.25,0.04558726080970055,0.6993581574175981,1.0
openai/gpt-5.6-luna,openai/gpt-5.6-luna-20260709,off,parens.word-brackets-mismatched-v1,parens,text,4. lunatic,False,reduce-infer-v1,4,4,2,860,66,0,0.0002512,15536.052,0.5,0.15003898915214947,0.8499610108478506,1.0
openai/gpt-5.6-luna,openai/gpt-5.6-luna-20260709,off,parens.word-brackets-mismatched-v1,parens,text,4. lunatic,False,reduce-taught-v1,4,4,3,928,67,0,0.0002660,13640.724000000002,0.75,0.30064184258240184,0.9544127391902995,1.0
openai/gpt-5.6-luna,openai/gpt-5.6-luna-20260709,off,parens.word-brackets-mismatched-v1,parens,text,4. lunatic,True,reduce-infer-v1,4,4,0,860,68,0,0.0002536,11684.904999999999,0.0,0.0,0.4898908364545973,1.0
openai/gpt-5.6-luna,openai/gpt-5.6-luna-20260709,off,parens.word-brackets-mismatched-v1,parens,text,4. lunatic,True,reduce-taught-v1,4,4,0,928,68,0,0.0002672,7658.877,0.0,0.0,0.4898908364545973,1.0
openai/gpt-5.6-luna,openai/gpt-5.6-luna-20260709,off,parens.word-brackets-mismatched-v1,parens,text,5. extra,False,reduce-infer-v1,4,4,4,900,68,0,0.0002616,11763.421,1.0,0.5101091635454027,1.0,1.0
openai/gpt-5.6-luna,openai/gpt-5.6-luna-20260709,off,parens.word-brackets-mismatched-v1,parens,text,5. extra,False,reduce-taught-v1,4,4,3,968,67,0,0.0002740,12887.520999999999,0.75,0.30064184258240184,0.9544127391902995,1.0
openai/gpt-5.6-luna,openai/gpt-5.6-luna-20260709,off,parens.word-brackets-mismatched-v1,parens,text,5. extra,True,reduce-infer-v1,4,4,0,900,68,0,0.0002616,9459.905999999999,0.0,0.0,0.4898908364545973,1.0
openai/gpt-5.6-luna,openai/gpt-5.6-luna-20260709,off,parens.word-brackets-mismatched-v1,parens,text,5. extra,True,reduce-taught-v1,4,4,1,968,67,0,0.0002740,12648.675,0.25,0.04558726080970055,0.6993581574175981,1.0
openai/gpt-5.6-luna,openai/gpt-5.6-luna-20260709,off,parens.word-brackets-plain-v1,parens,text,1. easy,False,reduce-infer-v1,4,4,3,682,67,0,0.0002168,8075.182,0.75,0.30064184258240184,0.9544127391902995,1.0
openai/gpt-5.6-luna,openai/gpt-5.6-luna-20260709,off,parens.word-brackets-plain-v1,parens,text,1. easy,False,reduce-taught-v1,4,4,2,750,66,0,0.0002292,5009.806,0.5,0.15003898915214947,0.8499610108478506,1.0
openai/gpt-5.6-luna,openai/gpt-5.6-luna-20260709,off,parens.word-brackets-plain-v1,parens,text,1. easy,True,reduce-infer-v1,4,4,2,682,66,0,0.0002156,6910.542,0.5,0.15003898915214947,0.8499610108478506,1.0
openai/gpt-5.6-luna,openai/gpt-5.6-luna-20260709,off,parens.word-brackets-plain-v1,parens,text,1. easy,True,reduce-taught-v1,4,4,2,750,66,0,0.0002292,4392.613,0.5,0.15003898915214947,0.8499610108478506,1.0
openai/gpt-5.6-luna,openai/gpt-5.6-luna-20260709,off,parens.word-brackets-plain-v1,parens,text,2. medium,False,reduce-infer-v1,4,4,1,750,65,0,0.0002280,7126.034000000001,0.25,0.04558726080970055,0.6993581574175981,1.0
openai/gpt-5.6-luna,openai/gpt-5.6-luna-20260709,off,parens.word-brackets-plain-v1,parens,text,2. medium,False,reduce-taught-v1,4,4,3,818,67,0,0.0002440,7514.455999999998,0.75,0.30064184258240184,0.9544127391902995,1.0
openai/gpt-5.6-luna,openai/gpt-5.6-luna-20260709,off,parens.word-brackets-plain-v1,parens,text,2. medium,True,reduce-infer-v1,4,4,0,740,68,0,0.0002296,6112.694,0.0,0.0,0.4898908364545973,1.0
openai/gpt-5.6-luna,openai/gpt-5.6-luna-20260709,off,parens.word-brackets-plain-v1,parens,text,2. medium,True,reduce-taught-v1,4,4,1,808,67,0,0.0002420,5261.216,0.25,0.04558726080970055,0.6993581574175981,1.0
openai/gpt-5.6-luna,openai/gpt-5.6-luna-20260709,off,parens.word-brackets-plain-v1,parens,text,3. hard,False,reduce-infer-v1,4,4,3,820,67,0,0.0002444,10307.803,0.75,0.30064184258240184,0.9544127391902995,1.0
openai/gpt-5.6-luna,openai/gpt-5.6-luna-20260709,off,parens.word-brackets-plain-v1,parens,text,3. hard,False,reduce-taught-v1,4,4,2,888,66,0,0.0002568,9962.937,0.5,0.15003898915214947,0.8499610108478506,1.0
openai/gpt-5.6-luna,openai/gpt-5.6-luna-20260709,off,parens.word-brackets-plain-v1,parens,text,3. hard,True,reduce-infer-v1,4,4,0,820,68,0,0.0002456,11113.362000000001,0.0,0.0,0.4898908364545973,1.0
openai/gpt-5.6-luna,openai/gpt-5.6-luna-20260709,off,parens.word-brackets-plain-v1,parens,text,3. hard,True,reduce-taught-v1,4,4,0,888,68,0,0.0002592,8084.866000000001,0.0,0.0,0.4898908364545973,1.0
openai/gpt-5.6-luna,openai/gpt-5.6-luna-20260709,off,parens.word-brackets-plain-v1,parens,text,4. lunatic,False,reduce-infer-v1,4,4,4,860,68,0,0.0002536,11609.034,1.0,0.5101091635454027,1.0,1.0
openai/gpt-5.6-luna,openai/gpt-5.6-luna-20260709,off,parens.word-brackets-plain-v1,parens,text,4. lunatic,False,reduce-taught-v1,4,4,3,928,67,0,0.0002660,9558.724999999999,0.75,0.30064184258240184,0.9544127391902995,1.0
openai/gpt-5.6-luna,openai/gpt-5.6-luna-20260709,off,parens.word-brackets-plain-v1,parens,text,4. lunatic,True,reduce-infer-v1,4,4,1,860,67,0,0.0002524,11175.765,0.25,0.04558726080970055,0.6993581574175981,1.0
openai/gpt-5.6-luna,openai/gpt-5.6-luna-20260709,off,parens.word-brackets-plain-v1,parens,text,4. lunatic,True,reduce-taught-v1,4,4,2,928,66,0,0.0002648,11117.557999999999,0.5,0.15003898915214947,0.8499610108478506,1.0
openai/gpt-5.6-luna,openai/gpt-5.6-luna-20260709,off,parens.word-brackets-plain-v1,parens,text,5. extra,False,reduce-infer-v1,4,4,3,900,67,0,0.0002604,10399.07,0.75,0.30064184258240184,0.9544127391902995,1.0
openai/gpt-5.6-luna,openai/gpt-5.6-luna-20260709,off,parens.word-brackets-plain-v1,parens,text,5. extra,False,reduce-taught-v1,4,4,2,968,66,0,0.0002728,10849.445,0.5,0.15003898915214947,0.8499610108478506,1.0
openai/gpt-5.6-luna,openai/gpt-5.6-luna-20260709,off,parens.word-brackets-plain-v1,parens,text,5. extra,True,reduce-infer-v1,4,4,1,900,67,0,0.0002604,10909.682999999999,0.25,0.04558726080970055,0.6993581574175981,1.0
openai/gpt-5.6-luna,openai/gpt-5.6-luna-20260709,off,parens.word-brackets-plain-v1,parens,text,5. extra,True,reduce-taught-v1,4,4,1,968,67,0,0.0002740,15408.872,0.25,0.04558726080970055,0.6993581574175981,1.0
openai/gpt-5.6-luna,openai/gpt-5.6-luna-20260709,off,pattern.java-v1,pattern,text,1. easy,False,reduce-infer-v1,4,4,1,727,65,0,0.0002234,5655.3009999999995,0.25,0.04558726080970055,0.6993581574175981,1.0
openai/gpt-5.6-luna,openai/gpt-5.6-luna-20260709,off,pattern.java-v1,pattern,text,1. easy,False,reduce-taught-v1,4,4,1,795,65,0,0.0002370,4887.365,0.25,0.04558726080970055,0.6993581574175981,1.0
openai/gpt-5.6-luna,openai/gpt-5.6-luna-20260709,off,pattern.java-v1,pattern,text,1. easy,True,reduce-infer-v1,4,4,3,725,65,0,0.0002230,5401.518,0.75,0.30064184258240184,0.9544127391902995,1.0
openai/gpt-5.6-luna,openai/gpt-5.6-luna-20260709,off,pattern.java-v1,pattern,text,1. easy,True,reduce-taught-v1,4,4,2,793,66,0,0.0002378,4104.185,0.5,0.15003898915214947,0.8499610108478506,1.0
openai/gpt-5.6-luna,openai/gpt-5.6-luna-20260709,off,pattern.java-v1,pattern,text,2. medium,False,reduce-infer-v1,4,4,2,846,66,0,0.0002484,11022.653,0.5,0.15003898915214947,0.8499610108478506,1.0
openai/gpt-5.6-luna,openai/gpt-5.6-luna-20260709,off,pattern.java-v1,pattern,text,2. medium,False,reduce-taught-v1,4,4,1,914,65,0,0.0002608,5578.021,0.25,0.04558726080970055,0.6993581574175981,1.0
openai/gpt-5.6-luna,openai/gpt-5.6-luna-20260709,off,pattern.java-v1,pattern,text,2. medium,True,reduce-infer-v1,4,4,3,829,65,0,0.0002438,7428.273999999999,0.75,0.30064184258240184,0.9544127391902995,1.0
openai/gpt-5.6-luna,openai/gpt-5.6-luna-20260709,off,pattern.java-v1,pattern,text,2. medium,True,reduce-taught-v1,4,4,2,897,66,0,0.0002586,6976.194,0.5,0.15003898915214947,0.8499610108478506,1.0
openai/gpt-5.6-luna,openai/gpt-5.6-luna-20260709,off,pattern.java-v1,pattern,text,3. hard,False,reduce-infer-v1,4,4,0,983,64,0,0.0002734,8966.353000000001,0.0,0.0,0.4898908364545973,1.0
openai/gpt-5.6-luna,openai/gpt-5.6-luna-20260709,off,pattern.java-v1,pattern,text,3. hard,False,reduce-taught-v1,4,4,2,1051,66,0,0.0002894,9093.858,0.5,0.15003898915214947,0.8499610108478506,1.0
openai/gpt-5.6-luna,openai/gpt-5.6-luna-20260709,off,pattern.java-v1,pattern,text,3. hard,True,reduce-infer-v1,4,4,2,988,66,0,0.0002768,9517.26,0.5,0.15003898915214947,0.8499610108478506,1.0
openai/gpt-5.6-luna,openai/gpt-5.6-luna-20260709,off,pattern.java-v1,pattern,text,3. hard,True,reduce-taught-v1,4,4,1,1056,67,0,0.0002916,10610.474,0.25,0.04558726080970055,0.6993581574175981,1.0
openai/gpt-5.6-luna,openai/gpt-5.6-luna-20260709,off,pattern.java-v1,pattern,text,4. lunatic,False,reduce-infer-v1,4,4,1,1055,65,0,0.0002890,10131.384999999998,0.25,0.04558726080970055,0.6993581574175981,1.0
openai/gpt-5.6-luna,openai/gpt-5.6-luna-20260709,off,pattern.java-v1,pattern,text,4. lunatic,False,reduce-taught-v1,4,4,2,1123,66,0,0.0003038,9733.043,0.5,0.15003898915214947,0.8499610108478506,1.0
openai/gpt-5.6-luna,openai/gpt-5.6-luna-20260709,off,pattern.java-v1,pattern,text,4. lunatic,True,reduce-infer-v1,4,4,3,1058,65,0,0.0002896,11104.482,0.75,0.30064184258240184,0.9544127391902995,1.0
openai/gpt-5.6-luna,openai/gpt-5.6-luna-20260709,off,pattern.java-v1,pattern,text,4. lunatic,True,reduce-taught-v1,4,4,2,1126,66,0,0.0003044,9897.164,0.5,0.15003898915214947,0.8499610108478506,1.0
openai/gpt-5.6-luna,openai/gpt-5.6-luna-20260709,off,pattern.java-v1,pattern,text,5. extra,False,reduce-infer-v1,4,4,2,1105,66,0,0.0003002,12443.173,0.5,0.15003898915214947,0.8499610108478506,1.0
openai/gpt-5.6-luna,openai/gpt-5.6-luna-20260709,off,pattern.java-v1,pattern,text,5. extra,False,reduce-taught-v1,4,4,3,1173,67,0,0.0003150,9261.707,0.75,0.30064184258240184,0.9544127391902995,1.0
openai/gpt-5.6-luna,openai/gpt-5.6-luna-20260709,off,pattern.java-v1,pattern,text,5. extra,True,reduce-infer-v1,4,4,2,1111,66,0,0.0003014,10004.655,0.5,0.15003898915214947,0.8499610108478506,1.0
openai/gpt-5.6-luna,openai/gpt-5.6-luna-20260709,off,pattern.java-v1,pattern,text,5. extra,True,reduce-taught-v1,4,4,3,1179,65,0,0.0003138,12701.628999999999,0.75,0.30064184258240184,0.9544127391902995,1.0
openai/gpt-5.6-luna,openai/gpt-5.6-luna-20260709,off,pattern.lisp-v1,pattern,text,1. easy,False,reduce-infer-v1,4,4,2,700,66,0,0.0002192,5003.751,0.5,0.15003898915214947,0.8499610108478506,1.0
openai/gpt-5.6-luna,openai/gpt-5.6-luna-20260709,off,pattern.lisp-v1,pattern,text,1. easy,False,reduce-taught-v1,4,4,2,768,66,0,0.0002328,4612.207,0.5,0.15003898915214947,0.8499610108478506,1.0
openai/gpt-5.6-luna,openai/gpt-5.6-luna-20260709,off,pattern.lisp-v1,pattern,text,1. easy,True,reduce-infer-v1,4,4,2,698,66,0,0.0002188,4700.268,0.5,0.15003898915214947,0.8499610108478506,1.0
openai/gpt-5.6-luna,openai/gpt-5.6-luna-20260709,off,pattern.lisp-v1,pattern,text,1. easy,True,reduce-taught-v1,4,4,2,766,66,0,0.0002324,3936.6230000000005,0.5,0.15003898915214947,0.8499610108478506,1.0
openai/gpt-5.6-luna,openai/gpt-5.6-luna-20260709,off,pattern.lisp-v1,pattern,text,2. medium,False,reduce-infer-v1,4,4,4,785,68,0,0.0002386,9175.469000000001,1.0,0.5101091635454027,1.0,1.0
openai/gpt-5.6-luna,openai/gpt-5.6-luna-20260709,off,pattern.lisp-v1,pattern,text,2. medium,False,reduce-taught-v1,4,4,3,853,67,0,0.0002510,9597.312999999998,0.75,0.30064184258240184,0.9544127391902995,1.0
openai/gpt-5.6-luna,openai/gpt-5.6-luna-20260709,off,pattern.lisp-v1,pattern,text,2. medium,True,reduce-infer-v1,4,4,3,773,65,0,0.0002326,6055.254000000001,0.75,0.30064184258240184,0.9544127391902995,1.0
openai/gpt-5.6-luna,openai/gpt-5.6-luna-20260709,off,pattern.lisp-v1,pattern,text,2. medium,True,reduce-taught-v1,4,4,0,841,68,0,0.0002498,5554.7080000000005,0.0,0.0,0.4898908364545973,1.0
openai/gpt-5.6-luna,openai/gpt-5.6-luna-20260709,off,pattern.lisp-v1,pattern,text,3. hard,False,reduce-infer-v1,4,4,3,887,67,0,0.0002578,10039.467,0.75,0.30064184258240184,0.9544127391902995,1.0
openai/gpt-5.6-luna,openai/gpt-5.6-luna-20260709,off,pattern.lisp-v1,pattern,text,3. hard,False,reduce-taught-v1,4,4,2,955,66,0,0.0002702,8090.733,0.5,0.15003898915214947,0.8499610108478506,1.0
openai/gpt-5.6-luna,openai/gpt-5.6-luna-20260709,off,pattern.lisp-v1,pattern,text,3. hard,True,reduce-infer-v1,4,4,1,892,67,0,0.0002588,9695.718,0.25,0.04558726080970055,0.6993581574175981,1.0
openai/gpt-5.6-luna,openai/gpt-5.6-luna-20260709,off,pattern.lisp-v1,pattern,text,3. hard,True,reduce-taught-v1,4,4,1,960,67,0,0.0002724,7149.965,0.25,0.04558726080970055,0.6993581574175981,1.0
openai/gpt-5.6-luna,openai/gpt-5.6-luna-20260709,off,pattern.lisp-v1,pattern,text,4. lunatic,False,reduce-infer-v1,4,4,4,939,68,0,0.0002694,10072.337,1.0,0.5101091635454027,1.0,1.0
openai/gpt-5.6-luna,openai/gpt-5.6-luna-20260709,off,pattern.lisp-v1,pattern,text,4. lunatic,False,reduce-taught-v1,4,4,4,1007,68,0,0.0002830,10484.909,1.0,0.5101091635454027,1.0,1.0
openai/gpt-5.6-luna,openai/gpt-5.6-luna-20260709,off,pattern.lisp-v1,pattern,text,4. lunatic,True,reduce-infer-v1,4,4,1,942,67,0,0.0002688,10076.461,0.25,0.04558726080970055,0.6993581574175981,1.0
openai/gpt-5.6-luna,openai/gpt-5.6-luna-20260709,off,pattern.lisp-v1,pattern,text,4. lunatic,True,reduce-taught-v1,4,4,0,1010,68,0,0.0002836,7261.813,0.0,0.0,0.4898908364545973,1.0
openai/gpt-5.6-luna,openai/gpt-5.6-luna-20260709,off,pattern.lisp-v1,pattern,text,5. extra,False,reduce-infer-v1,4,4,4,969,68,0,0.0002754,9592.668,1.0,0.5101091635454027,1.0,1.0
openai/gpt-5.6-luna,openai/gpt-5.6-luna-20260709,off,pattern.lisp-v1,pattern,text,5. extra,False,reduce-taught-v1,4,4,4,1037,68,0,0.0002890,9669.999000000002,1.0,0.5101091635454027,1.0,1.0
openai/gpt-5.6-luna,openai/gpt-5.6-luna-20260709,off,pattern.lisp-v1,pattern,text,5. extra,True,reduce-infer-v1,4,4,0,975,68,0,0.0002766,9260.458,0.0,0.0,0.4898908364545973,1.0
openai/gpt-5.6-luna,openai/gpt-5.6-luna-20260709,off,pattern.lisp-v1,pattern,text,5. extra,True,reduce-taught-v1,4,4,2,1043,66,0,0.0002878,10169.289,0.5,0.15003898915214947,0.8499610108478506,1.0
openai/gpt-5.6-luna,openai/gpt-5.6-luna-20260709,off,pattern.plain-v1,pattern,text,1. easy,False,reduce-infer-v1,4,4,2,696,66,0,0.0002184,8853.764,0.5,0.15003898915214947,0.8499610108478506,1.0
openai/gpt-5.6-luna,openai/gpt-5.6-luna-20260709,off,pattern.plain-v1,pattern,text,1. easy,False,reduce-taught-v1,4,4,2,764,66,0,0.0002320,4190.178,0.5,0.15003898915214947,0.8499610108478506,1.0
openai/gpt-5.6-luna,openai/gpt-5.6-luna-20260709,off,pattern.plain-v1,pattern,text,1. easy,True,reduce-infer-v1,4,4,1,694,67,0,0.0002192,5706.167,0.25,0.04558726080970055,0.6993581574175981,1.0
openai/gpt-5.6-luna,openai/gpt-5.6-luna-20260709,off,pattern.plain-v1,pattern,text,1. easy,True,reduce-taught-v1,4,4,1,762,67,0,0.0002328,4924.857,0.25,0.04558726080970055,0.6993581574175981,1.0
openai/gpt-5.6-luna,openai/gpt-5.6-luna-20260709,off,pattern.plain-v1,pattern,text,2. medium,False,reduce-infer-v1,4,4,2,781,66,0,0.0002354,8326.696,0.5,0.15003898915214947,0.8499610108478506,1.0
openai/gpt-5.6-luna,openai/gpt-5.6-luna-20260709,off,pattern.plain-v1,pattern,text,2. medium,False,reduce-taught-v1,4,4,0,849,64,0,0.0002466,8395.414999999999,0.0,0.0,0.4898908364545973,1.0
openai/gpt-5.6-luna,openai/gpt-5.6-luna-20260709,off,pattern.plain-v1,pattern,text,2. medium,True,reduce-infer-v1,4,4,0,769,68,0,0.0002354,7317.032,0.0,0.0,0.4898908364545973,1.0
openai/gpt-5.6-luna,openai/gpt-5.6-luna-20260709,off,pattern.plain-v1,pattern,text,2. medium,True,reduce-taught-v1,4,4,3,837,65,0,0.0002454,6964.796,0.75,0.30064184258240184,0.9544127391902995,1.0
openai/gpt-5.6-luna,openai/gpt-5.6-luna-20260709,off,pattern.plain-v1,pattern,text,3. hard,False,reduce-infer-v1,4,4,3,883,67,0,0.0002570,8973.814,0.75,0.30064184258240184,0.9544127391902995,1.0
openai/gpt-5.6-luna,openai/gpt-5.6-luna-20260709,off,pattern.plain-v1,pattern,text,3. hard,False,reduce-taught-v1,4,4,4,951,68,0,0.0002718,11614.95,1.0,0.5101091635454027,1.0,1.0
openai/gpt-5.6-luna,openai/gpt-5.6-luna-20260709,off,pattern.plain-v1,pattern,text,3. hard,True,reduce-infer-v1,4,4,2,888,66,0,0.0002568,9798.007,0.5,0.15003898915214947,0.8499610108478506,1.0
openai/gpt-5.6-luna,openai/gpt-5.6-luna-20260709,off,pattern.plain-v1,pattern,text,3. hard,True,reduce-taught-v1,4,4,2,956,66,0,0.0002704,7228.27,0.5,0.15003898915214947,0.8499610108478506,1.0
openai/gpt-5.6-luna,openai/gpt-5.6-luna-20260709,off,pattern.plain-v1,pattern,text,4. lunatic,False,reduce-infer-v1,4,4,1,935,65,0,0.0002650,11154.973,0.25,0.04558726080970055,0.6993581574175981,1.0
openai/gpt-5.6-luna,openai/gpt-5.6-luna-20260709,off,pattern.plain-v1,pattern,text,4. lunatic,False,reduce-taught-v1,4,4,1,1003,65,0,0.0002786,13131.371,0.25,0.04558726080970055,0.6993581574175981,1.0
openai/gpt-5.6-luna,openai/gpt-5.6-luna-20260709,off,pattern.plain-v1,pattern,text,4. lunatic,True,reduce-infer-v1,4,4,2,938,66,0,0.0002668,10993.816,0.5,0.15003898915214947,0.8499610108478506,1.0
openai/gpt-5.6-luna,openai/gpt-5.6-luna-20260709,off,pattern.plain-v1,pattern,text,4. lunatic,True,reduce-taught-v1,4,4,0,1006,68,0,0.0002828,9138.315,0.0,0.0,0.4898908364545973,1.0
openai/gpt-5.6-luna,openai/gpt-5.6-luna-20260709,off,pattern.plain-v1,pattern,text,5. extra,False,reduce-infer-v1,4,4,3,965,67,0,0.0002734,11445.813999999998,0.75,0.30064184258240184,0.9544127391902995,1.0
openai/gpt-5.6-luna,openai/gpt-5.6-luna-20260709,off,pattern.plain-v1,pattern,text,5. extra,False,reduce-taught-v1,4,4,4,1033,68,0,0.0002882,10139.272,1.0,0.5101091635454027,1.0,1.0
openai/gpt-5.6-luna,openai/gpt-5.6-luna-20260709,off,pattern.plain-v1,pattern,text,5. extra,True,reduce-infer-v1,4,4,3,971,65,0,0.0002722,10065.377,0.75,0.30064184258240184,0.9544127391902995,1.0
openai/gpt-5.6-luna,openai/gpt-5.6-luna-20260709,off,pattern.plain-v1,pattern,text,5. extra,True,reduce-taught-v1,4,4,2,1039,66,0,0.0002870,11730.659,0.5,0.15003898915214947,0.8499610108478506,1.0
openai/gpt-5.6-luna,openai/gpt-5.6-luna-20260709,off,pattern.python-v1,pattern,text,1. easy,False,reduce-infer-v1,4,4,3,696,67,0,0.0002196,6600.459,0.75,0.30064184258240184,0.9544127391902995,1.0
openai/gpt-5.6-luna,openai/gpt-5.6-luna-20260709,off,pattern.python-v1,pattern,text,1. easy,False,reduce-taught-v1,4,4,0,764,64,0,0.0002296,4750.155,0.0,0.0,0.4898908364545973,1.0
openai/gpt-5.6-luna,openai/gpt-5.6-luna-20260709,off,pattern.python-v1,pattern,text,1. easy,True,reduce-infer-v1,4,4,2,694,66,0,0.0002180,5826.449999999999,0.5,0.15003898915214947,0.8499610108478506,1.0
openai/gpt-5.6-luna,openai/gpt-5.6-luna-20260709,off,pattern.python-v1,pattern,text,1. easy,True,reduce-taught-v1,4,4,1,762,67,0,0.0002328,5820.0289999999995,0.25,0.04558726080970055,0.6993581574175981,1.0
openai/gpt-5.6-luna,openai/gpt-5.6-luna-20260709,off,pattern.python-v1,pattern,text,2. medium,False,reduce-infer-v1,4,4,1,781,65,0,0.0002342,7778.454000000001,0.25,0.04558726080970055,0.6993581574175981,1.0
openai/gpt-5.6-luna,openai/gpt-5.6-luna-20260709,off,pattern.python-v1,pattern,text,2. medium,False,reduce-taught-v1,4,4,3,849,67,0,0.0002502,6388.8369999999995,0.75,0.30064184258240184,0.9544127391902995,1.0
openai/gpt-5.6-luna,openai/gpt-5.6-luna-20260709,off,pattern.python-v1,pattern,text,2. medium,True,reduce-infer-v1,4,4,1,769,67,0,0.0002342,5605.025,0.25,0.04558726080970055,0.6993581574175981,1.0
openai/gpt-5.6-luna,openai/gpt-5.6-luna-20260709,off,pattern.python-v1,pattern,text,2. medium,True,reduce-taught-v1,4,4,2,837,66,0,0.0002466,6738.875000000001,0.5,0.15003898915214947,0.8499610108478506,1.0
openai/gpt-5.6-luna,openai/gpt-5.6-luna-20260709,off,pattern.python-v1,pattern,text,3. hard,False,reduce-infer-v1,4,4,3,883,67,0,0.0002570,10090.148000000001,0.75,0.30064184258240184,0.9544127391902995,1.0
openai/gpt-5.6-luna,openai/gpt-5.6-luna-20260709,off,pattern.python-v1,pattern,text,3. hard,False,reduce-taught-v1,4,4,3,951,67,0,0.0002706,10667.784,0.75,0.30064184258240184,0.9544127391902995,1.0
openai/gpt-5.6-luna,openai/gpt-5.6-luna-20260709,off,pattern.python-v1,pattern,text,3. hard,True,reduce-infer-v1,4,4,3,888,65,0,0.0002556,11170.469000000001,0.75,0.30064184258240184,0.9544127391902995,1.0
openai/gpt-5.6-luna,openai/gpt-5.6-luna-20260709,off,pattern.python-v1,pattern,text,3. hard,True,reduce-taught-v1,4,4,0,956,68,0,0.0002728,8095.035,0.0,0.0,0.4898908364545973,1.0
openai/gpt-5.6-luna,openai/gpt-5.6-luna-20260709,off,pattern.python-v1,pattern,text,4. lunatic,False,reduce-infer-v1,4,4,2,935,66,0,0.0002662,12017.506000000001,0.5,0.15003898915214947,0.8499610108478506,1.0
openai/gpt-5.6-luna,openai/gpt-5.6-luna-20260709,off,pattern.python-v1,pattern,text,4. lunatic,False,reduce-taught-v1,4,4,3,1003,67,0,0.0002810,9399.706,0.75,0.30064184258240184,0.9544127391902995,1.0
openai/gpt-5.6-luna,openai/gpt-5.6-luna-20260709,off,pattern.python-v1,pattern,text,4. lunatic,True,reduce-infer-v1,4,4,3,938,65,0,0.0002656,10602.711,0.75,0.30064184258240184,0.9544127391902995,1.0
openai/gpt-5.6-luna,openai/gpt-5.6-luna-20260709,off,pattern.python-v1,pattern,text,4. lunatic,True,reduce-taught-v1,4,4,1,1006,67,0,0.0002816,9553.725,0.25,0.04558726080970055,0.6993581574175981,1.0
openai/gpt-5.6-luna,openai/gpt-5.6-luna-20260709,off,pattern.python-v1,pattern,text,5. extra,False,reduce-infer-v1,4,4,1,965,65,0,0.0002710,12609.529,0.25,0.04558726080970055,0.6993581574175981,1.0
openai/gpt-5.6-luna,openai/gpt-5.6-luna-20260709,off,pattern.python-v1,pattern,text,5. extra,False,reduce-taught-v1,4,4,1,1033,65,0,0.0002846,13905.073,0.25,0.04558726080970055,0.6993581574175981,1.0
openai/gpt-5.6-luna,openai/gpt-5.6-luna-20260709,off,pattern.python-v1,pattern,text,5. extra,True,reduce-infer-v1,4,4,1,971,67,0,0.0002746,10887.11,0.25,0.04558726080970055,0.6993581574175981,1.0
openai/gpt-5.6-luna,openai/gpt-5.6-luna-20260709,off,pattern.python-v1,pattern,text,5. extra,True,reduce-taught-v1,4,4,1,1039,67,0,0.0002882,9323.303,0.25,0.04558726080970055,0.6993581574175981,1.0
openai/gpt-5.6-luna,openai/gpt-5.6-luna-20260709,off,pattern.rust-v1,pattern,text,1. easy,False,reduce-infer-v1,4,4,2,758,66,0,0.0002308,5978.228,0.5,0.15003898915214947,0.8499610108478506,1.0
openai/gpt-5.6-luna,openai/gpt-5.6-luna-20260709,off,pattern.rust-v1,pattern,text,1. easy,False,reduce-taught-v1,4,4,2,826,66,0,0.0002444,7218.658,0.5,0.15003898915214947,0.8499610108478506,1.0
openai/gpt-5.6-luna,openai/gpt-5.6-luna-20260709,off,pattern.rust-v1,pattern,text,1. easy,True,reduce-infer-v1,4,4,1,756,67,0,0.0002316,7388.853999999999,0.25,0.04558726080970055,0.6993581574175981,1.0
openai/gpt-5.6-luna,openai/gpt-5.6-luna-20260709,off,pattern.rust-v1,pattern,text,1. easy,True,reduce-taught-v1,4,4,2,824,66,0,0.0002440,4165.711,0.5,0.15003898915214947,0.8499610108478506,1.0
openai/gpt-5.6-luna,openai/gpt-5.6-luna-20260709,off,pattern.rust-v1,pattern,text,2. medium,False,reduce-infer-v1,4,4,0,911,64,0,0.0002590,7270.534,0.0,0.0,0.4898908364545973,1.0
openai/gpt-5.6-luna,openai/gpt-5.6-luna-20260709,off,pattern.rust-v1,pattern,text,2. medium,False,reduce-taught-v1,4,4,1,979,65,0,0.0002738,7966.263999999999,0.25,0.04558726080970055,0.6993581574175981,1.0
openai/gpt-5.6-luna,openai/gpt-5.6-luna-20260709,off,pattern.rust-v1,pattern,text,2. medium,True,reduce-infer-v1,4,4,1,889,67,0,0.0002582,5479.335,0.25,0.04558726080970055,0.6993581574175981,1.0
openai/gpt-5.6-luna,openai/gpt-5.6-luna-20260709,off,pattern.rust-v1,pattern,text,2. medium,True,reduce-taught-v1,4,4,3,957,65,0,0.0002694,7143.914,0.75,0.30064184258240184,0.9544127391902995,1.0
openai/gpt-5.6-luna,openai/gpt-5.6-luna-20260709,off,pattern.rust-v1,pattern,text,3. hard,False,reduce-infer-v1,4,4,1,1083,65,0,0.0002946,15513.890000000001,0.25,0.04558726080970055,0.6993581574175981,1.0
openai/gpt-5.6-luna,openai/gpt-5.6-luna-20260709,off,pattern.rust-v1,pattern,text,3. hard,False,reduce-taught-v1,4,4,2,1151,66,0,0.0003094,13517.778999999999,0.5,0.15003898915214947,0.8499610108478506,1.0
openai/gpt-5.6-luna,openai/gpt-5.6-luna-20260709,off,pattern.rust-v1,pattern,text,3. hard,True,reduce-infer-v1,4,4,1,1088,67,0,0.0002980,9328.744999999999,0.25,0.04558726080970055,0.6993581574175981,1.0
openai/gpt-5.6-luna,openai/gpt-5.6-luna-20260709,off,pattern.rust-v1,pattern,text,3. hard,True,reduce-taught-v1,4,4,1,1156,67,0,0.0003116,7395.976000000001,0.25,0.04558726080970055,0.6993581574175981,1.0
openai/gpt-5.6-luna,openai/gpt-5.6-luna-20260709,off,pattern.rust-v1,pattern,text,4. lunatic,False,reduce-infer-v1,4,4,3,1175,67,0,0.0003154,14891.643,0.75,0.30064184258240184,0.9544127391902995,1.0
openai/gpt-5.6-luna,openai/gpt-5.6-luna-20260709,off,pattern.rust-v1,pattern,text,4. lunatic,False,reduce-taught-v1,4,4,0,1243,64,0,0.0003254,13824.165,0.0,0.0,0.4898908364545973,1.0
openai/gpt-5.6-luna,openai/gpt-5.6-luna-20260709,off,pattern.rust-v1,pattern,text,4. lunatic,True,reduce-infer-v1,4,4,1,1178,67,0,0.0003160,13859.514,0.25,0.04558726080970055,0.6993581574175981,1.0
openai/gpt-5.6-luna,openai/gpt-5.6-luna-20260709,off,pattern.rust-v1,pattern,text,4. lunatic,True,reduce-taught-v1,4,4,2,1246,66,0,0.0003284,11265.48,0.5,0.15003898915214947,0.8499610108478506,1.0
openai/gpt-5.6-luna,openai/gpt-5.6-luna-20260709,off,pattern.rust-v1,pattern,text,5. extra,False,reduce-infer-v1,4,4,1,1245,65,0,0.0003270,9565.254,0.25,0.04558726080970055,0.6993581574175981,1.0
openai/gpt-5.6-luna,openai/gpt-5.6-luna-20260709,off,pattern.rust-v1,pattern,text,5. extra,False,reduce-taught-v1,4,4,2,1313,66,0,0.0003418,7475.155000000001,0.5,0.15003898915214947,0.8499610108478506,1.0
openai/gpt-5.6-luna,openai/gpt-5.6-luna-20260709,off,pattern.rust-v1,pattern,text,5. extra,True,reduce-infer-v1,4,4,3,1251,65,0,0.0003282,10337.536,0.75,0.30064184258240184,0.9544127391902995,1.0
openai/gpt-5.6-luna,openai/gpt-5.6-luna-20260709,off,pattern.rust-v1,pattern,text,5. extra,True,reduce-taught-v1,4,4,2,1319,66,0,0.0003430,12116.287,0.5,0.15003898915214947,0.8499610108478506,1.0
openai/gpt-5.6-luna,openai/gpt-5.6-luna-20260709,off,pattern.scheme-v1,pattern,text,1. easy,False,reduce-infer-v1,4,4,1,696,65,0,0.0002172,9058.605,0.25,0.04558726080970055,0.6993581574175981,1.0
openai/gpt-5.6-luna,openai/gpt-5.6-luna-20260709,off,pattern.scheme-v1,pattern,text,1. easy,False,reduce-taught-v1,4,4,2,764,66,0,0.0002320,6170.807999999999,0.5,0.15003898915214947,0.8499610108478506,1.0
openai/gpt-5.6-luna,openai/gpt-5.6-luna-20260709,off,pattern.scheme-v1,pattern,text,1. easy,True,reduce-infer-v1,4,4,3,694,65,0,0.0002168,5605.491,0.75,0.30064184258240184,0.9544127391902995,1.0
openai/gpt-5.6-luna,openai/gpt-5.6-luna-20260709,off,pattern.scheme-v1,pattern,text,1. easy,True,reduce-taught-v1,4,4,3,762,65,0,0.0002304,4418.9220000000005,0.75,0.30064184258240184,0.9544127391902995,1.0
openai/gpt-5.6-luna,openai/gpt-5.6-luna-20260709,off,pattern.scheme-v1,pattern,text,2. medium,False,reduce-infer-v1,4,4,3,781,67,0,0.0002366,12049.292000000001,0.75,0.30064184258240184,0.9544127391902995,1.0
openai/gpt-5.6-luna,openai/gpt-5.6-luna-20260709,off,pattern.scheme-v1,pattern,text,2. medium,False,reduce-taught-v1,4,4,2,849,66,0,0.0002490,4804.228,0.5,0.15003898915214947,0.8499610108478506,1.0
openai/gpt-5.6-luna,openai/gpt-5.6-luna-20260709,off,pattern.scheme-v1,pattern,text,2. medium,True,reduce-infer-v1,4,4,1,769,67,0,0.0002342,8228.55,0.25,0.04558726080970055,0.6993581574175981,1.0
openai/gpt-5.6-luna,openai/gpt-5.6-luna-20260709,off,pattern.scheme-v1,pattern,text,2. medium,True,reduce-taught-v1,4,4,3,837,65,0,0.0002454,4900.342,0.75,0.30064184258240184,0.9544127391902995,1.0
openai/gpt-5.6-luna,openai/gpt-5.6-luna-20260709,off,pattern.scheme-v1,pattern,text,3. hard,False,reduce-infer-v1,4,4,1,883,65,0,0.0002546,8684.752,0.25,0.04558726080970055,0.6993581574175981,1.0
openai/gpt-5.6-luna,openai/gpt-5.6-luna-20260709,off,pattern.scheme-v1,pattern,text,3. hard,False,reduce-taught-v1,4,4,1,951,65,0,0.0002682,9313.372000000001,0.25,0.04558726080970055,0.6993581574175981,1.0
openai/gpt-5.6-luna,openai/gpt-5.6-luna-20260709,off,pattern.scheme-v1,pattern,text,3. hard,True,reduce-infer-v1,4,4,2,888,66,0,0.0002568,8779.903,0.5,0.15003898915214947,0.8499610108478506,1.0
openai/gpt-5.6-luna,openai/gpt-5.6-luna-20260709,off,pattern.scheme-v1,pattern,text,3. hard,True,reduce-taught-v1,4,4,4,956,64,0,0.0002680,6933.255999999999,1.0,0.5101091635454027,1.0,1.0
openai/gpt-5.6-luna,openai/gpt-5.6-luna-20260709,off,pattern.scheme-v1,pattern,text,4. lunatic,False,reduce-infer-v1,4,4,3,935,67,0,0.0002674,9682.624,0.75,0.30064184258240184,0.9544127391902995,1.0
openai/gpt-5.6-luna,openai/gpt-5.6-luna-20260709,off,pattern.scheme-v1,pattern,text,4. lunatic,False,reduce-taught-v1,4,4,4,1003,68,0,0.0002822,12622.923,1.0,0.5101091635454027,1.0,1.0
openai/gpt-5.6-luna,openai/gpt-5.6-luna-20260709,off,pattern.scheme-v1,pattern,text,4. lunatic,True,reduce-infer-v1,4,4,1,938,67,0,0.0002680,9355.584,0.25,0.04558726080970055,0.6993581574175981,1.0
openai/gpt-5.6-luna,openai/gpt-5.6-luna-20260709,off,pattern.scheme-v1,pattern,text,4. lunatic,True,reduce-taught-v1,4,4,2,1006,66,0,0.0002804,8193.367,0.5,0.15003898915214947,0.8499610108478506,1.0
openai/gpt-5.6-luna,openai/gpt-5.6-luna-20260709,off,pattern.scheme-v1,pattern,text,5. extra,False,reduce-infer-v1,4,4,1,965,65,0,0.0002710,10758.634,0.25,0.04558726080970055,0.6993581574175981,1.0
openai/gpt-5.6-luna,openai/gpt-5.6-luna-20260709,off,pattern.scheme-v1,pattern,text,5. extra,False,reduce-taught-v1,4,4,2,1033,66,0,0.0002858,8251.74,0.5,0.15003898915214947,0.8499610108478506,1.0
openai/gpt-5.6-luna,openai/gpt-5.6-luna-20260709,off,pattern.scheme-v1,pattern,text,5. extra,True,reduce-infer-v1,4,4,2,971,66,0,0.0002734,11417.626,0.5,0.15003898915214947,0.8499610108478506,1.0
openai/gpt-5.6-luna,openai/gpt-5.6-luna-20260709,off,pattern.scheme-v1,pattern,text,5. extra,True,reduce-taught-v1,4,4,2,1039,66,0,0.0002870,11420.603,0.5,0.15003898915214947,0.8499610108478506,1.0
openai/gpt-5.6-luna,openai/gpt-5.6-luna-20260709,off,prose.containment-jitter-v1,prose,text,1. easy,False,reduce-infer-v1,4,4,1,738,65,0,0.0002256,5144.8330000000005,0.25,0.04558726080970055,0.6993581574175981,1.0
openai/gpt-5.6-luna,openai/gpt-5.6-luna-20260709,off,prose.containment-jitter-v1,prose,text,1. easy,False,reduce-taught-v1,4,4,1,806,65,0,0.0002392,7194.8240000000005,0.25,0.04558726080970055,0.6993581574175981,1.0
openai/gpt-5.6-luna,openai/gpt-5.6-luna-20260709,off,prose.containment-jitter-v1,prose,text,1. easy,True,reduce-infer-v1,4,4,2,723,66,0,0.0002238,5579.427999999999,0.5,0.15003898915214947,0.8499610108478506,1.0
openai/gpt-5.6-luna,openai/gpt-5.6-luna-20260709,off,prose.containment-jitter-v1,prose,text,1. easy,True,reduce-taught-v1,4,4,3,791,65,0,0.0002362,4003.298,0.75,0.30064184258240184,0.9544127391902995,1.0
openai/gpt-5.6-luna,openai/gpt-5.6-luna-20260709,off,prose.containment-jitter-v1,prose,text,2. medium,False,reduce-infer-v1,4,4,1,828,65,0,0.0002436,6065.806,0.25,0.04558726080970055,0.6993581574175981,1.0
openai/gpt-5.6-luna,openai/gpt-5.6-luna-20260709,off,prose.containment-jitter-v1,prose,text,2. medium,False,reduce-taught-v1,4,4,0,896,64,0,0.0002560,6520.08,0.0,0.0,0.4898908364545973,1.0
openai/gpt-5.6-luna,openai/gpt-5.6-luna-20260709,off,prose.containment-jitter-v1,prose,text,2. medium,True,reduce-infer-v1,4,4,4,812,64,0,0.0002392,6661.3189999999995,1.0,0.5101091635454027,1.0,1.0
openai/gpt-5.6-luna,openai/gpt-5.6-luna-20260709,off,prose.containment-jitter-v1,prose,text,2. medium,True,reduce-taught-v1,4,4,3,880,65,0,0.0002540,5530.156999999999,0.75,0.30064184258240184,0.9544127391902995,1.0
openai/gpt-5.6-luna,openai/gpt-5.6-luna-20260709,off,prose.containment-jitter-v1,prose,text,3. hard,False,reduce-infer-v1,4,4,2,863,66,0,0.0002518,13496.487000000001,0.5,0.15003898915214947,0.8499610108478506,1.0
openai/gpt-5.6-luna,openai/gpt-5.6-luna-20260709,off,prose.containment-jitter-v1,prose,text,3. hard,False,reduce-taught-v1,4,4,0,931,64,0,0.0002630,11652.082999999999,0.0,0.0,0.4898908364545973,1.0
openai/gpt-5.6-luna,openai/gpt-5.6-luna-20260709,off,prose.containment-jitter-v1,prose,text,3. hard,True,reduce-infer-v1,4,4,3,807,65,0,0.0002394,10015.609999999999,0.75,0.30064184258240184,0.9544127391902995,1.0
openai/gpt-5.6-luna,openai/gpt-5.6-luna-20260709,off,prose.containment-jitter-v1,prose,text,3. hard,True,reduce-taught-v1,4,4,2,875,66,0,0.0002542,9524.172,0.5,0.15003898915214947,0.8499610108478506,1.0
openai/gpt-5.6-luna,openai/gpt-5.6-luna-20260709,off,prose.containment-jitter-v1,prose,text,4. lunatic,False,reduce-infer-v1,4,4,1,872,65,0,0.0002524,10071.26,0.25,0.04558726080970055,0.6993581574175981,1.0
openai/gpt-5.6-luna,openai/gpt-5.6-luna-20260709,off,prose.containment-jitter-v1,prose,text,4. lunatic,False,reduce-taught-v1,4,4,3,940,67,0,0.0002684,9343.048,0.75,0.30064184258240184,0.9544127391902995,1.0
openai/gpt-5.6-luna,openai/gpt-5.6-luna-20260709,off,prose.containment-jitter-v1,prose,text,4. lunatic,True,reduce-infer-v1,4,4,4,858,64,0,0.0002484,12777.25,1.0,0.5101091635454027,1.0,1.0
openai/gpt-5.6-luna,openai/gpt-5.6-luna-20260709,off,prose.containment-jitter-v1,prose,text,4. lunatic,True,reduce-taught-v1,4,4,1,926,67,0,0.0002656,8862.539,0.25,0.04558726080970055,0.6993581574175981,1.0
openai/gpt-5.6-luna,openai/gpt-5.6-luna-20260709,off,prose.containment-jitter-v1,prose,text,5. extra,False,reduce-infer-v1,4,4,1,1102,65,0,0.0002984,10881.122,0.25,0.04558726080970055,0.6993581574175981,1.0
openai/gpt-5.6-luna,openai/gpt-5.6-luna-20260709,off,prose.containment-jitter-v1,prose,text,5. extra,False,reduce-taught-v1,4,4,4,1170,68,0,0.0003156,15958.429,1.0,0.5101091635454027,1.0,1.0
openai/gpt-5.6-luna,openai/gpt-5.6-luna-20260709,off,prose.containment-jitter-v1,prose,text,5. extra,True,reduce-infer-v1,4,4,4,1084,64,0,0.0002936,9816.974,1.0,0.5101091635454027,1.0,1.0
openai/gpt-5.6-luna,openai/gpt-5.6-luna-20260709,off,prose.containment-jitter-v1,prose,text,5. extra,True,reduce-taught-v1,4,4,1,1152,67,0,0.0003108,7802.6849999999995,0.25,0.04558726080970055,0.6993581574175981,1.0
openai/gpt-5.6-luna,openai/gpt-5.6-luna-20260709,off,prose.containment-plain-v1,prose,text,1. easy,False,reduce-infer-v1,4,4,1,738,65,0,0.0002256,7187.518,0.25,0.04558726080970055,0.6993581574175981,1.0
openai/gpt-5.6-luna,openai/gpt-5.6-luna-20260709,off,prose.containment-plain-v1,prose,text,1. easy,False,reduce-taught-v1,4,4,2,806,66,0,0.0002404,8572.838999999998,0.5,0.15003898915214947,0.8499610108478506,1.0
openai/gpt-5.6-luna,openai/gpt-5.6-luna-20260709,off,prose.containment-plain-v1,prose,text,1. easy,True,reduce-infer-v1,4,4,1,723,67,0,0.0002250,7544.843000000001,0.25,0.04558726080970055,0.6993581574175981,1.0
openai/gpt-5.6-luna,openai/gpt-5.6-luna-20260709,off,prose.containment-plain-v1,prose,text,1. easy,True,reduce-taught-v1,4,4,3,791,65,0,0.0002362,4795.496999999999,0.75,0.30064184258240184,0.9544127391902995,1.0
openai/gpt-5.6-luna,openai/gpt-5.6-luna-20260709,off,prose.containment-plain-v1,prose,text,2. medium,False,reduce-infer-v1,4,4,1,828,65,0,0.0002436,8439.784,0.25,0.04558726080970055,0.6993581574175981,1.0
openai/gpt-5.6-luna,openai/gpt-5.6-luna-20260709,off,prose.containment-plain-v1,prose,text,2. medium,False,reduce-taught-v1,4,4,2,896,66,0,0.0002584,7193.008,0.5,0.15003898915214947,0.8499610108478506,1.0
openai/gpt-5.6-luna,openai/gpt-5.6-luna-20260709,off,prose.containment-plain-v1,prose,text,2. medium,True,reduce-infer-v1,4,4,4,812,64,0,0.0002392,7069.540999999999,1.0,0.5101091635454027,1.0,1.0
openai/gpt-5.6-luna,openai/gpt-5.6-luna-20260709,off,prose.containment-plain-v1,prose,text,2. medium,True,reduce-taught-v1,4,4,4,880,64,0,0.0002528,5058.493,1.0,0.5101091635454027,1.0,1.0
openai/gpt-5.6-luna,openai/gpt-5.6-luna-20260709,off,prose.containment-plain-v1,prose,text,3. hard,False,reduce-infer-v1,4,4,2,863,66,0,0.0002518,12247.466999999999,0.5,0.15003898915214947,0.8499610108478506,1.0
openai/gpt-5.6-luna,openai/gpt-5.6-luna-20260709,off,prose.containment-plain-v1,prose,text,3. hard,False,reduce-taught-v1,4,4,1,931,65,0,0.0002642,8137.658,0.25,0.04558726080970055,0.6993581574175981,1.0
openai/gpt-5.6-luna,openai/gpt-5.6-luna-20260709,off,prose.containment-plain-v1,prose,text,3. hard,True,reduce-infer-v1,4,4,4,807,64,0,0.0002382,14547.344,1.0,0.5101091635454027,1.0,1.0
openai/gpt-5.6-luna,openai/gpt-5.6-luna-20260709,off,prose.containment-plain-v1,prose,text,3. hard,True,reduce-taught-v1,4,4,2,875,66,0,0.0002542,8354.589,0.5,0.15003898915214947,0.8499610108478506,1.0
openai/gpt-5.6-luna,openai/gpt-5.6-luna-20260709,off,prose.containment-plain-v1,prose,text,4. lunatic,False,reduce-infer-v1,4,4,3,872,67,0,0.0002548,10954.018999999998,0.75,0.30064184258240184,0.9544127391902995,1.0
openai/gpt-5.6-luna,openai/gpt-5.6-luna-20260709,off,prose.containment-plain-v1,prose,text,4. lunatic,False,reduce-taught-v1,4,4,3,940,67,0,0.0002684,8539.753,0.75,0.30064184258240184,0.9544127391902995,1.0
openai/gpt-5.6-luna,openai/gpt-5.6-luna-20260709,off,prose.containment-plain-v1,prose,text,4. lunatic,True,reduce-infer-v1,4,4,3,858,65,0,0.0002496,8051.293,0.75,0.30064184258240184,0.9544127391902995,1.0
openai/gpt-5.6-luna,openai/gpt-5.6-luna-20260709,off,prose.containment-plain-v1,prose,text,4. lunatic,True,reduce-taught-v1,4,4,2,926,66,0,0.0002644,8421.156,0.5,0.15003898915214947,0.8499610108478506,1.0
openai/gpt-5.6-luna,openai/gpt-5.6-luna-20260709,off,prose.containment-plain-v1,prose,text,5. extra,False,reduce-infer-v1,4,4,3,1102,67,0,0.0003008,11837.784,0.75,0.30064184258240184,0.9544127391902995,1.0
openai/gpt-5.6-luna,openai/gpt-5.6-luna-20260709,off,prose.containment-plain-v1,prose,text,5. extra,False,reduce-taught-v1,4,4,1,1170,65,0,0.0003120,11285.658,0.25,0.04558726080970055,0.6993581574175981,1.0
openai/gpt-5.6-luna,openai/gpt-5.6-luna-20260709,off,prose.containment-plain-v1,prose,text,5. extra,True,reduce-infer-v1,4,4,3,1084,65,0,0.0002948,9873.624,0.75,0.30064184258240184,0.9544127391902995,1.0
openai/gpt-5.6-luna,openai/gpt-5.6-luna-20260709,off,prose.containment-plain-v1,prose,text,5. extra,True,reduce-taught-v1,4,4,3,1152,65,0,0.0003084,9202.101,0.75,0.30064184258240184,0.9544127391902995,1.0
openai/gpt-5.6-luna,openai/gpt-5.6-luna-20260709,off,trees.indent-jitter-v1,trees,text,1. easy,False,reduce-infer-v1,4,4,0,704,64,0,0.0002176,5893.817000000001,0.0,0.0,0.4898908364545973,1.0
openai/gpt-5.6-luna,openai/gpt-5.6-luna-20260709,off,trees.indent-jitter-v1,trees,text,1. easy,False,reduce-taught-v1,4,4,1,772,65,0,0.0002324,7807.487999999999,0.25,0.04558726080970055,0.6993581574175981,1.0
openai/gpt-5.6-luna,openai/gpt-5.6-luna-20260709,off,trees.indent-jitter-v1,trees,text,1. easy,True,reduce-infer-v1,4,4,3,713,65,0,0.0002206,6610.208,0.75,0.30064184258240184,0.9544127391902995,1.0
openai/gpt-5.6-luna,openai/gpt-5.6-luna-20260709,off,trees.indent-jitter-v1,trees,text,1. easy,True,reduce-taught-v1,4,4,2,781,66,0,0.0002354,4222.701,0.5,0.15003898915214947,0.8499610108478506,1.0
openai/gpt-5.6-luna,openai/gpt-5.6-luna-20260709,off,trees.indent-jitter-v1,trees,text,2. medium,False,reduce-infer-v1,4,4,2,842,66,0,0.0002476,7156.066999999999,0.5,0.15003898915214947,0.8499610108478506,1.0
openai/gpt-5.6-luna,openai/gpt-5.6-luna-20260709,off,trees.indent-jitter-v1,trees,text,2. medium,False,reduce-taught-v1,4,4,3,910,67,0,0.0002624,6167.749000000001,0.75,0.30064184258240184,0.9544127391902995,1.0
openai/gpt-5.6-luna,openai/gpt-5.6-luna-20260709,off,trees.indent-jitter-v1,trees,text,2. medium,True,reduce-infer-v1,4,4,2,788,66,0,0.0002368,8061.638999999999,0.5,0.15003898915214947,0.8499610108478506,1.0
openai/gpt-5.6-luna,openai/gpt-5.6-luna-20260709,off,trees.indent-jitter-v1,trees,text,2. medium,True,reduce-taught-v1,4,4,2,856,66,0,0.0002504,5657.982,0.5,0.15003898915214947,0.8499610108478506,1.0
openai/gpt-5.6-luna,openai/gpt-5.6-luna-20260709,off,trees.indent-jitter-v1,trees,text,3. hard,False,reduce-infer-v1,4,4,4,955,68,0,0.0002726,11286.350999999999,1.0,0.5101091635454027,1.0,1.0
openai/gpt-5.6-luna,openai/gpt-5.6-luna-20260709,off,trees.indent-jitter-v1,trees,text,3. hard,False,reduce-taught-v1,4,4,2,1023,66,0,0.0002838,9966.659,0.5,0.15003898915214947,0.8499610108478506,1.0
openai/gpt-5.6-luna,openai/gpt-5.6-luna-20260709,off,trees.indent-jitter-v1,trees,text,3. hard,True,reduce-infer-v1,4,4,3,957,65,0,0.0002694,11705.279000000002,0.75,0.30064184258240184,0.9544127391902995,1.0
openai/gpt-5.6-luna,openai/gpt-5.6-luna-20260709,off,trees.indent-jitter-v1,trees,text,3. hard,True,reduce-taught-v1,4,4,1,1025,67,0,0.0002854,12416.606,0.25,0.04558726080970055,0.6993581574175981,1.0
openai/gpt-5.6-luna,openai/gpt-5.6-luna-20260709,off,trees.indent-jitter-v1,trees,text,4. lunatic,False,reduce-infer-v1,4,4,0,1064,64,0,0.0002896,9954.232,0.0,0.0,0.4898908364545973,1.0
openai/gpt-5.6-luna,openai/gpt-5.6-luna-20260709,off,trees.indent-jitter-v1,trees,text,4. lunatic,False,reduce-taught-v1,4,4,2,1132,66,0,0.0003056,9358.687,0.5,0.15003898915214947,0.8499610108478506,1.0
openai/gpt-5.6-luna,openai/gpt-5.6-luna-20260709,off,trees.indent-jitter-v1,trees,text,4. lunatic,True,reduce-infer-v1,4,4,2,1087,66,0,0.0002966,13269.187999999998,0.5,0.15003898915214947,0.8499610108478506,1.0
openai/gpt-5.6-luna,openai/gpt-5.6-luna-20260709,off,trees.indent-jitter-v1,trees,text,4. lunatic,True,reduce-taught-v1,4,4,1,1155,67,0,0.0003114,8074.914,0.25,0.04558726080970055,0.6993581574175981,1.0
openai/gpt-5.6-luna,openai/gpt-5.6-luna-20260709,off,trees.indent-jitter-v1,trees,text,5. extra,False,reduce-infer-v1,4,4,2,1071,66,0,0.0002934,10086.806,0.5,0.15003898915214947,0.8499610108478506,1.0
openai/gpt-5.6-luna,openai/gpt-5.6-luna-20260709,off,trees.indent-jitter-v1,trees,text,5. extra,False,reduce-taught-v1,4,4,1,1139,65,0,0.0003058,13700.219,0.25,0.04558726080970055,0.6993581574175981,1.0
openai/gpt-5.6-luna,openai/gpt-5.6-luna-20260709,off,trees.indent-jitter-v1,trees,text,5. extra,True,reduce-infer-v1,4,4,4,1089,64,0,0.0002946,10294.139,1.0,0.5101091635454027,1.0,1.0
openai/gpt-5.6-luna,openai/gpt-5.6-luna-20260709,off,trees.indent-jitter-v1,trees,text,5. extra,True,reduce-taught-v1,4,4,4,1157,64,0,0.0003082,9967.894999999999,1.0,0.5101091635454027,1.0,1.0
openai/gpt-5.6-luna,openai/gpt-5.6-luna-20260709,off,trees.indent-plain-v1,trees,text,1. easy,False,reduce-infer-v1,4,4,2,701,66,0,0.0002194,4996.407,0.5,0.15003898915214947,0.8499610108478506,1.0
openai/gpt-5.6-luna,openai/gpt-5.6-luna-20260709,off,trees.indent-plain-v1,trees,text,1. easy,False,reduce-taught-v1,4,4,3,769,67,0,0.0002342,7247.719000000001,0.75,0.30064184258240184,0.9544127391902995,1.0
openai/gpt-5.6-luna,openai/gpt-5.6-luna-20260709,off,trees.indent-plain-v1,trees,text,1. easy,True,reduce-infer-v1,4,4,3,702,65,0,0.0002184,5193.263000000001,0.75,0.30064184258240184,0.9544127391902995,1.0
openai/gpt-5.6-luna,openai/gpt-5.6-luna-20260709,off,trees.indent-plain-v1,trees,text,1. easy,True,reduce-taught-v1,4,4,3,770,65,0,0.0002320,4383.277,0.75,0.30064184258240184,0.9544127391902995,1.0
openai/gpt-5.6-luna,openai/gpt-5.6-luna-20260709,off,trees.indent-plain-v1,trees,text,2. medium,False,reduce-infer-v1,4,4,3,806,67,0,0.0002416,7167.174999999999,0.75,0.30064184258240184,0.9544127391902995,1.0
openai/gpt-5.6-luna,openai/gpt-5.6-luna-20260709,off,trees.indent-plain-v1,trees,text,2. medium,False,reduce-taught-v1,4,4,1,874,65,0,0.0002528,6335.076999999999,0.25,0.04558726080970055,0.6993581574175981,1.0
openai/gpt-5.6-luna,openai/gpt-5.6-luna-20260709,off,trees.indent-plain-v1,trees,text,2. medium,True,reduce-infer-v1,4,4,1,787,67,0,0.0002378,6547.0830000000005,0.25,0.04558726080970055,0.6993581574175981,1.0
openai/gpt-5.6-luna,openai/gpt-5.6-luna-20260709,off,trees.indent-plain-v1,trees,text,2. medium,True,reduce-taught-v1,4,4,1,855,67,0,0.0002514,4797.483,0.25,0.04558726080970055,0.6993581574175981,1.0
openai/gpt-5.6-luna,openai/gpt-5.6-luna-20260709,off,trees.indent-plain-v1,trees,text,3. hard,False,reduce-infer-v1,4,4,1,912,65,0,0.0002604,10267.435,0.25,0.04558726080970055,0.6993581574175981,1.0
openai/gpt-5.6-luna,openai/gpt-5.6-luna-20260709,off,trees.indent-plain-v1,trees,text,3. hard,False,reduce-taught-v1,4,4,4,980,68,0,0.0002776,14199.373,1.0,0.5101091635454027,1.0,1.0
openai/gpt-5.6-luna,openai/gpt-5.6-luna-20260709,off,trees.indent-plain-v1,trees,text,3. hard,True,reduce-infer-v1,4,4,3,912,65,0,0.0002604,10189.149,0.75,0.30064184258240184,0.9544127391902995,1.0
openai/gpt-5.6-luna,openai/gpt-5.6-luna-20260709,off,trees.indent-plain-v1,trees,text,3. hard,True,reduce-taught-v1,4,4,2,980,66,0,0.0002752,7755.558,0.5,0.15003898915214947,0.8499610108478506,1.0
openai/gpt-5.6-luna,openai/gpt-5.6-luna-20260709,off,trees.indent-plain-v1,trees,text,4. lunatic,False,reduce-infer-v1,4,4,3,972,67,0,0.0002748,12448.726999999999,0.75,0.30064184258240184,0.9544127391902995,1.0
openai/gpt-5.6-luna,openai/gpt-5.6-luna-20260709,off,trees.indent-plain-v1,trees,text,4. lunatic,False,reduce-taught-v1,4,4,2,1040,66,0,0.0002872,13420.25,0.5,0.15003898915214947,0.8499610108478506,1.0
openai/gpt-5.6-luna,openai/gpt-5.6-luna-20260709,off,trees.indent-plain-v1,trees,text,4. lunatic,True,reduce-infer-v1,4,4,3,972,65,0,0.0002724,12695.351999999999,0.75,0.30064184258240184,0.9544127391902995,1.0
openai/gpt-5.6-luna,openai/gpt-5.6-luna-20260709,off,trees.indent-plain-v1,trees,text,4. lunatic,True,reduce-taught-v1,4,4,3,1040,65,0,0.0002860,8024.093000000001,0.75,0.30064184258240184,0.9544127391902995,1.0
openai/gpt-5.6-luna,openai/gpt-5.6-luna-20260709,off,trees.indent-plain-v1,trees,text,5. extra,False,reduce-infer-v1,4,4,1,1032,65,0,0.0002844,12940.152,0.25,0.04558726080970055,0.6993581574175981,1.0
openai/gpt-5.6-luna,openai/gpt-5.6-luna-20260709,off,trees.indent-plain-v1,trees,text,5. extra,False,reduce-taught-v1,4,4,2,1100,66,0,0.0002992,12600.296,0.5,0.15003898915214947,0.8499610108478506,1.0
openai/gpt-5.6-luna,openai/gpt-5.6-luna-20260709,off,trees.indent-plain-v1,trees,text,5. extra,True,reduce-infer-v1,4,4,3,1029,65,0,0.0002838,10343.407,0.75,0.30064184258240184,0.9544127391902995,1.0
openai/gpt-5.6-luna,openai/gpt-5.6-luna-20260709,off,trees.indent-plain-v1,trees,text,5. extra,True,reduce-taught-v1,4,4,2,1097,66,0,0.0002986,17455.24,0.5,0.15003898915214947,0.8499610108478506,1.0
z-ai/glm-5.2,z-ai/glm-5.2-20260616,off,biopolymer.rna-dotbracket-filler-v1,biopolymer,text,1. easy,False,reduce-infer-v1,4,4,1,648,28,0,0.00012901,12387.536,0.25,0.04558726080970055,0.6993581574175981,1.0
z-ai/glm-5.2,z-ai/glm-5.2-20260616,off,biopolymer.rna-dotbracket-filler-v1,biopolymer,text,1. easy,False,reduce-taught-v1,4,4,2,708,28,0,0.00013741,10441.713,0.5,0.15003898915214947,0.8499610108478506,1.0
z-ai/glm-5.2,z-ai/glm-5.2-20260616,off,biopolymer.rna-dotbracket-filler-v1,biopolymer,text,1. easy,True,reduce-infer-v1,4,4,4,644,27,0,0.00012733,16022.501,1.0,0.5101091635454027,1.0,1.0
z-ai/glm-5.2,z-ai/glm-5.2-20260616,off,biopolymer.rna-dotbracket-filler-v1,biopolymer,text,1. easy,True,reduce-taught-v1,4,4,3,704,28,0,0.00013713,5581.056999999999,0.75,0.30064184258240184,0.9544127391902995,1.0
z-ai/glm-5.2,z-ai/glm-5.2-20260616,off,biopolymer.rna-dotbracket-filler-v1,biopolymer,text,2. medium,False,reduce-infer-v1,4,4,0,818,28,0,0.00026196,3686.108,0.0,0.0,0.4898908364545973,1.0
z-ai/glm-5.2,z-ai/glm-5.2-20260616,off,biopolymer.rna-dotbracket-filler-v1,biopolymer,text,2. medium,False,reduce-taught-v1,4,4,0,878,26,0,0.00027156,3984.693,0.0,0.0,0.4898908364545973,1.0
z-ai/glm-5.2,z-ai/glm-5.2-20260616,off,biopolymer.rna-dotbracket-filler-v1,biopolymer,text,2. medium,True,reduce-infer-v1,4,4,4,794,27,0,0.00020498,6396.174,1.0,0.5101091635454027,1.0,1.0
z-ai/glm-5.2,z-ai/glm-5.2-20260616,off,biopolymer.rna-dotbracket-filler-v1,biopolymer,text,2. medium,True,reduce-taught-v1,4,4,3,854,27,0,0.00021638,5994.123,0.75,0.30064184258240184,0.9544127391902995,1.0
z-ai/glm-5.2,z-ai/glm-5.2-20260616,off,biopolymer.rna-dotbracket-filler-v1,biopolymer,text,3. hard,False,reduce-infer-v1,4,4,1,1018,27,0,0.00030816,7622.964,0.25,0.04558726080970055,0.6993581574175981,1.0
z-ai/glm-5.2,z-ai/glm-5.2-20260616,off,biopolymer.rna-dotbracket-filler-v1,biopolymer,text,3. hard,False,reduce-taught-v1,4,4,1,1078,26,0,0.00032016,8229.193,0.25,0.04558726080970055,0.6993581574175981,1.0
z-ai/glm-5.2,z-ai/glm-5.2-20260616,off,biopolymer.rna-dotbracket-filler-v1,biopolymer,text,3. hard,True,reduce-infer-v1,4,4,4,1028,25,0,0.00030576,5790.638999999999,1.0,0.5101091635454027,1.0,1.0
z-ai/glm-5.2,z-ai/glm-5.2-20260616,off,biopolymer.rna-dotbracket-filler-v1,biopolymer,text,3. hard,True,reduce-taught-v1,4,4,3,1088,28,0,0.00032736,7696.031,0.75,0.30064184258240184,0.9544127391902995,1.0
z-ai/glm-5.2,z-ai/glm-5.2-20260616,off,biopolymer.rna-dotbracket-filler-v1,biopolymer,text,4. lunatic,False,reduce-infer-v1,4,4,1,1118,27,0,0.00033276,8923.443,0.25,0.04558726080970055,0.6993581574175981,1.0
z-ai/glm-5.2,z-ai/glm-5.2-20260616,off,biopolymer.rna-dotbracket-filler-v1,biopolymer,text,4. lunatic,False,reduce-taught-v1,4,4,0,1178,25,0,0.00034236,6998.857,0.0,0.0,0.4898908364545973,1.0
z-ai/glm-5.2,z-ai/glm-5.2-20260616,off,biopolymer.rna-dotbracket-filler-v1,biopolymer,text,4. lunatic,True,reduce-infer-v1,4,4,4,1124,27,0,0.00033348,6818.703,1.0,0.5101091635454027,1.0,1.0
z-ai/glm-5.2,z-ai/glm-5.2-20260616,off,biopolymer.rna-dotbracket-filler-v1,biopolymer,text,4. lunatic,True,reduce-taught-v1,4,4,4,1184,24,0,0.00034068,10543.089,1.0,0.5101091635454027,1.0,1.0
z-ai/glm-5.2,z-ai/glm-5.2-20260616,off,biopolymer.rna-dotbracket-filler-v1,biopolymer,text,5. extra,False,reduce-infer-v1,4,4,0,1174,25,0,0.00034068,6865.972,0.0,0.0,0.4898908364545973,1.0
z-ai/glm-5.2,z-ai/glm-5.2-20260616,off,biopolymer.rna-dotbracket-filler-v1,biopolymer,text,5. extra,False,reduce-taught-v1,4,4,1,1234,27,0,0.00035988,9526.784,0.25,0.04558726080970055,0.6993581574175981,1.0
z-ai/glm-5.2,z-ai/glm-5.2-20260616,off,biopolymer.rna-dotbracket-filler-v1,biopolymer,text,5. extra,True,reduce-infer-v1,4,4,1,1186,29,0,0.00035352,8429.557999999999,0.25,0.04558726080970055,0.6993581574175981,1.0
z-ai/glm-5.2,z-ai/glm-5.2-20260616,off,biopolymer.rna-dotbracket-filler-v1,biopolymer,text,5. extra,True,reduce-taught-v1,4,4,3,1246,27,0,0.00036312,8229.693,0.75,0.30064184258240184,0.9544127391902995,1.0
z-ai/glm-5.2,z-ai/glm-5.2-20260616,off,biopolymer.rna-dotbracket-plain-v1,biopolymer,text,1. easy,False,reduce-infer-v1,4,4,0,620,28,0,0.00012565,13842.557,0.0,0.0,0.4898908364545973,1.0
z-ai/glm-5.2,z-ai/glm-5.2-20260616,off,biopolymer.rna-dotbracket-plain-v1,biopolymer,text,1. easy,False,reduce-taught-v1,4,4,2,680,29,0,0.00013545,7008.386,0.5,0.15003898915214947,0.8499610108478506,1.0
z-ai/glm-5.2,z-ai/glm-5.2-20260616,off,biopolymer.rna-dotbracket-plain-v1,biopolymer,text,1. easy,True,reduce-infer-v1,4,4,4,620,26,0,0.00012285,15380.955,1.0,0.5101091635454027,1.0,1.0
z-ai/glm-5.2,z-ai/glm-5.2-20260616,off,biopolymer.rna-dotbracket-plain-v1,biopolymer,text,1. easy,True,reduce-taught-v1,4,4,3,680,28,0,0.00013405,7597.369,0.75,0.30064184258240184,0.9544127391902995,1.0
z-ai/glm-5.2,z-ai/glm-5.2-20260616,off,biopolymer.rna-dotbracket-plain-v1,biopolymer,text,2. medium,False,reduce-infer-v1,4,4,0,756,28,0,0.00024672,3404.6719999999996,0.0,0.0,0.4898908364545973,1.0
z-ai/glm-5.2,z-ai/glm-5.2-20260616,off,biopolymer.rna-dotbracket-plain-v1,biopolymer,text,2. medium,False,reduce-taught-v1,4,4,1,816,26,0,0.00025632,4668.536,0.25,0.04558726080970055,0.6993581574175981,1.0
z-ai/glm-5.2,z-ai/glm-5.2-20260616,off,biopolymer.rna-dotbracket-plain-v1,biopolymer,text,2. medium,True,reduce-infer-v1,4,4,3,736,28,0,0.00016917,9820.778999999999,0.75,0.30064184258240184,0.9544127391902995,1.0
z-ai/glm-5.2,z-ai/glm-5.2-20260616,off,biopolymer.rna-dotbracket-plain-v1,biopolymer,text,2. medium,True,reduce-taught-v1,4,4,4,796,27,0,0.00020617,5909.041,1.0,0.5101091635454027,1.0,1.0
z-ai/glm-5.2,z-ai/glm-5.2-20260616,off,biopolymer.rna-dotbracket-plain-v1,biopolymer,text,3. hard,False,reduce-infer-v1,4,4,3,896,30,0,0.00028512,6452.598,0.75,0.30064184258240184,0.9544127391902995,1.0
z-ai/glm-5.2,z-ai/glm-5.2-20260616,off,biopolymer.rna-dotbracket-plain-v1,biopolymer,text,3. hard,False,reduce-taught-v1,4,4,0,956,26,0,0.00028992,7974.25,0.0,0.0,0.4898908364545973,1.0
z-ai/glm-5.2,z-ai/glm-5.2-20260616,off,biopolymer.rna-dotbracket-plain-v1,biopolymer,text,3. hard,True,reduce-infer-v1,4,4,2,896,29,0,0.00028272,8374.677,0.5,0.15003898915214947,0.8499610108478506,1.0
z-ai/glm-5.2,z-ai/glm-5.2-20260616,off,biopolymer.rna-dotbracket-plain-v1,biopolymer,text,3. hard,True,reduce-taught-v1,4,4,4,956,28,0,0.00029472,13689.791000000001,1.0,0.5101091635454027,1.0,1.0
z-ai/glm-5.2,z-ai/glm-5.2-20260616,off,biopolymer.rna-dotbracket-plain-v1,biopolymer,text,4. lunatic,False,reduce-infer-v1,4,4,2,976,27,0,0.00029712,8169.598,0.5,0.15003898915214947,0.8499610108478506,1.0
z-ai/glm-5.2,z-ai/glm-5.2-20260616,off,biopolymer.rna-dotbracket-plain-v1,biopolymer,text,4. lunatic,False,reduce-taught-v1,4,4,1,1036,25,0,0.00030672,6900.013,0.25,0.04558726080970055,0.6993581574175981,1.0
z-ai/glm-5.2,z-ai/glm-5.2-20260616,off,biopolymer.rna-dotbracket-plain-v1,biopolymer,text,4. lunatic,True,reduce-infer-v1,4,4,4,976,25,0,0.00029232,7690.476000000001,1.0,0.5101091635454027,1.0,1.0
z-ai/glm-5.2,z-ai/glm-5.2-20260616,off,biopolymer.rna-dotbracket-plain-v1,biopolymer,text,4. lunatic,True,reduce-taught-v1,4,4,3,1036,26,0,0.00030912,7129.503000000001,0.75,0.30064184258240184,0.9544127391902995,1.0
z-ai/glm-5.2,z-ai/glm-5.2-20260616,off,biopolymer.rna-dotbracket-plain-v1,biopolymer,text,5. extra,False,reduce-infer-v1,4,4,2,1056,28,0,0.00031872,10396.873,0.5,0.15003898915214947,0.8499610108478506,1.0
z-ai/glm-5.2,z-ai/glm-5.2-20260616,off,biopolymer.rna-dotbracket-plain-v1,biopolymer,text,5. extra,False,reduce-taught-v1,4,4,2,1116,29,0,0.00033552,8091.988,0.5,0.15003898915214947,0.8499610108478506,1.0
z-ai/glm-5.2,z-ai/glm-5.2-20260616,off,biopolymer.rna-dotbracket-plain-v1,biopolymer,text,5. extra,True,reduce-infer-v1,4,4,4,1056,26,0,0.00031392,5666.2390000000005,1.0,0.5101091635454027,1.0,1.0
z-ai/glm-5.2,z-ai/glm-5.2-20260616,off,biopolymer.rna-dotbracket-plain-v1,biopolymer,text,5. extra,True,reduce-taught-v1,4,4,3,1116,26,0,0.00032832,8416.518,0.75,0.30064184258240184,0.9544127391902995,1.0
z-ai/glm-5.2,z-ai/glm-5.2-20260616,off,embedding.center-clause-jitter-v1,embedding,text,1. easy,False,reduce-infer-v1,4,4,0,630,25,0,0.00012285,13771.253999999999,0.0,0.0,0.4898908364545973,1.0
z-ai/glm-5.2,z-ai/glm-5.2-20260616,off,embedding.center-clause-jitter-v1,embedding,text,1. easy,False,reduce-taught-v1,4,4,0,694,25,0,0.00013153,13017.422999999999,0.0,0.0,0.4898908364545973,1.0
z-ai/glm-5.2,z-ai/glm-5.2-20260616,off,embedding.center-clause-jitter-v1,embedding,text,1. easy,True,reduce-infer-v1,4,4,2,627,26,0,0.00012369,16691.261,0.5,0.15003898915214947,0.8499610108478506,1.0
z-ai/glm-5.2,z-ai/glm-5.2-20260616,off,embedding.center-clause-jitter-v1,embedding,text,1. easy,True,reduce-taught-v1,4,4,4,691,24,0,0.00012957,12556.952000000001,1.0,0.5101091635454027,1.0,1.0
z-ai/glm-5.2,z-ai/glm-5.2-20260616,off,embedding.center-clause-jitter-v1,embedding,text,2. medium,False,reduce-infer-v1,4,4,0,808,25,0,0.00025296,4687.370999999999,0.0,0.0,0.4898908364545973,1.0
z-ai/glm-5.2,z-ai/glm-5.2-20260616,off,embedding.center-clause-jitter-v1,embedding,text,2. medium,False,reduce-taught-v1,4,4,1,872,28,0,0.00027564,3527.1310000000003,0.25,0.04558726080970055,0.6993581574175981,1.0
z-ai/glm-5.2,z-ai/glm-5.2-20260616,off,embedding.center-clause-jitter-v1,embedding,text,2. medium,True,reduce-infer-v1,4,4,4,772,24,0,0.00019579,15064.636999999999,1.0,0.5101091635454027,1.0,1.0
z-ai/glm-5.2,z-ai/glm-5.2-20260616,off,embedding.center-clause-jitter-v1,embedding,text,2. medium,True,reduce-taught-v1,4,4,4,836,25,0,0.00020932,12654.719000000001,1.0,0.5101091635454027,1.0,1.0
z-ai/glm-5.2,z-ai/glm-5.2-20260616,off,embedding.center-clause-jitter-v1,embedding,text,3. hard,False,reduce-infer-v1,4,4,1,967,25,0,0.00029124,8067.65,0.25,0.04558726080970055,0.6993581574175981,1.0
z-ai/glm-5.2,z-ai/glm-5.2-20260616,off,embedding.center-clause-jitter-v1,embedding,text,3. hard,False,reduce-taught-v1,4,4,1,1031,25,0,0.00030672,6442.655000000001,0.25,0.04558726080970055,0.6993581574175981,1.0
z-ai/glm-5.2,z-ai/glm-5.2-20260616,off,embedding.center-clause-jitter-v1,embedding,text,3. hard,True,reduce-infer-v1,4,4,3,961,25,0,0.00028932,12879.880000000001,0.75,0.30064184258240184,0.9544127391902995,1.0
z-ai/glm-5.2,z-ai/glm-5.2-20260616,off,embedding.center-clause-jitter-v1,embedding,text,3. hard,True,reduce-taught-v1,4,4,3,1025,25,0,0.00030540,7460.881,0.75,0.30064184258240184,0.9544127391902995,1.0
z-ai/glm-5.2,z-ai/glm-5.2-20260616,off,embedding.center-clause-jitter-v1,embedding,text,4. lunatic,False,reduce-infer-v1,4,4,0,1048,24,0,0.00030756,20975.349,0.0,0.0,0.4898908364545973,1.0
z-ai/glm-5.2,z-ai/glm-5.2-20260616,off,embedding.center-clause-jitter-v1,embedding,text,4. lunatic,False,reduce-taught-v1,4,4,0,1112,24,0,0.00032364,18399.388,0.0,0.0,0.4898908364545973,1.0
z-ai/glm-5.2,z-ai/glm-5.2-20260616,off,embedding.center-clause-jitter-v1,embedding,text,4. lunatic,True,reduce-infer-v1,4,4,2,1032,26,0,0.00030864,11238.849999999999,0.5,0.15003898915214947,0.8499610108478506,1.0
z-ai/glm-5.2,z-ai/glm-5.2-20260616,off,embedding.center-clause-jitter-v1,embedding,text,4. lunatic,True,reduce-taught-v1,4,4,3,1096,25,0,0.00032172,9998.025000000001,0.75,0.30064184258240184,0.9544127391902995,1.0
z-ai/glm-5.2,z-ai/glm-5.2-20260616,off,embedding.center-clause-jitter-v1,embedding,text,5. extra,False,reduce-infer-v1,4,4,0,1173,24,0,0.00033816,7382.849999999999,0.0,0.0,0.4898908364545973,1.0
z-ai/glm-5.2,z-ai/glm-5.2-20260616,off,embedding.center-clause-jitter-v1,embedding,text,5. extra,False,reduce-taught-v1,4,4,1,1237,25,0,0.00035664,6976.473,0.25,0.04558726080970055,0.6993581574175981,1.0
z-ai/glm-5.2,z-ai/glm-5.2-20260616,off,embedding.center-clause-jitter-v1,embedding,text,5. extra,True,reduce-infer-v1,4,4,3,1182,25,0,0.00034284,5259.449,0.75,0.30064184258240184,0.9544127391902995,1.0
z-ai/glm-5.2,z-ai/glm-5.2-20260616,off,embedding.center-clause-jitter-v1,embedding,text,5. extra,True,reduce-taught-v1,4,4,4,1246,24,0,0.00035592,7231.012000000001,1.0,0.5101091635454027,1.0,1.0
z-ai/glm-5.2,z-ai/glm-5.2-20260616,off,embedding.center-clause-plain-v1,embedding,text,1. easy,False,reduce-infer-v1,4,4,0,630,24,0,0.00012145,11042.615,0.0,0.0,0.4898908364545973,1.0
z-ai/glm-5.2,z-ai/glm-5.2-20260616,off,embedding.center-clause-plain-v1,embedding,text,1. easy,False,reduce-taught-v1,4,4,1,694,27,0,0.00013433,8510.758,0.25,0.04558726080970055,0.6993581574175981,1.0
z-ai/glm-5.2,z-ai/glm-5.2-20260616,off,embedding.center-clause-plain-v1,embedding,text,1. easy,True,reduce-infer-v1,4,4,4,627,24,0,0.00012089,22842.37,1.0,0.5101091635454027,1.0,1.0
z-ai/glm-5.2,z-ai/glm-5.2-20260616,off,embedding.center-clause-plain-v1,embedding,text,1. easy,True,reduce-taught-v1,4,4,4,691,24,0,0.00012957,15502.235,1.0,0.5101091635454027,1.0,1.0
z-ai/glm-5.2,z-ai/glm-5.2-20260616,off,embedding.center-clause-plain-v1,embedding,text,2. medium,False,reduce-infer-v1,4,4,0,808,24,0,0.00025056,5767.049999999999,0.0,0.0,0.4898908364545973,1.0
z-ai/glm-5.2,z-ai/glm-5.2-20260616,off,embedding.center-clause-plain-v1,embedding,text,2. medium,False,reduce-taught-v1,4,4,1,872,26,0,0.00027084,3720.246,0.25,0.04558726080970055,0.6993581574175981,1.0
z-ai/glm-5.2,z-ai/glm-5.2-20260616,off,embedding.center-clause-plain-v1,embedding,text,2. medium,True,reduce-infer-v1,4,4,3,772,25,0,0.00016964,5293.2029999999995,0.75,0.30064184258240184,0.9544127391902995,1.0
z-ai/glm-5.2,z-ai/glm-5.2-20260616,off,embedding.center-clause-plain-v1,embedding,text,2. medium,True,reduce-taught-v1,4,4,4,836,26,0,0.00021172,8058.9879999999985,1.0,0.5101091635454027,1.0,1.0
z-ai/glm-5.2,z-ai/glm-5.2-20260616,off,embedding.center-clause-plain-v1,embedding,text,3. hard,False,reduce-infer-v1,4,4,0,967,25,0,0.00029124,6840.9619999999995,0.0,0.0,0.4898908364545973,1.0
z-ai/glm-5.2,z-ai/glm-5.2-20260616,off,embedding.center-clause-plain-v1,embedding,text,3. hard,False,reduce-taught-v1,4,4,0,1031,24,0,0.00030432,8801.003,0.0,0.0,0.4898908364545973,1.0
z-ai/glm-5.2,z-ai/glm-5.2-20260616,off,embedding.center-clause-plain-v1,embedding,text,3. hard,True,reduce-infer-v1,4,4,3,961,25,0,0.00028932,9555.4,0.75,0.30064184258240184,0.9544127391902995,1.0
z-ai/glm-5.2,z-ai/glm-5.2-20260616,off,embedding.center-clause-plain-v1,embedding,text,3. hard,True,reduce-taught-v1,4,4,4,1025,26,0,0.00030780,12877.856999999998,1.0,0.5101091635454027,1.0,1.0
z-ai/glm-5.2,z-ai/glm-5.2-20260616,off,embedding.center-clause-plain-v1,embedding,text,4. lunatic,False,reduce-infer-v1,4,4,0,1048,25,0,0.00030996,22912.285,0.0,0.0,0.4898908364545973,1.0
z-ai/glm-5.2,z-ai/glm-5.2-20260616,off,embedding.center-clause-plain-v1,embedding,text,4. lunatic,False,reduce-taught-v1,4,4,0,1112,24,0,0.00032364,26899.149,0.0,0.0,0.4898908364545973,1.0
z-ai/glm-5.2,z-ai/glm-5.2-20260616,off,embedding.center-clause-plain-v1,embedding,text,4. lunatic,True,reduce-infer-v1,4,4,2,1032,26,0,0.00030864,10909.560999999998,0.5,0.15003898915214947,0.8499610108478506,1.0
z-ai/glm-5.2,z-ai/glm-5.2-20260616,off,embedding.center-clause-plain-v1,embedding,text,4. lunatic,True,reduce-taught-v1,4,4,4,1096,26,0,0.00032412,6767.528,1.0,0.5101091635454027,1.0,1.0
z-ai/glm-5.2,z-ai/glm-5.2-20260616,off,embedding.center-clause-plain-v1,embedding,text,5. extra,False,reduce-infer-v1,4,4,0,1173,25,0,0.00034056,11317.928,0.0,0.0,0.4898908364545973,1.0
z-ai/glm-5.2,z-ai/glm-5.2-20260616,off,embedding.center-clause-plain-v1,embedding,text,5. extra,False,reduce-taught-v1,4,4,0,1237,25,0,0.00035664,7018.753000000001,0.0,0.0,0.4898908364545973,1.0
z-ai/glm-5.2,z-ai/glm-5.2-20260616,off,embedding.center-clause-plain-v1,embedding,text,5. extra,True,reduce-infer-v1,4,4,4,1182,24,0,0.00034044,7026.352,1.0,0.5101091635454027,1.0,1.0
z-ai/glm-5.2,z-ai/glm-5.2-20260616,off,embedding.center-clause-plain-v1,embedding,text,5. extra,True,reduce-taught-v1,4,4,4,1246,25,0,0.00035832,8508.903999999999,1.0,0.5101091635454027,1.0,1.0
z-ai/glm-5.2,z-ai/glm-5.2-20260616,off,parens.jitter-v1,parens,text,1. easy,False,reduce-infer-v1,4,4,0,508,26,0,0.00010696,10043.482,0.0,0.0,0.4898908364545973,1.0
z-ai/glm-5.2,z-ai/glm-5.2-20260616,off,parens.jitter-v1,parens,text,1. easy,False,reduce-taught-v1,4,4,1,568,27,0,0.00011676,8802.026,0.25,0.04558726080970055,0.6993581574175981,1.0
z-ai/glm-5.2,z-ai/glm-5.2-20260616,off,parens.jitter-v1,parens,text,1. easy,True,reduce-infer-v1,4,4,3,507,28,0,0.00010969,10571.469000000001,0.75,0.30064184258240184,0.9544127391902995,1.0
z-ai/glm-5.2,z-ai/glm-5.2-20260616,off,parens.jitter-v1,parens,text,1. easy,True,reduce-taught-v1,4,4,2,567,28,0,0.00011809,11493.32,0.5,0.15003898915214947,0.8499610108478506,1.0
z-ai/glm-5.2,z-ai/glm-5.2-20260616,off,parens.jitter-v1,parens,text,2. medium,False,reduce-infer-v1,4,4,1,544,26,0,0.00019188,4264.302,0.25,0.04558726080970055,0.6993581574175981,1.0
z-ai/glm-5.2,z-ai/glm-5.2-20260616,off,parens.jitter-v1,parens,text,2. medium,False,reduce-taught-v1,4,4,1,604,26,0,0.00019728,3751.022,0.25,0.04558726080970055,0.6993581574175981,1.0
z-ai/glm-5.2,z-ai/glm-5.2-20260616,off,parens.jitter-v1,parens,text,2. medium,True,reduce-infer-v1,4,4,3,538,26,0,0.00013181,8693.827000000001,0.75,0.30064184258240184,0.9544127391902995,1.0
z-ai/glm-5.2,z-ai/glm-5.2-20260616,off,parens.jitter-v1,parens,text,2. medium,True,reduce-taught-v1,4,4,3,598,25,0,0.00015166,7826.117,0.75,0.30064184258240184,0.9544127391902995,1.0
z-ai/glm-5.2,z-ai/glm-5.2-20260616,off,parens.jitter-v1,parens,text,3. hard,False,reduce-infer-v1,4,4,0,579,27,0,0.00020268,7599.304,0.0,0.0,0.4898908364545973,1.0
z-ai/glm-5.2,z-ai/glm-5.2-20260616,off,parens.jitter-v1,parens,text,3. hard,False,reduce-taught-v1,4,4,0,639,26,0,0.00021468,9356.582,0.0,0.0,0.4898908364545973,1.0
z-ai/glm-5.2,z-ai/glm-5.2-20260616,off,parens.jitter-v1,parens,text,3. hard,True,reduce-infer-v1,4,4,2,578,27,0,0.00020256,14453.663999999999,0.5,0.15003898915214947,0.8499610108478506,1.0
z-ai/glm-5.2,z-ai/glm-5.2-20260616,off,parens.jitter-v1,parens,text,3. hard,True,reduce-taught-v1,4,4,2,638,29,0,0.00022116,24807.222,0.5,0.15003898915214947,0.8499610108478506,1.0
z-ai/glm-5.2,z-ai/glm-5.2-20260616,off,parens.jitter-v1,parens,text,4. lunatic,False,reduce-infer-v1,4,4,0,599,27,0,0.00020808,14497.437,0.0,0.0,0.4898908364545973,1.0
z-ai/glm-5.2,z-ai/glm-5.2-20260616,off,parens.jitter-v1,parens,text,4. lunatic,False,reduce-taught-v1,4,4,1,659,27,0,0.00022248,20158.826999999997,0.25,0.04558726080970055,0.6993581574175981,1.0
z-ai/glm-5.2,z-ai/glm-5.2-20260616,off,parens.jitter-v1,parens,text,4. lunatic,True,reduce-infer-v1,4,4,4,602,26,0,0.00020604,6669.523999999999,1.0,0.5101091635454027,1.0,1.0
z-ai/glm-5.2,z-ai/glm-5.2-20260616,off,parens.jitter-v1,parens,text,4. lunatic,True,reduce-taught-v1,4,4,3,662,26,0,0.00022044,6962.75,0.75,0.30064184258240184,0.9544127391902995,1.0
z-ai/glm-5.2,z-ai/glm-5.2-20260616,off,parens.jitter-v1,parens,text,5. extra,False,reduce-infer-v1,4,4,0,618,26,0,0.00020976,9150.135999999999,0.0,0.0,0.4898908364545973,1.0
z-ai/glm-5.2,z-ai/glm-5.2-20260616,off,parens.jitter-v1,parens,text,5. extra,False,reduce-taught-v1,4,4,1,678,26,0,0.00022416,11409.415,0.25,0.04558726080970055,0.6993581574175981,1.0
z-ai/glm-5.2,z-ai/glm-5.2-20260616,off,parens.jitter-v1,parens,text,5. extra,True,reduce-infer-v1,4,4,4,628,26,0,0.00021156,8218.623,1.0,0.5101091635454027,1.0,1.0
z-ai/glm-5.2,z-ai/glm-5.2-20260616,off,parens.jitter-v1,parens,text,5. extra,True,reduce-taught-v1,4,4,3,688,25,0,0.00022356,8638.493,0.75,0.30064184258240184,0.9544127391902995,1.0
z-ai/glm-5.2,z-ai/glm-5.2-20260616,off,parens.noisy-mismatched-v1,parens,text,1. easy,False,reduce-infer-v1,4,4,1,550,26,0,0.00011270,16344.929,0.25,0.04558726080970055,0.6993581574175981,1.0
z-ai/glm-5.2,z-ai/glm-5.2-20260616,off,parens.noisy-mismatched-v1,parens,text,1. easy,False,reduce-taught-v1,4,4,1,610,26,0,0.00011970,11782.991000000002,0.25,0.04558726080970055,0.6993581574175981,1.0
z-ai/glm-5.2,z-ai/glm-5.2-20260616,off,parens.noisy-mismatched-v1,parens,text,1. easy,True,reduce-infer-v1,4,4,4,551,24,0,0.00011032,13446.065999999999,1.0,0.5101091635454027,1.0,1.0
z-ai/glm-5.2,z-ai/glm-5.2-20260616,off,parens.noisy-mismatched-v1,parens,text,1. easy,True,reduce-taught-v1,3,3,3,460,19,0,0.00009065,7228.647000000001,1.0,0.4385029682449546,1.0,1.0
z-ai/glm-5.2,z-ai/glm-5.2-20260616,off,parens.noisy-mismatched-v1,parens,text,2. medium,False,reduce-infer-v1,4,4,0,627,24,0,0.00020664,4038.577,0.0,0.0,0.4898908364545973,1.0
z-ai/glm-5.2,z-ai/glm-5.2-20260616,off,parens.noisy-mismatched-v1,parens,text,2. medium,False,reduce-taught-v1,4,4,0,687,26,0,0.00022284,4638.228999999999,0.0,0.0,0.4898908364545973,1.0
z-ai/glm-5.2,z-ai/glm-5.2-20260616,off,parens.noisy-mismatched-v1,parens,text,2. medium,True,reduce-infer-v1,4,4,4,617,25,0,0.00016434,6680.632,1.0,0.5101091635454027,1.0,1.0
z-ai/glm-5.2,z-ai/glm-5.2-20260616,off,parens.noisy-mismatched-v1,parens,text,2. medium,True,reduce-taught-v1,4,4,4,677,25,0,0.00017574,6957.839,1.0,0.5101091635454027,1.0,1.0
z-ai/glm-5.2,z-ai/glm-5.2-20260616,off,parens.noisy-mismatched-v1,parens,text,3. hard,False,reduce-infer-v1,4,4,0,688,24,0,0.00022176,8458.643,0.0,0.0,0.4898908364545973,1.0
z-ai/glm-5.2,z-ai/glm-5.2-20260616,off,parens.noisy-mismatched-v1,parens,text,3. hard,False,reduce-taught-v1,4,4,0,748,24,0,0.00023616,6138.125,0.0,0.0,0.4898908364545973,1.0
z-ai/glm-5.2,z-ai/glm-5.2-20260616,off,parens.noisy-mismatched-v1,parens,text,3. hard,True,reduce-infer-v1,4,4,4,693,24,0,0.00022296,15406.466,1.0,0.5101091635454027,1.0,1.0
z-ai/glm-5.2,z-ai/glm-5.2-20260616,off,parens.noisy-mismatched-v1,parens,text,3. hard,True,reduce-taught-v1,4,4,4,753,25,0,0.00023976,6486.121,1.0,0.5101091635454027,1.0,1.0
z-ai/glm-5.2,z-ai/glm-5.2-20260616,off,parens.noisy-mismatched-v1,parens,text,4. lunatic,False,reduce-infer-v1,4,4,0,755,24,0,0.00023820,16826.864999999998,0.0,0.0,0.4898908364545973,1.0
z-ai/glm-5.2,z-ai/glm-5.2-20260616,off,parens.noisy-mismatched-v1,parens,text,4. lunatic,False,reduce-taught-v1,4,4,0,815,24,0,0.00025260,7220.68,0.0,0.0,0.4898908364545973,1.0
z-ai/glm-5.2,z-ai/glm-5.2-20260616,off,parens.noisy-mismatched-v1,parens,text,4. lunatic,True,reduce-infer-v1,4,4,4,744,24,0,0.00023508,7755.367,1.0,0.5101091635454027,1.0,1.0
z-ai/glm-5.2,z-ai/glm-5.2-20260616,off,parens.noisy-mismatched-v1,parens,text,4. lunatic,True,reduce-taught-v1,4,4,4,804,24,0,0.00024948,10126.572,1.0,0.5101091635454027,1.0,1.0
z-ai/glm-5.2,z-ai/glm-5.2-20260616,off,parens.noisy-mismatched-v1,parens,text,5. extra,False,reduce-infer-v1,4,4,0,798,24,0,0.00024876,10106.348000000002,0.0,0.0,0.4898908364545973,1.0
z-ai/glm-5.2,z-ai/glm-5.2-20260616,off,parens.noisy-mismatched-v1,parens,text,5. extra,False,reduce-taught-v1,4,4,0,858,24,0,0.00026316,10089.306,0.0,0.0,0.4898908364545973,1.0
z-ai/glm-5.2,z-ai/glm-5.2-20260616,off,parens.noisy-mismatched-v1,parens,text,5. extra,True,reduce-infer-v1,4,4,4,790,24,0,0.00024600,15987.404,1.0,0.5101091635454027,1.0,1.0
z-ai/glm-5.2,z-ai/glm-5.2-20260616,off,parens.noisy-mismatched-v1,parens,text,5. extra,True,reduce-taught-v1,4,4,4,850,24,0,0.00026040,13703.605000000001,1.0,0.5101091635454027,1.0,1.0
z-ai/glm-5.2,z-ai/glm-5.2-20260616,off,parens.noisy-v1,parens,text,1. easy,False,reduce-infer-v1,4,4,0,533,25,0,0.00010906,13897.14,0.0,0.0,0.4898908364545973,1.0
z-ai/glm-5.2,z-ai/glm-5.2-20260616,off,parens.noisy-v1,parens,text,1. easy,False,reduce-taught-v1,4,4,0,593,25,0,0.00011431,6586.325,0.0,0.0,0.4898908364545973,1.0
z-ai/glm-5.2,z-ai/glm-5.2-20260616,off,parens.noisy-v1,parens,text,1. easy,True,reduce-infer-v1,4,4,3,533,27,0,0.00011221,18642.009000000002,0.75,0.30064184258240184,0.9544127391902995,1.0
z-ai/glm-5.2,z-ai/glm-5.2-20260616,off,parens.noisy-v1,parens,text,1. easy,True,reduce-taught-v1,4,4,4,593,26,0,0.00011431,16786.989,1.0,0.5101091635454027,1.0,1.0
z-ai/glm-5.2,z-ai/glm-5.2-20260616,off,parens.noisy-v1,parens,text,2. medium,False,reduce-infer-v1,4,4,1,590,27,0,0.00020520,3050.2810000000004,0.25,0.04558726080970055,0.6993581574175981,1.0
z-ai/glm-5.2,z-ai/glm-5.2-20260616,off,parens.noisy-v1,parens,text,2. medium,False,reduce-taught-v1,4,4,1,650,28,0,0.00021840,7261.516,0.25,0.04558726080970055,0.6993581574175981,1.0
z-ai/glm-5.2,z-ai/glm-5.2-20260616,off,parens.noisy-v1,parens,text,2. medium,True,reduce-infer-v1,4,4,2,640,27,0,0.00017430,5009.247,0.5,0.15003898915214947,0.8499610108478506,1.0
z-ai/glm-5.2,z-ai/glm-5.2-20260616,off,parens.noisy-v1,parens,text,2. medium,True,reduce-taught-v1,4,4,2,700,29,0,0.00016480,5030.324,0.5,0.15003898915214947,0.8499610108478506,1.0
z-ai/glm-5.2,z-ai/glm-5.2-20260616,off,parens.noisy-v1,parens,text,3. hard,False,reduce-infer-v1,4,4,1,667,28,0,0.00022584,11006.36,0.25,0.04558726080970055,0.6993581574175981,1.0
z-ai/glm-5.2,z-ai/glm-5.2-20260616,off,parens.noisy-v1,parens,text,3. hard,False,reduce-taught-v1,4,4,0,727,27,0,0.00023784,9349.492,0.0,0.0,0.4898908364545973,1.0
z-ai/glm-5.2,z-ai/glm-5.2-20260616,off,parens.noisy-v1,parens,text,3. hard,True,reduce-infer-v1,4,4,4,658,25,0,0.00021696,7856.075,1.0,0.5101091635454027,1.0,1.0
z-ai/glm-5.2,z-ai/glm-5.2-20260616,off,parens.noisy-v1,parens,text,3. hard,True,reduce-taught-v1,4,4,3,718,25,0,0.00023136,8212.91,0.75,0.30064184258240184,0.9544127391902995,1.0
z-ai/glm-5.2,z-ai/glm-5.2-20260616,off,parens.noisy-v1,parens,text,4. lunatic,False,reduce-infer-v1,4,4,0,688,26,0,0.00022656,13511.672999999999,0.0,0.0,0.4898908364545973,1.0
z-ai/glm-5.2,z-ai/glm-5.2-20260616,off,parens.noisy-v1,parens,text,4. lunatic,False,reduce-taught-v1,4,4,1,748,26,0,0.00024096,11755.796999999999,0.25,0.04558726080970055,0.6993581574175981,1.0
z-ai/glm-5.2,z-ai/glm-5.2-20260616,off,parens.noisy-v1,parens,text,4. lunatic,True,reduce-infer-v1,4,4,4,655,25,0,0.00021660,5538.549,1.0,0.5101091635454027,1.0,1.0
z-ai/glm-5.2,z-ai/glm-5.2-20260616,off,parens.noisy-v1,parens,text,4. lunatic,True,reduce-taught-v1,4,4,3,715,25,0,0.00023100,8076.787,0.75,0.30064184258240184,0.9544127391902995,1.0
z-ai/glm-5.2,z-ai/glm-5.2-20260616,off,parens.noisy-v1,parens,text,5. extra,False,reduce-infer-v1,4,4,0,748,25,0,0.00023916,9303.737,0.0,0.0,0.4898908364545973,1.0
z-ai/glm-5.2,z-ai/glm-5.2-20260616,off,parens.noisy-v1,parens,text,5. extra,False,reduce-taught-v1,4,4,0,808,24,0,0.00025116,8460.537,0.0,0.0,0.4898908364545973,1.0
z-ai/glm-5.2,z-ai/glm-5.2-20260616,off,parens.noisy-v1,parens,text,5. extra,True,reduce-infer-v1,4,4,4,799,24,0,0.00024768,9664.738,1.0,0.5101091635454027,1.0,1.0
z-ai/glm-5.2,z-ai/glm-5.2-20260616,off,parens.noisy-v1,parens,text,5. extra,True,reduce-taught-v1,4,4,3,859,27,0,0.00026928,10981.316,0.75,0.30064184258240184,0.9544127391902995,1.0
z-ai/glm-5.2,z-ai/glm-5.2-20260616,off,parens.reference-v1,parens,text,1. easy,False,reduce-infer-v1,4,4,0,498,26,0,0.00010556,9047.145,0.0,0.0,0.4898908364545973,1.0
z-ai/glm-5.2,z-ai/glm-5.2-20260616,off,parens.reference-v1,parens,text,1. easy,False,reduce-taught-v1,4,4,1,558,25,0,0.00010696,8012.494000000001,0.25,0.04558726080970055,0.6993581574175981,1.0
z-ai/glm-5.2,z-ai/glm-5.2-20260616,off,parens.reference-v1,parens,text,1. easy,True,reduce-infer-v1,4,4,3,499,28,0,0.00010843,3944.423,0.75,0.30064184258240184,0.9544127391902995,1.0
z-ai/glm-5.2,z-ai/glm-5.2-20260616,off,parens.reference-v1,parens,text,1. easy,True,reduce-taught-v1,4,4,3,559,27,0,0.00010003,32469.085,0.75,0.30064184258240184,0.9544127391902995,1.0
z-ai/glm-5.2,z-ai/glm-5.2-20260616,off,parens.reference-v1,parens,text,2. medium,False,reduce-infer-v1,4,4,1,522,25,0,0.00018444,3423.651,0.25,0.04558726080970055,0.6993581574175981,1.0
z-ai/glm-5.2,z-ai/glm-5.2-20260616,off,parens.reference-v1,parens,text,2. medium,False,reduce-taught-v1,4,4,0,582,24,0,0.00017484,4811.664,0.0,0.0,0.4898908364545973,1.0
z-ai/glm-5.2,z-ai/glm-5.2-20260616,off,parens.reference-v1,parens,text,2. medium,True,reduce-infer-v1,4,4,2,517,28,0,0.00013219,4556.672,0.5,0.15003898915214947,0.8499610108478506,1.0
z-ai/glm-5.2,z-ai/glm-5.2-20260616,off,parens.reference-v1,parens,text,2. medium,True,reduce-taught-v1,4,4,3,577,27,0,0.00014514,6424.455000000001,0.75,0.30064184258240184,0.9544127391902995,1.0
z-ai/glm-5.2,z-ai/glm-5.2-20260616,off,parens.reference-v1,parens,text,3. hard,False,reduce-infer-v1,4,4,0,554,27,0,0.00019608,9122.060000000001,0.0,0.0,0.4898908364545973,1.0
z-ai/glm-5.2,z-ai/glm-5.2-20260616,off,parens.reference-v1,parens,text,3. hard,False,reduce-taught-v1,4,4,0,614,24,0,0.00019488,6910.852000000001,0.0,0.0,0.4898908364545973,1.0
z-ai/glm-5.2,z-ai/glm-5.2-20260616,off,parens.reference-v1,parens,text,3. hard,True,reduce-infer-v1,4,4,2,555,28,0,0.00019860,6188.96,0.5,0.15003898915214947,0.8499610108478506,1.0
z-ai/glm-5.2,z-ai/glm-5.2-20260616,off,parens.reference-v1,parens,text,3. hard,True,reduce-taught-v1,4,4,4,615,26,0,0.00020040,8077.331999999999,1.0,0.5101091635454027,1.0,1.0
z-ai/glm-5.2,z-ai/glm-5.2-20260616,off,parens.reference-v1,parens,text,4. lunatic,False,reduce-infer-v1,4,4,1,571,27,0,0.00020052,10530.831,0.25,0.04558726080970055,0.6993581574175981,1.0
z-ai/glm-5.2,z-ai/glm-5.2-20260616,off,parens.reference-v1,parens,text,4. lunatic,False,reduce-taught-v1,3,3,2,474,20,0,0.00016008,7586.889,0.6666666666666666,0.2076596008020477,0.9385080552796037,1.0
z-ai/glm-5.2,z-ai/glm-5.2-20260616,off,parens.reference-v1,parens,text,4. lunatic,True,reduce-infer-v1,4,4,2,569,28,0,0.00020268,6011.343000000001,0.5,0.15003898915214947,0.8499610108478506,1.0
z-ai/glm-5.2,z-ai/glm-5.2-20260616,off,parens.reference-v1,parens,text,4. lunatic,True,reduce-taught-v1,4,4,3,629,25,0,0.00020568,8067.754,0.75,0.30064184258240184,0.9544127391902995,1.0
z-ai/glm-5.2,z-ai/glm-5.2-20260616,off,parens.reference-v1,parens,text,5. extra,False,reduce-infer-v1,4,4,1,577,27,0,0.00020244,13994.521,0.25,0.04558726080970055,0.6993581574175981,1.0
z-ai/glm-5.2,z-ai/glm-5.2-20260616,off,parens.reference-v1,parens,text,5. extra,False,reduce-taught-v1,4,4,1,637,26,0,0.00021444,9202.894,0.25,0.04558726080970055,0.6993581574175981,1.0
z-ai/glm-5.2,z-ai/glm-5.2-20260616,off,parens.reference-v1,parens,text,5. extra,True,reduce-infer-v1,4,4,3,578,27,0,0.00020256,7349.907999999999,0.75,0.30064184258240184,0.9544127391902995,1.0
z-ai/glm-5.2,z-ai/glm-5.2-20260616,off,parens.reference-v1,parens,text,5. extra,True,reduce-taught-v1,4,4,3,638,25,0,0.00021156,7365.317000000001,0.75,0.30064184258240184,0.9544127391902995,1.0
z-ai/glm-5.2,z-ai/glm-5.2-20260616,off,parens.word-brackets-mismatched-v1,parens,text,1. easy,False,reduce-infer-v1,4,4,1,538,26,0,0.00011151,7968.965999999999,0.25,0.04558726080970055,0.6993581574175981,1.0
z-ai/glm-5.2,z-ai/glm-5.2-20260616,off,parens.word-brackets-mismatched-v1,parens,text,1. easy,False,reduce-taught-v1,4,4,1,606,27,0,0.00012012,13842.136,0.25,0.04558726080970055,0.6993581574175981,1.0
z-ai/glm-5.2,z-ai/glm-5.2-20260616,off,parens.word-brackets-mismatched-v1,parens,text,1. easy,True,reduce-infer-v1,4,4,3,538,27,0,0.00011291,9207.494999999999,0.75,0.30064184258240184,0.9544127391902995,1.0
z-ai/glm-5.2,z-ai/glm-5.2-20260616,off,parens.word-brackets-mismatched-v1,parens,text,1. easy,True,reduce-taught-v1,4,4,3,606,29,0,0.00012502,6553.576000000001,0.75,0.30064184258240184,0.9544127391902995,1.0
z-ai/glm-5.2,z-ai/glm-5.2-20260616,off,parens.word-brackets-mismatched-v1,parens,text,2. medium,False,reduce-infer-v1,4,4,1,606,26,0,0.00020592,4873.441,0.25,0.04558726080970055,0.6993581574175981,1.0
z-ai/glm-5.2,z-ai/glm-5.2-20260616,off,parens.word-brackets-mismatched-v1,parens,text,2. medium,False,reduce-taught-v1,4,4,1,674,26,0,0.00022368,5266.044,0.25,0.04558726080970055,0.6993581574175981,1.0
z-ai/glm-5.2,z-ai/glm-5.2-20260616,off,parens.word-brackets-mismatched-v1,parens,text,2. medium,True,reduce-infer-v1,4,4,2,596,26,0,0.00016362,4344.633,0.5,0.15003898915214947,0.8499610108478506,1.0
z-ai/glm-5.2,z-ai/glm-5.2-20260616,off,parens.word-brackets-mismatched-v1,parens,text,2. medium,True,reduce-taught-v1,4,4,2,664,27,0,0.00017818,6850.503,0.5,0.15003898915214947,0.8499610108478506,1.0
z-ai/glm-5.2,z-ai/glm-5.2-20260616,off,parens.word-brackets-mismatched-v1,parens,text,3. hard,False,reduce-infer-v1,4,4,4,676,28,0,0.00022752,8018.611999999999,1.0,0.5101091635454027,1.0,1.0
z-ai/glm-5.2,z-ai/glm-5.2-20260616,off,parens.word-brackets-mismatched-v1,parens,text,3. hard,False,reduce-taught-v1,4,4,1,744,25,0,0.00023808,7018.706,0.25,0.04558726080970055,0.6993581574175981,1.0
z-ai/glm-5.2,z-ai/glm-5.2-20260616,off,parens.word-brackets-mismatched-v1,parens,text,3. hard,True,reduce-infer-v1,4,4,1,676,28,0,0.00022752,8547.601999999999,0.25,0.04558726080970055,0.6993581574175981,1.0
z-ai/glm-5.2,z-ai/glm-5.2-20260616,off,parens.word-brackets-mismatched-v1,parens,text,3. hard,True,reduce-taught-v1,4,4,3,744,26,0,0.00024048,10638.765,0.75,0.30064184258240184,0.9544127391902995,1.0
z-ai/glm-5.2,z-ai/glm-5.2-20260616,off,parens.word-brackets-mismatched-v1,parens,text,4. lunatic,False,reduce-infer-v1,3,3,2,537,20,0,0.00017544,8663.585,0.6666666666666666,0.2076596008020477,0.9385080552796037,1.0
z-ai/glm-5.2,z-ai/glm-5.2-20260616,off,parens.word-brackets-mismatched-v1,parens,text,4. lunatic,False,reduce-taught-v1,4,4,0,784,24,0,0.00024528,13940.118999999999,0.0,0.0,0.4898908364545973,1.0
z-ai/glm-5.2,z-ai/glm-5.2-20260616,off,parens.word-brackets-mismatched-v1,parens,text,4. lunatic,True,reduce-infer-v1,4,4,3,716,26,0,0.00023232,10176.321,0.75,0.30064184258240184,0.9544127391902995,1.0
z-ai/glm-5.2,z-ai/glm-5.2-20260616,off,parens.word-brackets-mismatched-v1,parens,text,4. lunatic,True,reduce-taught-v1,4,4,2,784,28,0,0.00025488,10584.945,0.5,0.15003898915214947,0.8499610108478506,1.0
z-ai/glm-5.2,z-ai/glm-5.2-20260616,off,parens.word-brackets-mismatched-v1,parens,text,5. extra,False,reduce-infer-v1,4,4,2,756,27,0,0.00024432,9908.644,0.5,0.15003898915214947,0.8499610108478506,1.0
z-ai/glm-5.2,z-ai/glm-5.2-20260616,off,parens.word-brackets-mismatched-v1,parens,text,5. extra,False,reduce-taught-v1,4,4,2,824,26,0,0.00025968,10382.628,0.5,0.15003898915214947,0.8499610108478506,1.0
z-ai/glm-5.2,z-ai/glm-5.2-20260616,off,parens.word-brackets-mismatched-v1,parens,text,5. extra,True,reduce-infer-v1,4,4,2,756,27,0,0.00024432,10521.899,0.5,0.15003898915214947,0.8499610108478506,1.0
z-ai/glm-5.2,z-ai/glm-5.2-20260616,off,parens.word-brackets-mismatched-v1,parens,text,5. extra,True,reduce-taught-v1,4,4,1,824,27,0,0.00026208,10029.6,0.25,0.04558726080970055,0.6993581574175981,1.0
z-ai/glm-5.2,z-ai/glm-5.2-20260616,off,parens.word-brackets-plain-v1,parens,text,1. easy,False,reduce-infer-v1,4,4,1,538,28,0,0.00011431,8387.437999999998,0.25,0.04558726080970055,0.6993581574175981,1.0
z-ai/glm-5.2,z-ai/glm-5.2-20260616,off,parens.word-brackets-plain-v1,parens,text,1. easy,False,reduce-taught-v1,4,4,0,606,26,0,0.00011802,14883.315,0.0,0.0,0.4898908364545973,1.0
z-ai/glm-5.2,z-ai/glm-5.2-20260616,off,parens.word-brackets-plain-v1,parens,text,1. easy,True,reduce-infer-v1,4,4,4,538,25,0,0.00011011,9746.287,1.0,0.5101091635454027,1.0,1.0
z-ai/glm-5.2,z-ai/glm-5.2-20260616,off,parens.word-brackets-plain-v1,parens,text,1. easy,True,reduce-taught-v1,4,4,4,606,27,0,0.00012222,8763.956,1.0,0.5101091635454027,1.0,1.0
z-ai/glm-5.2,z-ai/glm-5.2-20260616,off,parens.word-brackets-plain-v1,parens,text,2. medium,False,reduce-infer-v1,4,4,2,606,27,0,0.00020832,4562.509,0.5,0.15003898915214947,0.8499610108478506,1.0
z-ai/glm-5.2,z-ai/glm-5.2-20260616,off,parens.word-brackets-plain-v1,parens,text,2. medium,False,reduce-taught-v1,4,4,1,674,26,0,0.00022188,12888.626,0.25,0.04558726080970055,0.6993581574175981,1.0
z-ai/glm-5.2,z-ai/glm-5.2-20260616,off,parens.word-brackets-plain-v1,parens,text,2. medium,True,reduce-infer-v1,4,4,0,596,30,0,0.00017122,6331.446,0.0,0.0,0.4898908364545973,1.0
z-ai/glm-5.2,z-ai/glm-5.2-20260616,off,parens.word-brackets-plain-v1,parens,text,2. medium,True,reduce-taught-v1,4,4,2,664,27,0,0.00017918,7855.602,0.5,0.15003898915214947,0.8499610108478506,1.0
z-ai/glm-5.2,z-ai/glm-5.2-20260616,off,parens.word-brackets-plain-v1,parens,text,3. hard,False,reduce-infer-v1,4,4,1,676,26,0,0.00022272,9385.719000000001,0.25,0.04558726080970055,0.6993581574175981,1.0
z-ai/glm-5.2,z-ai/glm-5.2-20260616,off,parens.word-brackets-plain-v1,parens,text,3. hard,False,reduce-taught-v1,4,4,3,744,27,0,0.00024288,7795.822999999999,0.75,0.30064184258240184,0.9544127391902995,1.0
z-ai/glm-5.2,z-ai/glm-5.2-20260616,off,parens.word-brackets-plain-v1,parens,text,3. hard,True,reduce-infer-v1,4,4,3,676,26,0,0.00022272,11437.979000000001,0.75,0.30064184258240184,0.9544127391902995,1.0
z-ai/glm-5.2,z-ai/glm-5.2-20260616,off,parens.word-brackets-plain-v1,parens,text,3. hard,True,reduce-taught-v1,4,4,3,744,26,0,0.00024048,15011.848999999998,0.75,0.30064184258240184,0.9544127391902995,1.0
z-ai/glm-5.2,z-ai/glm-5.2-20260616,off,parens.word-brackets-plain-v1,parens,text,4. lunatic,False,reduce-infer-v1,4,4,3,716,27,0,0.00023472,11547.706000000002,0.75,0.30064184258240184,0.9544127391902995,1.0
z-ai/glm-5.2,z-ai/glm-5.2-20260616,off,parens.word-brackets-plain-v1,parens,text,4. lunatic,False,reduce-taught-v1,4,4,0,784,24,0,0.00024528,12316.368999999999,0.0,0.0,0.4898908364545973,1.0
z-ai/glm-5.2,z-ai/glm-5.2-20260616,off,parens.word-brackets-plain-v1,parens,text,4. lunatic,True,reduce-infer-v1,4,4,3,716,26,0,0.00023232,6795.989,0.75,0.30064184258240184,0.9544127391902995,1.0
z-ai/glm-5.2,z-ai/glm-5.2-20260616,off,parens.word-brackets-plain-v1,parens,text,4. lunatic,True,reduce-taught-v1,4,4,4,784,26,0,0.00025008,6479.04,1.0,0.5101091635454027,1.0,1.0
z-ai/glm-5.2,z-ai/glm-5.2-20260616,off,parens.word-brackets-plain-v1,parens,text,5. extra,False,reduce-infer-v1,4,4,3,756,28,0,0.00024672,7080.772,0.75,0.30064184258240184,0.9544127391902995,1.0
z-ai/glm-5.2,z-ai/glm-5.2-20260616,off,parens.word-brackets-plain-v1,parens,text,5. extra,False,reduce-taught-v1,4,4,0,824,25,0,0.00025728,8254.222,0.0,0.0,0.4898908364545973,1.0
z-ai/glm-5.2,z-ai/glm-5.2-20260616,off,parens.word-brackets-plain-v1,parens,text,5. extra,True,reduce-infer-v1,4,4,2,756,27,0,0.00024432,10783.872,0.5,0.15003898915214947,0.8499610108478506,1.0
z-ai/glm-5.2,z-ai/glm-5.2-20260616,off,parens.word-brackets-plain-v1,parens,text,5. extra,True,reduce-taught-v1,4,4,0,824,29,0,0.00026688,7725.946,0.0,0.0,0.4898908364545973,1.0
z-ai/glm-5.2,z-ai/glm-5.2-20260616,off,pattern.java-v1,pattern,text,1. easy,False,reduce-infer-v1,3,3,0,440,20,0,0.00008925,7803.815,0.0,5.551115123125783e-17,0.5614970317550454,1.0
z-ai/glm-5.2,z-ai/glm-5.2-20260616,off,pattern.java-v1,pattern,text,1. easy,False,reduce-taught-v1,4,4,0,651,24,0,0.00012397,8927.35,0.0,0.0,0.4898908364545973,1.0
z-ai/glm-5.2,z-ai/glm-5.2-20260616,off,pattern.java-v1,pattern,text,1. easy,True,reduce-infer-v1,4,4,3,581,29,0,0.00012117,8221.332,0.75,0.30064184258240184,0.9544127391902995,1.0
z-ai/glm-5.2,z-ai/glm-5.2-20260616,off,pattern.java-v1,pattern,text,1. easy,True,reduce-taught-v1,4,4,4,649,27,0,0.00012838,6724.847,1.0,0.5101091635454027,1.0,1.0
z-ai/glm-5.2,z-ai/glm-5.2-20260616,off,pattern.java-v1,pattern,text,2. medium,False,reduce-infer-v1,4,4,0,702,27,0,0.00023184,4528.954,0.0,0.0,0.4898908364545973,1.0
z-ai/glm-5.2,z-ai/glm-5.2-20260616,off,pattern.java-v1,pattern,text,2. medium,False,reduce-taught-v1,4,4,0,770,24,0,0.00024180,5774.342000000001,0.0,0.0,0.4898908364545973,1.0
z-ai/glm-5.2,z-ai/glm-5.2-20260616,off,pattern.java-v1,pattern,text,2. medium,True,reduce-infer-v1,4,4,3,685,27,0,0.00015720,6600.412,0.75,0.30064184258240184,0.9544127391902995,1.0
z-ai/glm-5.2,z-ai/glm-5.2-20260616,off,pattern.java-v1,pattern,text,2. medium,True,reduce-taught-v1,4,4,2,753,26,0,0.00016796,5303.614,0.5,0.15003898915214947,0.8499610108478506,1.0
z-ai/glm-5.2,z-ai/glm-5.2-20260616,off,pattern.java-v1,pattern,text,3. hard,False,reduce-infer-v1,4,4,0,839,27,0,0.00026568,8285.171999999999,0.0,0.0,0.4898908364545973,1.0
z-ai/glm-5.2,z-ai/glm-5.2-20260616,off,pattern.java-v1,pattern,text,3. hard,False,reduce-taught-v1,4,4,0,907,25,0,0.00027684,12106.273000000001,0.0,0.0,0.4898908364545973,1.0
z-ai/glm-5.2,z-ai/glm-5.2-20260616,off,pattern.java-v1,pattern,text,3. hard,True,reduce-infer-v1,4,4,4,844,27,0,0.00026688,6909.769,1.0,0.5101091635454027,1.0,1.0
z-ai/glm-5.2,z-ai/glm-5.2-20260616,off,pattern.java-v1,pattern,text,3. hard,True,reduce-taught-v1,4,4,2,912,26,0,0.00027984,10055.604,0.5,0.15003898915214947,0.8499610108478506,1.0
z-ai/glm-5.2,z-ai/glm-5.2-20260616,off,pattern.java-v1,pattern,text,4. lunatic,False,reduce-infer-v1,4,4,0,911,26,0,0.00027972,6722.093000000001,0.0,0.0,0.4898908364545973,1.0
z-ai/glm-5.2,z-ai/glm-5.2-20260616,off,pattern.java-v1,pattern,text,4. lunatic,False,reduce-taught-v1,4,4,0,979,24,0,0.00029208,9074.615000000002,0.0,0.0,0.4898908364545973,1.0
z-ai/glm-5.2,z-ai/glm-5.2-20260616,off,pattern.java-v1,pattern,text,4. lunatic,True,reduce-infer-v1,4,4,4,914,27,0,0.00028248,9952.111,1.0,0.5101091635454027,1.0,1.0
z-ai/glm-5.2,z-ai/glm-5.2-20260616,off,pattern.java-v1,pattern,text,4. lunatic,True,reduce-taught-v1,4,4,4,982,25,0,0.00029484,10878.386,1.0,0.5101091635454027,1.0,1.0
z-ai/glm-5.2,z-ai/glm-5.2-20260616,off,pattern.java-v1,pattern,text,5. extra,False,reduce-infer-v1,4,4,0,961,25,0,0.00028992,8083.366,0.0,0.0,0.4898908364545973,1.0
z-ai/glm-5.2,z-ai/glm-5.2-20260616,off,pattern.java-v1,pattern,text,5. extra,False,reduce-taught-v1,4,4,0,1029,25,0,0.00030588,9130.701000000001,0.0,0.0,0.4898908364545973,1.0
z-ai/glm-5.2,z-ai/glm-5.2-20260616,off,pattern.java-v1,pattern,text,5. extra,True,reduce-infer-v1,4,4,3,967,26,0,0.00029364,7965.242,0.75,0.30064184258240184,0.9544127391902995,1.0
z-ai/glm-5.2,z-ai/glm-5.2-20260616,off,pattern.java-v1,pattern,text,5. extra,True,reduce-taught-v1,4,4,3,1035,25,0,0.00030660,7650.686,0.75,0.30064184258240184,0.9544127391902995,1.0
z-ai/glm-5.2,z-ai/glm-5.2-20260616,off,pattern.lisp-v1,pattern,text,1. easy,False,reduce-infer-v1,4,4,0,556,27,0,0.00011522,7825.284,0.0,0.0,0.4898908364545973,1.0
z-ai/glm-5.2,z-ai/glm-5.2-20260616,off,pattern.lisp-v1,pattern,text,1. easy,False,reduce-taught-v1,4,4,1,624,26,0,0.00012313,4601.4580000000005,0.25,0.04558726080970055,0.6993581574175981,1.0
z-ai/glm-5.2,z-ai/glm-5.2-20260616,off,pattern.lisp-v1,pattern,text,1. easy,True,reduce-infer-v1,4,4,2,554,30,0,0.00011893,12292.167,0.5,0.15003898915214947,0.8499610108478506,1.0
z-ai/glm-5.2,z-ai/glm-5.2-20260616,off,pattern.lisp-v1,pattern,text,1. easy,True,reduce-taught-v1,4,4,3,622,26,0,0.00012264,27628.107999999997,0.75,0.30064184258240184,0.9544127391902995,1.0
z-ai/glm-5.2,z-ai/glm-5.2-20260616,off,pattern.lisp-v1,pattern,text,2. medium,False,reduce-infer-v1,4,4,0,641,27,0,0.00021792,3621.005,0.0,0.0,0.4898908364545973,1.0
z-ai/glm-5.2,z-ai/glm-5.2-20260616,off,pattern.lisp-v1,pattern,text,2. medium,False,reduce-taught-v1,4,4,1,709,27,0,0.00023388,3631.3809999999994,0.25,0.04558726080970055,0.6993581574175981,1.0
z-ai/glm-5.2,z-ai/glm-5.2-20260616,off,pattern.lisp-v1,pattern,text,2. medium,True,reduce-infer-v1,4,4,3,629,26,0,0.00016908,6263.942999999999,0.75,0.30064184258240184,0.9544127391902995,1.0
z-ai/glm-5.2,z-ai/glm-5.2-20260616,off,pattern.lisp-v1,pattern,text,2. medium,True,reduce-taught-v1,4,4,3,697,26,0,0.00018319,4350.171,0.75,0.30064184258240184,0.9544127391902995,1.0
z-ai/glm-5.2,z-ai/glm-5.2-20260616,off,pattern.lisp-v1,pattern,text,3. hard,False,reduce-infer-v1,4,4,0,743,26,0,0.00023976,12080.952000000001,0.0,0.0,0.4898908364545973,1.0
z-ai/glm-5.2,z-ai/glm-5.2-20260616,off,pattern.lisp-v1,pattern,text,3. hard,False,reduce-taught-v1,4,4,0,811,24,0,0.00025092,9965.036,0.0,0.0,0.4898908364545973,1.0
z-ai/glm-5.2,z-ai/glm-5.2-20260616,off,pattern.lisp-v1,pattern,text,3. hard,True,reduce-infer-v1,4,4,4,748,26,0,0.00024096,8356.117,1.0,0.5101091635454027,1.0,1.0
z-ai/glm-5.2,z-ai/glm-5.2-20260616,off,pattern.lisp-v1,pattern,text,3. hard,True,reduce-taught-v1,4,4,1,816,27,0,0.00025932,10657.244999999999,0.25,0.04558726080970055,0.6993581574175981,1.0
z-ai/glm-5.2,z-ai/glm-5.2-20260616,off,pattern.lisp-v1,pattern,text,4. lunatic,False,reduce-infer-v1,4,4,1,795,27,0,0.00025380,12730.534,0.25,0.04558726080970055,0.6993581574175981,1.0
z-ai/glm-5.2,z-ai/glm-5.2-20260616,off,pattern.lisp-v1,pattern,text,4. lunatic,False,reduce-taught-v1,4,4,3,863,28,0,0.00027396,9422.768,0.75,0.30064184258240184,0.9544127391902995,1.0
z-ai/glm-5.2,z-ai/glm-5.2-20260616,off,pattern.lisp-v1,pattern,text,4. lunatic,True,reduce-infer-v1,4,4,4,798,26,0,0.00025356,9998.027,1.0,0.5101091635454027,1.0,1.0
z-ai/glm-5.2,z-ai/glm-5.2-20260616,off,pattern.lisp-v1,pattern,text,4. lunatic,True,reduce-taught-v1,4,4,4,866,27,0,0.00027192,6181.668000000001,1.0,0.5101091635454027,1.0,1.0
z-ai/glm-5.2,z-ai/glm-5.2-20260616,off,pattern.lisp-v1,pattern,text,5. extra,False,reduce-infer-v1,4,4,0,825,26,0,0.00025980,13118.582999999999,0.0,0.0,0.4898908364545973,1.0
z-ai/glm-5.2,z-ai/glm-5.2-20260616,off,pattern.lisp-v1,pattern,text,5. extra,False,reduce-taught-v1,4,4,0,893,26,0,0.00027516,11002.633,0.0,0.0,0.4898908364545973,1.0
z-ai/glm-5.2,z-ai/glm-5.2-20260616,off,pattern.lisp-v1,pattern,text,5. extra,True,reduce-infer-v1,4,4,3,831,27,0,0.00026292,5819.368,0.75,0.30064184258240184,0.9544127391902995,1.0
z-ai/glm-5.2,z-ai/glm-5.2-20260616,off,pattern.lisp-v1,pattern,text,5. extra,True,reduce-taught-v1,4,4,3,899,27,0,0.00028008,7014.457,0.75,0.30064184258240184,0.9544127391902995,1.0
z-ai/glm-5.2,z-ai/glm-5.2-20260616,off,pattern.plain-v1,pattern,text,1. easy,False,reduce-infer-v1,4,4,0,552,26,0,0.00011284,8897.611,0.0,0.0,0.4898908364545973,1.0
z-ai/glm-5.2,z-ai/glm-5.2-20260616,off,pattern.plain-v1,pattern,text,1. easy,False,reduce-taught-v1,4,4,0,620,24,0,0.00011620,5485.607,0.0,0.0,0.4898908364545973,1.0
z-ai/glm-5.2,z-ai/glm-5.2-20260616,off,pattern.plain-v1,pattern,text,1. easy,True,reduce-infer-v1,4,4,2,550,27,0,0.00011445,7585.014999999999,0.5,0.15003898915214947,0.8499610108478506,1.0
z-ai/glm-5.2,z-ai/glm-5.2-20260616,off,pattern.plain-v1,pattern,text,1. easy,True,reduce-taught-v1,4,4,3,618,26,0,0.00011571,6232.394,0.75,0.30064184258240184,0.9544127391902995,1.0
z-ai/glm-5.2,z-ai/glm-5.2-20260616,off,pattern.plain-v1,pattern,text,2. medium,False,reduce-infer-v1,4,4,0,637,26,0,0.00021384,4557.753000000001,0.0,0.0,0.4898908364545973,1.0
z-ai/glm-5.2,z-ai/glm-5.2-20260616,off,pattern.plain-v1,pattern,text,2. medium,False,reduce-taught-v1,4,4,0,705,24,0,0.00022620,5035.0779999999995,0.0,0.0,0.4898908364545973,1.0
z-ai/glm-5.2,z-ai/glm-5.2-20260616,off,pattern.plain-v1,pattern,text,2. medium,True,reduce-infer-v1,4,4,4,625,26,0,0.00016935,4249.606,1.0,0.5101091635454027,1.0,1.0
z-ai/glm-5.2,z-ai/glm-5.2-20260616,off,pattern.plain-v1,pattern,text,2. medium,True,reduce-taught-v1,4,4,4,693,24,0,0.00017901,6066.634,1.0,0.5101091635454027,1.0,1.0
z-ai/glm-5.2,z-ai/glm-5.2-20260616,off,pattern.plain-v1,pattern,text,3. hard,False,reduce-infer-v1,4,4,0,739,26,0,0.00023928,8970.806,0.0,0.0,0.4898908364545973,1.0
z-ai/glm-5.2,z-ai/glm-5.2-20260616,off,pattern.plain-v1,pattern,text,3. hard,False,reduce-taught-v1,4,4,0,807,24,0,0.00025044,7207.330999999999,0.0,0.0,0.4898908364545973,1.0
z-ai/glm-5.2,z-ai/glm-5.2-20260616,off,pattern.plain-v1,pattern,text,3. hard,True,reduce-infer-v1,4,4,3,744,26,0,0.00024048,10207.599,0.75,0.30064184258240184,0.9544127391902995,1.0
z-ai/glm-5.2,z-ai/glm-5.2-20260616,off,pattern.plain-v1,pattern,text,3. hard,True,reduce-taught-v1,4,4,4,812,24,0,0.00025104,8836.758000000002,1.0,0.5101091635454027,1.0,1.0
z-ai/glm-5.2,z-ai/glm-5.2-20260616,off,pattern.plain-v1,pattern,text,4. lunatic,False,reduce-infer-v1,4,4,0,791,24,0,0.00024612,11020.117999999999,0.0,0.0,0.4898908364545973,1.0
z-ai/glm-5.2,z-ai/glm-5.2-20260616,off,pattern.plain-v1,pattern,text,4. lunatic,False,reduce-taught-v1,4,4,1,859,25,0,0.00026568,13548.994,0.25,0.04558726080970055,0.6993581574175981,1.0
z-ai/glm-5.2,z-ai/glm-5.2-20260616,off,pattern.plain-v1,pattern,text,4. lunatic,True,reduce-infer-v1,4,4,4,794,25,0,0.00024888,7355.011,1.0,0.5101091635454027,1.0,1.0
z-ai/glm-5.2,z-ai/glm-5.2-20260616,off,pattern.plain-v1,pattern,text,4. lunatic,True,reduce-taught-v1,4,4,4,862,26,0,0.00026844,6339.982999999999,1.0,0.5101091635454027,1.0,1.0
z-ai/glm-5.2,z-ai/glm-5.2-20260616,off,pattern.plain-v1,pattern,text,5. extra,False,reduce-infer-v1,4,4,1,821,26,0,0.00025872,19304.409,0.25,0.04558726080970055,0.6993581574175981,1.0
z-ai/glm-5.2,z-ai/glm-5.2-20260616,off,pattern.plain-v1,pattern,text,5. extra,False,reduce-taught-v1,4,4,1,889,26,0,0.00027468,12171.743999999999,0.25,0.04558726080970055,0.6993581574175981,1.0
z-ai/glm-5.2,z-ai/glm-5.2-20260616,off,pattern.plain-v1,pattern,text,5. extra,True,reduce-infer-v1,4,4,3,827,27,0,0.00026244,7340.938,0.75,0.30064184258240184,0.9544127391902995,1.0
z-ai/glm-5.2,z-ai/glm-5.2-20260616,off,pattern.plain-v1,pattern,text,5. extra,True,reduce-taught-v1,4,4,4,895,25,0,0.00027300,9789.693,1.0,0.5101091635454027,1.0,1.0
z-ai/glm-5.2,z-ai/glm-5.2-20260616,off,pattern.python-v1,pattern,text,1. easy,False,reduce-infer-v1,4,4,0,552,26,0,0.00011284,10490.938,0.0,0.0,0.4898908364545973,1.0
z-ai/glm-5.2,z-ai/glm-5.2-20260616,off,pattern.python-v1,pattern,text,1. easy,False,reduce-taught-v1,4,4,1,620,27,0,0.00012215,10548.315999999999,0.25,0.04558726080970055,0.6993581574175981,1.0
z-ai/glm-5.2,z-ai/glm-5.2-20260616,off,pattern.python-v1,pattern,text,1. easy,True,reduce-infer-v1,4,4,3,550,29,0,0.00011725,22115.596999999994,0.75,0.30064184258240184,0.9544127391902995,1.0
z-ai/glm-5.2,z-ai/glm-5.2-20260616,off,pattern.python-v1,pattern,text,1. easy,True,reduce-taught-v1,4,4,2,618,26,0,0.00011606,9219.121,0.5,0.15003898915214947,0.8499610108478506,1.0
z-ai/glm-5.2,z-ai/glm-5.2-20260616,off,pattern.python-v1,pattern,text,2. medium,False,reduce-infer-v1,4,4,0,637,28,0,0.00021864,2881.046,0.0,0.0,0.4898908364545973,1.0
z-ai/glm-5.2,z-ai/glm-5.2-20260616,off,pattern.python-v1,pattern,text,2. medium,False,reduce-taught-v1,4,4,0,705,25,0,0.00022860,3904.329,0.0,0.0,0.4898908364545973,1.0
z-ai/glm-5.2,z-ai/glm-5.2-20260616,off,pattern.python-v1,pattern,text,2. medium,True,reduce-infer-v1,4,4,4,625,27,0,0.00017075,5617.286,1.0,0.5101091635454027,1.0,1.0
z-ai/glm-5.2,z-ai/glm-5.2-20260616,off,pattern.python-v1,pattern,text,2. medium,True,reduce-taught-v1,4,4,3,693,27,0,0.00018421,8935.359,0.75,0.30064184258240184,0.9544127391902995,1.0
z-ai/glm-5.2,z-ai/glm-5.2-20260616,off,pattern.python-v1,pattern,text,3. hard,False,reduce-infer-v1,4,4,0,739,26,0,0.00023928,8295.471,0.0,0.0,0.4898908364545973,1.0
z-ai/glm-5.2,z-ai/glm-5.2-20260616,off,pattern.python-v1,pattern,text,3. hard,False,reduce-taught-v1,4,4,1,807,26,0,0.00025524,8549.825,0.25,0.04558726080970055,0.6993581574175981,1.0
z-ai/glm-5.2,z-ai/glm-5.2-20260616,off,pattern.python-v1,pattern,text,3. hard,True,reduce-infer-v1,4,4,2,744,29,0,0.00024768,8099.118999999999,0.5,0.15003898915214947,0.8499610108478506,1.0
z-ai/glm-5.2,z-ai/glm-5.2-20260616,off,pattern.python-v1,pattern,text,3. hard,True,reduce-taught-v1,4,4,3,812,25,0,0.00025344,7842.874,0.75,0.30064184258240184,0.9544127391902995,1.0
z-ai/glm-5.2,z-ai/glm-5.2-20260616,off,pattern.python-v1,pattern,text,4. lunatic,False,reduce-infer-v1,4,4,0,791,28,0,0.00025572,14744.556,0.0,0.0,0.4898908364545973,1.0
z-ai/glm-5.2,z-ai/glm-5.2-20260616,off,pattern.python-v1,pattern,text,4. lunatic,False,reduce-taught-v1,4,4,2,859,27,0,0.00027048,12644.487,0.5,0.15003898915214947,0.8499610108478506,1.0
z-ai/glm-5.2,z-ai/glm-5.2-20260616,off,pattern.python-v1,pattern,text,4. lunatic,True,reduce-infer-v1,4,4,2,794,28,0,0.00025608,6083.503000000001,0.5,0.15003898915214947,0.8499610108478506,1.0
z-ai/glm-5.2,z-ai/glm-5.2-20260616,off,pattern.python-v1,pattern,text,4. lunatic,True,reduce-taught-v1,4,4,3,862,25,0,0.00026604,8932.087,0.75,0.30064184258240184,0.9544127391902995,1.0
z-ai/glm-5.2,z-ai/glm-5.2-20260616,off,pattern.python-v1,pattern,text,5. extra,False,reduce-infer-v1,4,4,0,821,27,0,0.00026112,10548.607,0.0,0.0,0.4898908364545973,1.0
z-ai/glm-5.2,z-ai/glm-5.2-20260616,off,pattern.python-v1,pattern,text,5. extra,False,reduce-taught-v1,4,4,0,889,26,0,0.00027468,7148.129000000001,0.0,0.0,0.4898908364545973,1.0
z-ai/glm-5.2,z-ai/glm-5.2-20260616,off,pattern.python-v1,pattern,text,5. extra,True,reduce-infer-v1,4,4,2,827,28,0,0.00026484,9253.652000000002,0.5,0.15003898915214947,0.8499610108478506,1.0
z-ai/glm-5.2,z-ai/glm-5.2-20260616,off,pattern.python-v1,pattern,text,5. extra,True,reduce-taught-v1,4,4,3,895,26,0,0.00027540,8897.063,0.75,0.30064184258240184,0.9544127391902995,1.0
z-ai/glm-5.2,z-ai/glm-5.2-20260616,off,pattern.rust-v1,pattern,text,1. easy,False,reduce-infer-v1,4,4,2,614,26,0,0.00012208,13886.955,0.5,0.15003898915214947,0.8499610108478506,1.0
z-ai/glm-5.2,z-ai/glm-5.2-20260616,off,pattern.rust-v1,pattern,text,1. easy,False,reduce-taught-v1,4,4,2,682,26,0,0.00013139,8494.264,0.5,0.15003898915214947,0.8499610108478506,1.0
z-ai/glm-5.2,z-ai/glm-5.2-20260616,off,pattern.rust-v1,pattern,text,1. easy,True,reduce-infer-v1,4,4,2,612,30,0,0.00012719,17597.631999999998,0.5,0.15003898915214947,0.8499610108478506,1.0
z-ai/glm-5.2,z-ai/glm-5.2-20260616,off,pattern.rust-v1,pattern,text,1. easy,True,reduce-taught-v1,4,4,1,680,28,0,0.00013370,21170.857000000004,0.25,0.04558726080970055,0.6993581574175981,1.0
z-ai/glm-5.2,z-ai/glm-5.2-20260616,off,pattern.rust-v1,pattern,text,2. medium,False,reduce-infer-v1,4,4,1,767,25,0,0.00024264,3987.768,0.25,0.04558726080970055,0.6993581574175981,1.0
z-ai/glm-5.2,z-ai/glm-5.2-20260616,off,pattern.rust-v1,pattern,text,2. medium,False,reduce-taught-v1,4,4,0,835,24,0,0.00025740,3368.5319999999997,0.0,0.0,0.4898908364545973,1.0
z-ai/glm-5.2,z-ai/glm-5.2-20260616,off,pattern.rust-v1,pattern,text,2. medium,True,reduce-infer-v1,4,4,3,745,26,0,0.00019305,7102.746,0.75,0.30064184258240184,0.9544127391902995,1.0
z-ai/glm-5.2,z-ai/glm-5.2-20260616,off,pattern.rust-v1,pattern,text,2. medium,True,reduce-taught-v1,4,4,2,813,26,0,0.00020581,7237.992,0.5,0.15003898915214947,0.8499610108478506,1.0
z-ai/glm-5.2,z-ai/glm-5.2-20260616,off,pattern.rust-v1,pattern,text,3. hard,False,reduce-infer-v1,4,4,0,939,24,0,0.00028248,8398.498,0.0,0.0,0.4898908364545973,1.0
z-ai/glm-5.2,z-ai/glm-5.2-20260616,off,pattern.rust-v1,pattern,text,3. hard,False,reduce-taught-v1,4,4,2,1007,26,0,0.00030324,8455.673,0.5,0.15003898915214947,0.8499610108478506,1.0
z-ai/glm-5.2,z-ai/glm-5.2-20260616,off,pattern.rust-v1,pattern,text,3. hard,True,reduce-infer-v1,4,4,1,944,27,0,0.00029088,5780.793000000001,0.25,0.04558726080970055,0.6993581574175981,1.0
z-ai/glm-5.2,z-ai/glm-5.2-20260616,off,pattern.rust-v1,pattern,text,3. hard,True,reduce-taught-v1,4,4,2,1012,26,0,0.00030384,5892.9980000000005,0.5,0.15003898915214947,0.8499610108478506,1.0
z-ai/glm-5.2,z-ai/glm-5.2-20260616,off,pattern.rust-v1,pattern,text,4. lunatic,False,reduce-infer-v1,4,4,1,1031,25,0,0.00030612,15910.764,0.25,0.04558726080970055,0.6993581574175981,1.0
z-ai/glm-5.2,z-ai/glm-5.2-20260616,off,pattern.rust-v1,pattern,text,4. lunatic,False,reduce-taught-v1,4,4,0,1099,24,0,0.00032088,16035.608,0.0,0.0,0.4898908364545973,1.0
z-ai/glm-5.2,z-ai/glm-5.2-20260616,off,pattern.rust-v1,pattern,text,4. lunatic,True,reduce-infer-v1,4,4,3,1034,25,0,0.00030648,6690.131,0.75,0.30064184258240184,0.9544127391902995,1.0
z-ai/glm-5.2,z-ai/glm-5.2-20260616,off,pattern.rust-v1,pattern,text,4. lunatic,True,reduce-taught-v1,4,4,4,1102,24,0,0.00032124,6194.323,1.0,0.5101091635454027,1.0,1.0
z-ai/glm-5.2,z-ai/glm-5.2-20260616,off,pattern.rust-v1,pattern,text,5. extra,False,reduce-infer-v1,4,4,2,1101,27,0,0.00032832,9755.608,0.5,0.15003898915214947,0.8499610108478506,1.0
z-ai/glm-5.2,z-ai/glm-5.2-20260616,off,pattern.rust-v1,pattern,text,5. extra,False,reduce-taught-v1,4,4,0,1169,24,0,0.00033708,9477.365,0.0,0.0,0.4898908364545973,1.0
z-ai/glm-5.2,z-ai/glm-5.2-20260616,off,pattern.rust-v1,pattern,text,5. extra,True,reduce-infer-v1,4,4,4,1107,24,0,0.00032244,9814.811,1.0,0.5101091635454027,1.0,1.0
z-ai/glm-5.2,z-ai/glm-5.2-20260616,off,pattern.rust-v1,pattern,text,5. extra,True,reduce-taught-v1,4,4,4,1175,24,0,0.00033780,8835.68,1.0,0.5101091635454027,1.0,1.0
z-ai/glm-5.2,z-ai/glm-5.2-20260616,off,pattern.scheme-v1,pattern,text,1. easy,False,reduce-infer-v1,4,4,0,556,25,0,0.00011242,4305.763,0.0,0.0,0.4898908364545973,1.0
z-ai/glm-5.2,z-ai/glm-5.2-20260616,off,pattern.scheme-v1,pattern,text,1. easy,False,reduce-taught-v1,4,4,0,624,26,0,0.00012068,5443.638,0.0,0.0,0.4898908364545973,1.0
z-ai/glm-5.2,z-ai/glm-5.2-20260616,off,pattern.scheme-v1,pattern,text,1. easy,True,reduce-infer-v1,4,4,3,554,28,0,0.00011613,11414.764,0.75,0.30064184258240184,0.9544127391902995,1.0
z-ai/glm-5.2,z-ai/glm-5.2-20260616,off,pattern.scheme-v1,pattern,text,1. easy,True,reduce-taught-v1,3,3,2,468,21,0,0.00009436,10984.971,0.6666666666666666,0.2076596008020477,0.9385080552796037,1.0
z-ai/glm-5.2,z-ai/glm-5.2-20260616,off,pattern.scheme-v1,pattern,text,2. medium,False,reduce-infer-v1,4,4,0,641,27,0,0.00021792,3950.785,0.0,0.0,0.4898908364545973,1.0
z-ai/glm-5.2,z-ai/glm-5.2-20260616,off,pattern.scheme-v1,pattern,text,2. medium,False,reduce-taught-v1,4,4,0,709,26,0,0.00023148,3537.136,0.0,0.0,0.4898908364545973,1.0
z-ai/glm-5.2,z-ai/glm-5.2-20260616,off,pattern.scheme-v1,pattern,text,2. medium,True,reduce-infer-v1,4,4,4,629,28,0,0.00017388,11084.982,1.0,0.5101091635454027,1.0,1.0
z-ai/glm-5.2,z-ai/glm-5.2-20260616,off,pattern.scheme-v1,pattern,text,2. medium,True,reduce-taught-v1,4,4,3,697,27,0,0.00015834,5768.361,0.75,0.30064184258240184,0.9544127391902995,1.0
z-ai/glm-5.2,z-ai/glm-5.2-20260616,off,pattern.scheme-v1,pattern,text,3. hard,False,reduce-infer-v1,4,4,0,743,25,0,0.00023736,11950.89,0.0,0.0,0.4898908364545973,1.0
z-ai/glm-5.2,z-ai/glm-5.2-20260616,off,pattern.scheme-v1,pattern,text,3. hard,False,reduce-taught-v1,4,4,0,811,24,0,0.00025092,8149.6810000000005,0.0,0.0,0.4898908364545973,1.0
z-ai/glm-5.2,z-ai/glm-5.2-20260616,off,pattern.scheme-v1,pattern,text,3. hard,True,reduce-infer-v1,4,4,4,748,26,0,0.00024096,7652.207,1.0,0.5101091635454027,1.0,1.0
z-ai/glm-5.2,z-ai/glm-5.2-20260616,off,pattern.scheme-v1,pattern,text,3. hard,True,reduce-taught-v1,4,4,4,816,25,0,0.00025452,7300.988,1.0,0.5101091635454027,1.0,1.0
z-ai/glm-5.2,z-ai/glm-5.2-20260616,off,pattern.scheme-v1,pattern,text,4. lunatic,False,reduce-infer-v1,4,4,0,795,26,0,0.00025140,12255.931,0.0,0.0,0.4898908364545973,1.0
z-ai/glm-5.2,z-ai/glm-5.2-20260616,off,pattern.scheme-v1,pattern,text,4. lunatic,False,reduce-taught-v1,4,4,0,863,26,0,0.00026916,8245.697,0.0,0.0,0.4898908364545973,1.0
z-ai/glm-5.2,z-ai/glm-5.2-20260616,off,pattern.scheme-v1,pattern,text,4. lunatic,True,reduce-infer-v1,4,4,4,798,26,0,0.00025356,5865.84,1.0,0.5101091635454027,1.0,1.0
z-ai/glm-5.2,z-ai/glm-5.2-20260616,off,pattern.scheme-v1,pattern,text,4. lunatic,True,reduce-taught-v1,4,4,3,866,26,0,0.00026952,8818.8,0.75,0.30064184258240184,0.9544127391902995,1.0
z-ai/glm-5.2,z-ai/glm-5.2-20260616,off,pattern.scheme-v1,pattern,text,5. extra,False,reduce-infer-v1,4,4,0,825,25,0,0.00025740,8313.529,0.0,0.0,0.4898908364545973,1.0
z-ai/glm-5.2,z-ai/glm-5.2-20260616,off,pattern.scheme-v1,pattern,text,5. extra,False,reduce-taught-v1,4,4,0,893,24,0,0.00027036,6897.334,0.0,0.0,0.4898908364545973,1.0
z-ai/glm-5.2,z-ai/glm-5.2-20260616,off,pattern.scheme-v1,pattern,text,5. extra,True,reduce-infer-v1,4,4,4,831,25,0,0.00025812,11105.020999999999,1.0,0.5101091635454027,1.0,1.0
z-ai/glm-5.2,z-ai/glm-5.2-20260616,off,pattern.scheme-v1,pattern,text,5. extra,True,reduce-taught-v1,4,4,4,899,25,0,0.00027528,12286.895,1.0,0.5101091635454027,1.0,1.0
z-ai/glm-5.2,z-ai/glm-5.2-20260616,off,prose.containment-jitter-v1,prose,text,1. easy,False,reduce-infer-v1,4,4,0,594,28,0,0.00012208,9293.075,0.0,0.0,0.4898908364545973,1.0
z-ai/glm-5.2,z-ai/glm-5.2-20260616,off,prose.containment-jitter-v1,prose,text,1. easy,False,reduce-taught-v1,4,4,3,662,29,0,0.00013244,3469.694,0.75,0.30064184258240184,0.9544127391902995,1.0
z-ai/glm-5.2,z-ai/glm-5.2-20260616,off,prose.containment-jitter-v1,prose,text,1. easy,True,reduce-infer-v1,4,4,2,579,29,0,0.00012103,20205.976,0.5,0.15003898915214947,0.8499610108478506,1.0
z-ai/glm-5.2,z-ai/glm-5.2-20260616,off,prose.containment-jitter-v1,prose,text,1. easy,True,reduce-taught-v1,4,4,2,647,29,0,0.00013034,25839.358,0.5,0.15003898915214947,0.8499610108478506,1.0
z-ai/glm-5.2,z-ai/glm-5.2-20260616,off,prose.containment-jitter-v1,prose,text,2. medium,False,reduce-infer-v1,4,4,1,684,28,0,0.00023028,4688.534,0.25,0.04558726080970055,0.6993581574175981,1.0
z-ai/glm-5.2,z-ai/glm-5.2-20260616,off,prose.containment-jitter-v1,prose,text,2. medium,False,reduce-taught-v1,4,4,1,752,26,0,0.00024204,7704.174,0.25,0.04558726080970055,0.6993581574175981,1.0
z-ai/glm-5.2,z-ai/glm-5.2-20260616,off,prose.containment-jitter-v1,prose,text,2. medium,True,reduce-infer-v1,4,4,4,668,28,0,0.00018161,10574.498,1.0,0.5101091635454027,1.0,1.0
z-ai/glm-5.2,z-ai/glm-5.2-20260616,off,prose.containment-jitter-v1,prose,text,2. medium,True,reduce-taught-v1,4,4,2,736,28,0,0.00019407,7464.428000000001,0.5,0.15003898915214947,0.8499610108478506,1.0
z-ai/glm-5.2,z-ai/glm-5.2-20260616,off,prose.containment-jitter-v1,prose,text,3. hard,False,reduce-infer-v1,4,4,0,719,27,0,0.00023628,8314.745,0.0,0.0,0.4898908364545973,1.0
z-ai/glm-5.2,z-ai/glm-5.2-20260616,off,prose.containment-jitter-v1,prose,text,3. hard,False,reduce-taught-v1,4,4,1,787,25,0,0.00024804,8335.955,0.25,0.04558726080970055,0.6993581574175981,1.0
z-ai/glm-5.2,z-ai/glm-5.2-20260616,off,prose.containment-jitter-v1,prose,text,3. hard,True,reduce-infer-v1,4,4,3,663,29,0,0.00022776,14894.743999999999,0.75,0.30064184258240184,0.9544127391902995,1.0
z-ai/glm-5.2,z-ai/glm-5.2-20260616,off,prose.containment-jitter-v1,prose,text,3. hard,True,reduce-taught-v1,4,4,3,731,27,0,0.00023952,8182.62,0.75,0.30064184258240184,0.9544127391902995,1.0
z-ai/glm-5.2,z-ai/glm-5.2-20260616,off,prose.containment-jitter-v1,prose,text,4. lunatic,False,reduce-infer-v1,4,4,3,728,30,0,0.00024576,13316.582999999999,0.75,0.30064184258240184,0.9544127391902995,1.0
z-ai/glm-5.2,z-ai/glm-5.2-20260616,off,prose.containment-jitter-v1,prose,text,4. lunatic,False,reduce-taught-v1,4,4,2,796,28,0,0.00025692,14938.998,0.5,0.15003898915214947,0.8499610108478506,1.0
z-ai/glm-5.2,z-ai/glm-5.2-20260616,off,prose.containment-jitter-v1,prose,text,4. lunatic,True,reduce-infer-v1,4,4,4,714,26,0,0.00023268,12707.137999999999,1.0,0.5101091635454027,1.0,1.0
z-ai/glm-5.2,z-ai/glm-5.2-20260616,off,prose.containment-jitter-v1,prose,text,4. lunatic,True,reduce-taught-v1,4,4,3,782,25,0,0.00024624,6235.474,0.75,0.30064184258240184,0.9544127391902995,1.0
z-ai/glm-5.2,z-ai/glm-5.2-20260616,off,prose.containment-jitter-v1,prose,text,5. extra,False,reduce-infer-v1,4,4,0,958,26,0,0.00029136,9010.573,0.0,0.0,0.4898908364545973,1.0
z-ai/glm-5.2,z-ai/glm-5.2-20260616,off,prose.containment-jitter-v1,prose,text,5. extra,False,reduce-taught-v1,4,4,2,1026,26,0,0.00030732,9460.953,0.5,0.15003898915214947,0.8499610108478506,1.0
z-ai/glm-5.2,z-ai/glm-5.2-20260616,off,prose.containment-jitter-v1,prose,text,5. extra,True,reduce-infer-v1,4,4,2,940,26,0,0.00028680,7435.625,0.5,0.15003898915214947,0.8499610108478506,1.0
z-ai/glm-5.2,z-ai/glm-5.2-20260616,off,prose.containment-jitter-v1,prose,text,5. extra,True,reduce-taught-v1,4,4,0,1008,29,0,0.00031056,9186.809,0.0,0.0,0.4898908364545973,1.0
z-ai/glm-5.2,z-ai/glm-5.2-20260616,off,prose.containment-plain-v1,prose,text,1. easy,False,reduce-infer-v1,4,4,0,594,28,0,0.00012208,5604.1449999999995,0.0,0.0,0.4898908364545973,1.0
z-ai/glm-5.2,z-ai/glm-5.2-20260616,off,prose.containment-plain-v1,prose,text,1. easy,False,reduce-taught-v1,4,4,1,662,27,0,0.00012964,9152.495,0.25,0.04558726080970055,0.6993581574175981,1.0
z-ai/glm-5.2,z-ai/glm-5.2-20260616,off,prose.containment-plain-v1,prose,text,1. easy,True,reduce-infer-v1,3,3,1,433,23,0,0.00009226,9857.478,0.3333333333333333,0.06149194472039621,0.7923403991979522,1.0
z-ai/glm-5.2,z-ai/glm-5.2-20260616,off,prose.containment-plain-v1,prose,text,1. easy,True,reduce-taught-v1,4,4,3,647,27,0,0.00012754,9733.467,0.75,0.30064184258240184,0.9544127391902995,1.0
z-ai/glm-5.2,z-ai/glm-5.2-20260616,off,prose.containment-plain-v1,prose,text,2. medium,False,reduce-infer-v1,4,4,0,684,26,0,0.00022548,3294.7309999999998,0.0,0.0,0.4898908364545973,1.0
z-ai/glm-5.2,z-ai/glm-5.2-20260616,off,prose.containment-plain-v1,prose,text,2. medium,False,reduce-taught-v1,4,4,0,752,26,0,0.00024204,4176.535,0.0,0.0,0.4898908364545973,1.0
z-ai/glm-5.2,z-ai/glm-5.2-20260616,off,prose.containment-plain-v1,prose,text,2. medium,True,reduce-infer-v1,4,4,2,668,28,0,0.00018161,5275.065,0.5,0.15003898915214947,0.8499610108478506,1.0
z-ai/glm-5.2,z-ai/glm-5.2-20260616,off,prose.containment-plain-v1,prose,text,2. medium,True,reduce-taught-v1,4,4,3,736,27,0,0.00019267,5159.956,0.75,0.30064184258240184,0.9544127391902995,1.0
z-ai/glm-5.2,z-ai/glm-5.2-20260616,off,prose.containment-plain-v1,prose,text,3. hard,False,reduce-infer-v1,4,4,1,719,28,0,0.00023868,7538.785000000002,0.25,0.04558726080970055,0.6993581574175981,1.0
z-ai/glm-5.2,z-ai/glm-5.2-20260616,off,prose.containment-plain-v1,prose,text,3. hard,False,reduce-taught-v1,4,4,0,787,28,0,0.00025524,9221.069,0.0,0.0,0.4898908364545973,1.0
z-ai/glm-5.2,z-ai/glm-5.2-20260616,off,prose.containment-plain-v1,prose,text,3. hard,True,reduce-infer-v1,3,3,2,496,21,0,0.00016872,3823.188,0.6666666666666666,0.2076596008020477,0.9385080552796037,1.0
z-ai/glm-5.2,z-ai/glm-5.2-20260616,off,prose.containment-plain-v1,prose,text,3. hard,True,reduce-taught-v1,4,4,3,731,25,0,0.00023472,8437.723,0.75,0.30064184258240184,0.9544127391902995,1.0
z-ai/glm-5.2,z-ai/glm-5.2-20260616,off,prose.containment-plain-v1,prose,text,4. lunatic,False,reduce-infer-v1,4,4,0,728,27,0,0.00023856,9319.589000000002,0.0,0.0,0.4898908364545973,1.0
z-ai/glm-5.2,z-ai/glm-5.2-20260616,off,prose.containment-plain-v1,prose,text,4. lunatic,False,reduce-taught-v1,4,4,0,796,26,0,0.00025212,8544.089,0.0,0.0,0.4898908364545973,1.0
z-ai/glm-5.2,z-ai/glm-5.2-20260616,off,prose.containment-plain-v1,prose,text,4. lunatic,True,reduce-infer-v1,4,4,3,714,27,0,0.00023508,9153.901,0.75,0.30064184258240184,0.9544127391902995,1.0
z-ai/glm-5.2,z-ai/glm-5.2-20260616,off,prose.containment-plain-v1,prose,text,4. lunatic,True,reduce-taught-v1,4,4,4,782,26,0,0.00024864,10845.983999999999,1.0,0.5101091635454027,1.0,1.0
z-ai/glm-5.2,z-ai/glm-5.2-20260616,off,prose.containment-plain-v1,prose,text,5. extra,False,reduce-infer-v1,4,4,0,958,24,0,0.00028656,7907.9130000000005,0.0,0.0,0.4898908364545973,1.0
z-ai/glm-5.2,z-ai/glm-5.2-20260616,off,prose.containment-plain-v1,prose,text,5. extra,False,reduce-taught-v1,4,4,1,1026,25,0,0.00030492,9431.886999999999,0.25,0.04558726080970055,0.6993581574175981,1.0
z-ai/glm-5.2,z-ai/glm-5.2-20260616,off,prose.containment-plain-v1,prose,text,5. extra,True,reduce-infer-v1,4,4,3,940,26,0,0.00028680,16789.537,0.75,0.30064184258240184,0.9544127391902995,1.0
z-ai/glm-5.2,z-ai/glm-5.2-20260616,off,prose.containment-plain-v1,prose,text,5. extra,True,reduce-taught-v1,4,4,2,1008,26,0,0.00030336,7487.428,0.5,0.15003898915214947,0.8499610108478506,1.0
z-ai/glm-5.2,z-ai/glm-5.2-20260616,off,trees.indent-jitter-v1,trees,text,1. easy,False,reduce-infer-v1,4,4,0,560,27,0,0.0001162,9061.766,0.0,0.0,0.4898908364545973,1.0
z-ai/glm-5.2,z-ai/glm-5.2-20260616,off,trees.indent-jitter-v1,trees,text,1. easy,False,reduce-taught-v1,4,4,1,628,26,0,0.00012306,8399.238,0.25,0.04558726080970055,0.6993581574175981,1.0
z-ai/glm-5.2,z-ai/glm-5.2-20260616,off,trees.indent-jitter-v1,trees,text,1. easy,True,reduce-infer-v1,4,4,3,569,27,0,0.00011718,58643.739,0.75,0.30064184258240184,0.9544127391902995,1.0
z-ai/glm-5.2,z-ai/glm-5.2-20260616,off,trees.indent-jitter-v1,trees,text,1. easy,True,reduce-taught-v1,4,4,4,637,26,0,0.00012509,13932.881,1.0,0.5101091635454027,1.0,1.0
z-ai/glm-5.2,z-ai/glm-5.2-20260616,off,trees.indent-jitter-v1,trees,text,2. medium,False,reduce-infer-v1,4,4,0,698,25,0,0.00022716,4953.758,0.0,0.0,0.4898908364545973,1.0
z-ai/glm-5.2,z-ai/glm-5.2-20260616,off,trees.indent-jitter-v1,trees,text,2. medium,False,reduce-taught-v1,4,4,1,766,26,0,0.00024492,6640.969000000001,0.25,0.04558726080970055,0.6993581574175981,1.0
z-ai/glm-5.2,z-ai/glm-5.2-20260616,off,trees.indent-jitter-v1,trees,text,2. medium,True,reduce-infer-v1,4,4,4,644,26,0,0.00019488,11006.249,1.0,0.5101091635454027,1.0,1.0
z-ai/glm-5.2,z-ai/glm-5.2-20260616,off,trees.indent-jitter-v1,trees,text,2. medium,True,reduce-taught-v1,4,4,3,712,27,0,0.00018594,6043.968999999999,0.75,0.30064184258240184,0.9544127391902995,1.0
z-ai/glm-5.2,z-ai/glm-5.2-20260616,off,trees.indent-jitter-v1,trees,text,3. hard,False,reduce-infer-v1,4,4,2,811,26,0,0.00025632,9682.045,0.5,0.15003898915214947,0.8499610108478506,1.0
z-ai/glm-5.2,z-ai/glm-5.2-20260616,off,trees.indent-jitter-v1,trees,text,3. hard,False,reduce-taught-v1,4,4,1,879,27,0,0.00027468,6936.115999999999,0.25,0.04558726080970055,0.6993581574175981,1.0
z-ai/glm-5.2,z-ai/glm-5.2-20260616,off,trees.indent-jitter-v1,trees,text,3. hard,True,reduce-infer-v1,4,4,4,813,25,0,0.00025416,12983.848,1.0,0.5101091635454027,1.0,1.0
z-ai/glm-5.2,z-ai/glm-5.2-20260616,off,trees.indent-jitter-v1,trees,text,3. hard,True,reduce-taught-v1,4,4,3,881,25,0,0.00027072,5903.353999999999,0.75,0.30064184258240184,0.9544127391902995,1.0
z-ai/glm-5.2,z-ai/glm-5.2-20260616,off,trees.indent-jitter-v1,trees,text,4. lunatic,False,reduce-infer-v1,4,4,3,920,29,0,0.00028980,10183.601999999999,0.75,0.30064184258240184,0.9544127391902995,1.0
z-ai/glm-5.2,z-ai/glm-5.2-20260616,off,trees.indent-jitter-v1,trees,text,4. lunatic,False,reduce-taught-v1,4,4,2,988,27,0,0.00030096,9157.635,0.5,0.15003898915214947,0.8499610108478506,1.0
z-ai/glm-5.2,z-ai/glm-5.2-20260616,off,trees.indent-jitter-v1,trees,text,4. lunatic,True,reduce-infer-v1,4,4,3,943,25,0,0.00028536,10100.292000000001,0.75,0.30064184258240184,0.9544127391902995,1.0
z-ai/glm-5.2,z-ai/glm-5.2-20260616,off,trees.indent-jitter-v1,trees,text,4. lunatic,True,reduce-taught-v1,4,4,3,1011,25,0,0.00030192,7535.887,0.75,0.30064184258240184,0.9544127391902995,1.0
z-ai/glm-5.2,z-ai/glm-5.2-20260616,off,trees.indent-jitter-v1,trees,text,5. extra,False,reduce-infer-v1,4,4,2,927,26,0,0.00028344,6359.07,0.5,0.15003898915214947,0.8499610108478506,1.0
z-ai/glm-5.2,z-ai/glm-5.2-20260616,off,trees.indent-jitter-v1,trees,text,5. extra,False,reduce-taught-v1,4,4,1,995,26,0,0.00030060,6564.355,0.25,0.04558726080970055,0.6993581574175981,1.0
z-ai/glm-5.2,z-ai/glm-5.2-20260616,off,trees.indent-jitter-v1,trees,text,5. extra,True,reduce-infer-v1,4,4,3,945,26,0,0.00028860,8135.076999999999,0.75,0.30064184258240184,0.9544127391902995,1.0
z-ai/glm-5.2,z-ai/glm-5.2-20260616,off,trees.indent-jitter-v1,trees,text,5. extra,True,reduce-taught-v1,4,4,3,1013,25,0,0.00030216,7573.661999999999,0.75,0.30064184258240184,0.9544127391902995,1.0
z-ai/glm-5.2,z-ai/glm-5.2-20260616,off,trees.indent-plain-v1,trees,text,1. easy,False,reduce-infer-v1,4,4,0,557,26,0,0.00011424,3615.6229999999996,0.0,0.0,0.4898908364545973,1.0
z-ai/glm-5.2,z-ai/glm-5.2-20260616,off,trees.indent-plain-v1,trees,text,1. easy,False,reduce-taught-v1,4,4,0,625,27,0,0.00012460,5091.005999999999,0.0,0.0,0.4898908364545973,1.0
z-ai/glm-5.2,z-ai/glm-5.2-20260616,off,trees.indent-plain-v1,trees,text,1. easy,True,reduce-infer-v1,4,4,4,558,26,0,0.00011431,14116.728000000001,1.0,0.5101091635454027,1.0,1.0
z-ai/glm-5.2,z-ai/glm-5.2-20260616,off,trees.indent-plain-v1,trees,text,1. easy,True,reduce-taught-v1,4,4,4,626,28,0,0.00012607,11733.903,1.0,0.5101091635454027,1.0,1.0
z-ai/glm-5.2,z-ai/glm-5.2-20260616,off,trees.indent-plain-v1,trees,text,2. medium,False,reduce-infer-v1,4,4,1,662,25,0,0.00021804,4309.699,0.25,0.04558726080970055,0.6993581574175981,1.0
z-ai/glm-5.2,z-ai/glm-5.2-20260616,off,trees.indent-plain-v1,trees,text,2. medium,False,reduce-taught-v1,4,4,1,730,26,0,0.00023580,7182.226000000001,0.25,0.04558726080970055,0.6993581574175981,1.0
z-ai/glm-5.2,z-ai/glm-5.2-20260616,off,trees.indent-plain-v1,trees,text,2. medium,True,reduce-infer-v1,4,4,4,643,26,0,0.00017306,4560.465,1.0,0.5101091635454027,1.0,1.0
z-ai/glm-5.2,z-ai/glm-5.2-20260616,off,trees.indent-plain-v1,trees,text,2. medium,True,reduce-taught-v1,4,4,4,711,26,0,0.00018457,8050.442,1.0,0.5101091635454027,1.0,1.0
z-ai/glm-5.2,z-ai/glm-5.2-20260616,off,trees.indent-plain-v1,trees,text,3. hard,False,reduce-infer-v1,4,4,0,768,26,0,0.00024576,11356.438999999998,0.0,0.0,0.4898908364545973,1.0
z-ai/glm-5.2,z-ai/glm-5.2-20260616,off,trees.indent-plain-v1,trees,text,3. hard,False,reduce-taught-v1,4,4,0,836,26,0,0.00026112,11184.332,0.0,0.0,0.4898908364545973,1.0
z-ai/glm-5.2,z-ai/glm-5.2-20260616,off,trees.indent-plain-v1,trees,text,3. hard,True,reduce-infer-v1,4,4,4,768,26,0,0.00024576,7743.0470000000005,1.0,0.5101091635454027,1.0,1.0
z-ai/glm-5.2,z-ai/glm-5.2-20260616,off,trees.indent-plain-v1,trees,text,3. hard,True,reduce-taught-v1,4,4,3,836,28,0,0.00026592,8023.088,0.75,0.30064184258240184,0.9544127391902995,1.0
z-ai/glm-5.2,z-ai/glm-5.2-20260616,off,trees.indent-plain-v1,trees,text,4. lunatic,False,reduce-infer-v1,4,4,0,828,26,0,0.00026016,11317.823,0.0,0.0,0.4898908364545973,1.0
z-ai/glm-5.2,z-ai/glm-5.2-20260616,off,trees.indent-plain-v1,trees,text,4. lunatic,False,reduce-taught-v1,4,4,0,896,24,0,0.00027072,16893.981,0.0,0.0,0.4898908364545973,1.0
z-ai/glm-5.2,z-ai/glm-5.2-20260616,off,trees.indent-plain-v1,trees,text,4. lunatic,True,reduce-infer-v1,4,4,4,828,25,0,0.00025776,7020.91,1.0,0.5101091635454027,1.0,1.0
z-ai/glm-5.2,z-ai/glm-5.2-20260616,off,trees.indent-plain-v1,trees,text,4. lunatic,True,reduce-taught-v1,4,4,4,896,24,0,0.00027072,9317.161,1.0,0.5101091635454027,1.0,1.0
z-ai/glm-5.2,z-ai/glm-5.2-20260616,off,trees.indent-plain-v1,trees,text,5. extra,False,reduce-infer-v1,4,4,0,888,25,0,0.00027216,11386.269,0.0,0.0,0.4898908364545973,1.0
z-ai/glm-5.2,z-ai/glm-5.2-20260616,off,trees.indent-plain-v1,trees,text,5. extra,False,reduce-taught-v1,4,4,0,956,24,0,0.00028512,7825.977000000001,0.0,0.0,0.4898908364545973,1.0
z-ai/glm-5.2,z-ai/glm-5.2-20260616,off,trees.indent-plain-v1,trees,text,5. extra,True,reduce-infer-v1,4,4,4,885,25,0,0.00027180,7852.440999999999,1.0,0.5101091635454027,1.0,1.0
z-ai/glm-5.2,z-ai/glm-5.2-20260616,off,trees.indent-plain-v1,trees,text,5. extra,True,reduce-taught-v1,4,4,4,953,25,0,0.00028716,9425.698,1.0,0.5101091635454027,1.0,1.0
